alpha_id,platform,pattern,content,source,generated_at
ALPHA_HN_47396496,twitter,thread_hook,"Show HN: Browser grand strategy game for hundreds of players on huge maps. Hi HN, I&#x27;ve been building a browser-based multiplayer strategy game called Borderhold. Matches run on large maps designed for hundreds of players. Players expand territor

here's what nobody tells ...",HackerNews (top),2026-05-15T19:24:23.758992
ALPHA_HN_47396496,linkedin,linkedin_insight,"Something I wish I knew earlier:

Show HN: Browser grand strategy game for hundreds of players on huge maps. Hi HN, I&#x27;ve been building a browser-based multiplayer strategy game called Borderhold. Matches run on large maps designed for hundreds of players. Players expand territor

The people winning right now figured this out 6 months ago.

What would you add?",HackerNews (top),2026-05-15T19:24:23.759017
ALPHA_HN_47396496,instagram,ig_carousel_title,"SLIDE 1: Show HN: Browser grand strategy game for hundreds

SLIDE 2-4: Show HN: Browser grand strategy game for hundreds of players on huge maps. Hi HN, I&#x27;ve been building a browser-based multiplayer strategy game called Borderhold. Matches run on large maps designed for hundreds of players. Players expand territor

SLIDE 5: Follow @PRINTMAXXER for more

Show HN: Browser grand strategy game for hundreds #buildinpublic #indiehacker #solopreneur",HackerNews (top),2026-05-15T19:24:23.759022
ALPHA_HN_47434567,twitter,hot_take,"hot take: Mozilla to launch free built-in VPN in upcoming Firefox 149

most people won't agree but it's true.",HackerNews (top),2026-05-15T19:24:23.759040
ALPHA_HN_47434567,twitter,contrarian,"unpopular opinion:

Mozilla to launch free built-in VPN in upcoming Firefox 149

change my mind.",HackerNews (top),2026-05-15T19:24:23.759042
ALPHA_HN_47434567,linkedin,linkedin_insight,"Something I wish I knew earlier:

Mozilla to launch free built-in VPN in upcoming Firefox 149

The people winning right now figured this out 6 months ago.

What would you add?",HackerNews (top),2026-05-15T19:24:23.759044
ALPHA_HN_47431994,twitter,thread_hook,"FastAPI-compatible Python framework with Zig HTTP core; 7x faster

here's what nobody tells you about this:

(thread)",HackerNews (top),2026-05-15T19:24:23.759052
ALPHA_HN_47431994,linkedin,linkedin_insight,"Something I wish I knew earlier:

FastAPI-compatible Python framework with Zig HTTP core; 7x faster

The people winning right now figured this out 6 months ago.

What would you add?",HackerNews (top),2026-05-15T19:24:23.759054
ALPHA_HN_47431994,instagram,ig_carousel_title,"SLIDE 1: FastAPI-compatible Python framework with Zig HTTP core; 7x

SLIDE 2-4: FastAPI-compatible Python framework with Zig HTTP core; 7x faster

SLIDE 5: Follow @PRINTMAXXER for more

FastAPI-compatible Python framework with Zig HTTP core; 7x #buildinpublic #indiehacker #solopreneur",HackerNews (top),2026-05-15T19:24:23.759056
ALPHA_HN_47434047,twitter,hot_take,"hot take: A sufficiently detailed spec is code

most people won't agree but it's true.",HackerNews (top),2026-05-15T19:24:23.759060
ALPHA_HN_47434047,twitter,contrarian,"unpopular opinion:

A sufficiently detailed spec is code

change my mind.",HackerNews (top),2026-05-15T19:24:23.759062
ALPHA_HN_47434047,linkedin,linkedin_insight,"Something I wish I knew earlier:

A sufficiently detailed spec is code

The people winning right now figured this out 6 months ago.

What would you add?",HackerNews (top),2026-05-15T19:24:23.759063
ALPHA_HN_47434618,twitter,thread_hook,"Show HN: Jninty – Track seeds, plants, and harvests across seasons (open source)

here's what nobody tells you about this:

(thread)",HackerNews (showhn),2026-05-15T19:24:23.759076
ALPHA_HN_47434618,linkedin,linkedin_insight,"Something I wish I knew earlier:

Show HN: Jninty – Track seeds, plants, and harvests across seasons (open source)

The people winning right now figured this out 6 months ago.

What would you add?",HackerNews (showhn),2026-05-15T19:24:23.759077
ALPHA_HN_47434618,instagram,ig_carousel_title,"SLIDE 1: Show HN: Jninty – Track seeds, plants, and

SLIDE 2-4: Show HN: Jninty – Track seeds, plants, and harvests across seasons (open source)

SLIDE 5: Follow @PRINTMAXXER for more

Show HN: Jninty – Track seeds, plants, and #buildinpublic #indiehacker #solopreneur",HackerNews (showhn),2026-05-15T19:24:23.759080
ALPHA_HN_47431809,twitter,hot_take,"hot take: Next.js 16.2

most people won't agree but it's true.",HackerNews (top),2026-05-15T19:24:23.759083
ALPHA_HN_47431809,twitter,contrarian,"unpopular opinion:

Next.js 16.2

change my mind.",HackerNews (top),2026-05-15T19:24:23.759085
ALPHA_HN_47431809,linkedin,linkedin_insight,"Something I wish I knew earlier:

Next.js 16.2

The people winning right now figured this out 6 months ago.

What would you add?",HackerNews (top),2026-05-15T19:24:23.759086
ALPHA365,twitter,hot_take,"hot take: PRODUCT_LAUNCH

most people won't agree but it's true.",r/SideProject,2026-05-15T19:24:23.759089
ALPHA365,twitter,contrarian,"unpopular opinion:

PRODUCT_LAUNCH

change my mind.",r/SideProject,2026-05-15T19:24:23.759091
ALPHA365,linkedin,linkedin_insight,"Something I wish I knew earlier:

PRODUCT_LAUNCH

The people winning right now figured this out 6 months ago.

What would you add?",r/SideProject,2026-05-15T19:24:23.759092
ALPHA366,twitter,hot_take,"hot take: PRODUCT_LAUNCH

most people won't agree but it's true.",r/SideProject,2026-05-15T19:24:23.759095
ALPHA366,twitter,contrarian,"unpopular opinion:

PRODUCT_LAUNCH

change my mind.",r/SideProject,2026-05-15T19:24:23.759096
ALPHA366,linkedin,linkedin_insight,"Something I wish I knew earlier:

PRODUCT_LAUNCH

The people winning right now figured this out 6 months ago.

What would you add?",r/SideProject,2026-05-15T19:24:23.759098
ALPHA371,twitter,hot_take,"hot take: JOURNEY_CASE_STUDIES

most people won't agree but it's true.",r/EntrepreneurRideAlong,2026-05-15T19:24:23.759100
ALPHA371,twitter,contrarian,"unpopular opinion:

JOURNEY_CASE_STUDIES

change my mind.",r/EntrepreneurRideAlong,2026-05-15T19:24:23.759102
ALPHA371,linkedin,linkedin_insight,"Something I wish I knew earlier:

JOURNEY_CASE_STUDIES

The people winning right now figured this out 6 months ago.

What would you add?",r/EntrepreneurRideAlong,2026-05-15T19:24:23.759103
ALPHA372,twitter,hot_take,"hot take: JOURNEY_CASE_STUDIES

most people won't agree but it's true.",r/EntrepreneurRideAlong,2026-05-15T19:24:23.759106
ALPHA372,twitter,contrarian,"unpopular opinion:

JOURNEY_CASE_STUDIES

change my mind.",r/EntrepreneurRideAlong,2026-05-15T19:24:23.759107
ALPHA372,linkedin,linkedin_insight,"Something I wish I knew earlier:

JOURNEY_CASE_STUDIES

The people winning right now figured this out 6 months ago.

What would you add?",r/EntrepreneurRideAlong,2026-05-15T19:24:23.759108
