synergy_id,method_1,method_2,synergy_score,synergy_type,revenue_multiplier,implementation_notes,example_stack,priority
SYN001,MM001,AI005,95,Build app + influencer promo + info product + clipper network,2.5,"Stack: App for lead capture, influencer for traffic, course for monetization",,HIGH
SYN002,MM001,CF007,95,Build app + influencer promo + info product + clipper network,2.5,"Stack: App for lead capture, influencer for traffic, course for monetization",,HIGH
SYN003,MM001,MM002,95,Build app + influencer promo + info product + clipper network,2.5,"Stack: App for lead capture, influencer for traffic, course for monetization",,HIGH
SYN004,MM001,MM009,95,Build app + influencer promo + info product + clipper network,2.5,"Stack: App for lead capture, influencer for traffic, course for monetization",,HIGH
SYN005,MM001,MM017,95,Build app + influencer promo + info product + clipper network,2.5,"Stack: App for lead capture, influencer for traffic, course for monetization",,HIGH
SYN006,MM001,MM019,95,Build app + influencer promo + info product + clipper network,2.5,"Stack: App for lead capture, influencer for traffic, course for monetization",,HIGH
SYN007,MM002,AI001,90,Expert persona + content + outbound + newsletter,2.2,"Stack: Niche expert account builds authority, sells courses",,HIGH
SYN008,MM002,MM006,90,Expert persona + content + outbound + newsletter,2.2,"Stack: Niche expert account builds authority, sells courses",,HIGH
SYN009,MM002,MM007,90,Expert persona + content + outbound + newsletter,2.2,"Stack: Niche expert account builds authority, sells courses",,HIGH
SYN010,MM002,MM015,90,Expert persona + content + outbound + newsletter,2.2,"Stack: Niche expert account builds authority, sells courses",,HIGH
SYN011,MM002,MM030,90,Expert persona + content + outbound + newsletter,2.2,"Stack: Niche expert account builds authority, sells courses",,HIGH
SYN012,MM003,CF008,85,Finance/tech content + SEO + products + newsletter + Pinterest,2.0,"Stack: SEO content drives affiliate, course converts warmest leads",,MEDIUM
SYN013,MM003,CF009,85,Finance/tech content + SEO + products + newsletter + Pinterest,2.0,"Stack: SEO content drives affiliate, course converts warmest leads",,MEDIUM
SYN014,MM003,MM002,85,Finance/tech content + SEO + products + newsletter + Pinterest,2.0,"Stack: SEO content drives affiliate, course converts warmest leads",,MEDIUM
SYN015,MM003,MM015,85,Finance/tech content + SEO + products + newsletter + Pinterest,2.0,"Stack: SEO content drives affiliate, course converts warmest leads",,MEDIUM
SYN016,MM003,MM038,85,Finance/tech content + SEO + products + newsletter + Pinterest,2.0,"Stack: SEO content drives affiliate, course converts warmest leads",,MEDIUM
SYN017,MM004,MM007,80,Cold outbound + expert positioning + tech content + AI wrappers,1.8,"Stack: Expert content builds trust, outbound closes deals",,MEDIUM
SYN018,MM004,AI001,80,Cold outbound + expert positioning + tech content + AI wrappers,1.8,"Stack: Expert content builds trust, outbound closes deals",,MEDIUM
SYN019,MM004,CF009,80,Cold outbound + expert positioning + tech content + AI wrappers,1.8,"Stack: Expert content builds trust, outbound closes deals",,MEDIUM
SYN020,MM004,MM027,80,Cold outbound + expert positioning + tech content + AI wrappers,1.8,"Stack: Expert content builds trust, outbound closes deals",,MEDIUM
SYN021,MM004,MM028,80,Cold outbound + expert positioning + tech content + AI wrappers,1.8,"Stack: Expert content builds trust, outbound closes deals",,MEDIUM
SYN022,MM005,AI001,85,Expert account + UGC sourcing + outbound + local lead gen + white label,2.0,"Stack: Niche expert shows portfolio, outbound generates leads",,MEDIUM
SYN023,MM005,MM008,85,Expert account + UGC sourcing + outbound + local lead gen + white label,2.0,"Stack: Niche expert shows portfolio, outbound generates leads",,MEDIUM
SYN024,MM005,MM007,85,Expert account + UGC sourcing + outbound + local lead gen + white label,2.0,"Stack: Niche expert shows portfolio, outbound generates leads",,MEDIUM
SYN025,MM005,MM029,85,Expert account + UGC sourcing + outbound + local lead gen + white label,2.0,"Stack: Niche expert shows portfolio, outbound generates leads",,MEDIUM
SYN026,MM005,MM033,85,Expert account + UGC sourcing + outbound + local lead gen + white label,2.0,"Stack: Niche expert shows portfolio, outbound generates leads",,MEDIUM
SYN027,MM006,CF001-CF013,95,All content sub-methods + AI personas + YouTube,2.3,Stack: Content accounts drive traffic to monetization methods,,HIGH
SYN028,MM006,MM009,95,All content sub-methods + AI personas + YouTube,2.3,Stack: Content accounts drive traffic to monetization methods,,HIGH
SYN029,MM006,MM014,95,All content sub-methods + AI personas + YouTube,2.3,Stack: Content accounts drive traffic to monetization methods,,HIGH
SYN030,MM006,MM035,95,All content sub-methods + AI personas + YouTube,2.3,Stack: Content accounts drive traffic to monetization methods,,HIGH
SYN031,MM006,MM039,95,All content sub-methods + AI personas + YouTube,2.3,Stack: Content accounts drive traffic to monetization methods,,HIGH
SYN032,MM007,MM004,90,SaaS/agency sales + expert positioning + newsletter + local lead gen,2.1,"Stack: Expert account warms leads, outbound converts",,HIGH
SYN033,MM007,MM005,90,SaaS/agency sales + expert positioning + newsletter + local lead gen,2.1,"Stack: Expert account warms leads, outbound converts",,HIGH
SYN034,MM007,AI001,90,SaaS/agency sales + expert positioning + newsletter + local lead gen,2.1,"Stack: Expert account warms leads, outbound converts",,HIGH
SYN035,MM007,MM015,90,SaaS/agency sales + expert positioning + newsletter + local lead gen,2.1,"Stack: Expert account warms leads, outbound converts",,HIGH
SYN036,MM007,MM029,90,SaaS/agency sales + expert positioning + newsletter + local lead gen,2.1,"Stack: Expert account warms leads, outbound converts",,HIGH
SYN037,MM008,MM005,80,Agency fulfillment + lifestyle content + TikTok Shop + POD,1.7,Stack: Cheap UGC sourcing supplies agency work,,MEDIUM
SYN038,MM008,AI006,80,Agency fulfillment + lifestyle content + TikTok Shop + POD,1.7,Stack: Cheap UGC sourcing supplies agency work,,MEDIUM
SYN039,MM008,CF005,80,Agency fulfillment + lifestyle content + TikTok Shop + POD,1.7,Stack: Cheap UGC sourcing supplies agency work,,MEDIUM
SYN040,MM008,MM016,80,Agency fulfillment + lifestyle content + TikTok Shop + POD,1.7,Stack: Cheap UGC sourcing supplies agency work,,MEDIUM
SYN041,MM008,MM024,80,Agency fulfillment + lifestyle content + TikTok Shop + POD,1.7,Stack: Cheap UGC sourcing supplies agency work,,MEDIUM
SYN042,MM009,AI001-AI008,95,All AI personas + content + info products + TikTok Shop + X monetization,2.5,"Stack: AI persona builds audience, monetizes via products",,HIGH
SYN043,MM009,MM006,95,All AI personas + content + info products + TikTok Shop + X monetization,2.5,"Stack: AI persona builds audience, monetizes via products",,HIGH
SYN044,MM009,MM002,95,All AI personas + content + info products + TikTok Shop + X monetization,2.5,"Stack: AI persona builds audience, monetizes via products",,HIGH
SYN045,MM009,MM016,95,All AI personas + content + info products + TikTok Shop + X monetization,2.5,"Stack: AI persona builds audience, monetizes via products",,HIGH
SYN046,MM009,MM040,95,All AI personas + content + info products + TikTok Shop + X monetization,2.5,"Stack: AI persona builds audience, monetizes via products",,HIGH
SYN047,MM010,CF006,90,Clip channels + meme accounts + content + TikTok creativity + Shorts,2.2,"Stack: Clips drive views, memes expand reach",,HIGH
SYN048,MM010,CF004,90,Clip channels + meme accounts + content + TikTok creativity + Shorts,2.2,"Stack: Clips drive views, memes expand reach",,HIGH
SYN049,MM010,MM006,90,Clip channels + meme accounts + content + TikTok creativity + Shorts,2.2,"Stack: Clips drive views, memes expand reach",,HIGH
SYN050,MM010,MM037,90,Clip channels + meme accounts + content + TikTok creativity + Shorts,2.2,"Stack: Clips drive views, memes expand reach",,HIGH
SYN051,MM010,CF013,90,Clip channels + meme accounts + content + TikTok creativity + Shorts,2.2,"Stack: Clips drive views, memes expand reach",,HIGH
SYN052,MM011,CF004,70,Meme content + gaming personas + courses + swarm promo,1.5,"Stack: Gaming content promotes games, courses teach dev",,MEDIUM
SYN053,MM011,AI007,70,Meme content + gaming personas + courses + swarm promo,1.5,"Stack: Gaming content promotes games, courses teach dev",,MEDIUM
SYN054,MM011,MM002,70,Meme content + gaming personas + courses + swarm promo,1.5,"Stack: Gaming content promotes games, courses teach dev",,MEDIUM
SYN055,MM011,SWARM001,70,Meme content + gaming personas + courses + swarm promo,1.5,"Stack: Gaming content promotes games, courses teach dev",,MEDIUM
SYN056,CF001,CF002,95,Sleep content + ASMR + sleep apps + YouTube Shorts,2.2,Stack: Relax content -> ASMR crossover -> app affiliate,,HIGH
SYN057,CF001,AI004,95,Sleep content + ASMR + sleep apps + YouTube Shorts,2.2,Stack: Relax content -> ASMR crossover -> app affiliate,,HIGH
SYN058,CF001,MM001,95,Sleep content + ASMR + sleep apps + YouTube Shorts,2.2,Stack: Relax content -> ASMR crossover -> app affiliate,,HIGH
SYN059,CF001,CF013,95,Sleep content + ASMR + sleep apps + YouTube Shorts,2.2,Stack: Relax content -> ASMR crossover -> app affiliate,,HIGH
SYN060,CF002,CF001,95,Relax content + ASMR + productivity apps + Shorts,2.2,Stack: Sleep content -> app affiliate -> supplement affiliate,,HIGH
SYN061,CF002,AI004,95,Relax content + ASMR + productivity apps + Shorts,2.2,Stack: Sleep content -> app affiliate -> supplement affiliate,,HIGH
SYN062,CF002,MM001,95,Relax content + ASMR + productivity apps + Shorts,2.2,Stack: Sleep content -> app affiliate -> supplement affiliate,,HIGH
SYN063,CF002,CF013,95,Relax content + ASMR + productivity apps + Shorts,2.2,Stack: Sleep content -> app affiliate -> supplement affiliate,,HIGH
SYN064,CF003,CF008,85,Finance/tech news + affiliate sites + newsletter + crypto,2.0,"Stack: Breaking news builds following, newsletter monetizes",,MEDIUM
SYN065,CF003,CF009,85,Finance/tech news + affiliate sites + newsletter + crypto,2.0,"Stack: Breaking news builds following, newsletter monetizes",,MEDIUM
SYN066,CF003,MM003,85,Finance/tech news + affiliate sites + newsletter + crypto,2.0,"Stack: Breaking news builds following, newsletter monetizes",,MEDIUM
SYN067,CF003,MM015,85,Finance/tech news + affiliate sites + newsletter + crypto,2.0,"Stack: Breaking news builds following, newsletter monetizes",,MEDIUM
SYN068,CF003,CF011,85,Finance/tech news + affiliate sites + newsletter + crypto,2.0,"Stack: Breaking news builds following, newsletter monetizes",,MEDIUM
SYN069,CF004,CF006,80,Clips + sports + streamer content + swarm + Shorts,1.8,"Stack: Memes drive engagement, cross-promote other content",,MEDIUM
SYN070,CF004,CF010,80,Clips + sports + streamer content + swarm + Shorts,1.8,"Stack: Memes drive engagement, cross-promote other content",,MEDIUM
SYN071,CF004,MM010,80,Clips + sports + streamer content + swarm + Shorts,1.8,"Stack: Memes drive engagement, cross-promote other content",,MEDIUM
SYN072,CF004,SWARM001,80,Clips + sports + streamer content + swarm + Shorts,1.8,"Stack: Memes drive engagement, cross-promote other content",,MEDIUM
SYN073,CF004,CF013,80,Clips + sports + streamer content + swarm + Shorts,1.8,"Stack: Memes drive engagement, cross-promote other content",,MEDIUM
SYN074,CF005,AI006,75,Lifestyle personas + UGC + motivation + TikTok Shop,1.6,Stack: Fan page audience sells to other accounts,,MEDIUM
SYN075,CF005,MM008,75,Lifestyle personas + UGC + motivation + TikTok Shop,1.6,Stack: Fan page audience sells to other accounts,,MEDIUM
SYN076,CF005,CF007,75,Lifestyle personas + UGC + motivation + TikTok Shop,1.6,Stack: Fan page audience sells to other accounts,,MEDIUM
SYN077,CF005,MM016,75,Lifestyle personas + UGC + motivation + TikTok Shop,1.6,Stack: Fan page audience sells to other accounts,,MEDIUM
SYN078,CF006,MM010,90,Streamer clips + memes + gaming personas + Shorts + TikTok creativity,2.3,"Stack: Clips feed meme accounts, gaming personas",,HIGH
SYN079,CF006,CF004,90,Streamer clips + memes + gaming personas + Shorts + TikTok creativity,2.3,"Stack: Clips feed meme accounts, gaming personas",,HIGH
SYN080,CF006,AI007,90,Streamer clips + memes + gaming personas + Shorts + TikTok creativity,2.3,"Stack: Clips feed meme accounts, gaming personas",,HIGH
SYN081,CF006,CF013,90,Streamer clips + memes + gaming personas + Shorts + TikTok creativity,2.3,"Stack: Clips feed meme accounts, gaming personas",,HIGH
SYN082,CF006,MM037,90,Streamer clips + memes + gaming personas + Shorts + TikTok creativity,2.3,"Stack: Clips feed meme accounts, gaming personas",,HIGH
SYN083,CF007,AI001,90,Niche experts + courses + finance content + newsletter,2.1,Stack: Motivation content -> expert account -> course sale,,HIGH
SYN084,CF007,MM002,90,Niche experts + courses + finance content + newsletter,2.1,Stack: Motivation content -> expert account -> course sale,,HIGH
SYN085,CF007,CF008,90,Niche experts + courses + finance content + newsletter,2.1,Stack: Motivation content -> expert account -> course sale,,HIGH
SYN086,CF007,MM015,90,Niche experts + courses + finance content + newsletter,2.1,Stack: Motivation content -> expert account -> course sale,,HIGH
SYN087,CF008,MM003,85,Affiliate sites + news + finance expert + algo trading + crypto + stocks + newsletter,2.2,Stack: Finance content -> newsletter -> course/affiliate,,MEDIUM
SYN088,CF008,CF003,85,Affiliate sites + news + finance expert + algo trading + crypto + stocks + newsletter,2.2,Stack: Finance content -> newsletter -> course/affiliate,,MEDIUM
SYN089,CF008,AI001,85,Affiliate sites + news + finance expert + algo trading + crypto + stocks + newsletter,2.2,Stack: Finance content -> newsletter -> course/affiliate,,MEDIUM
SYN090,CF008,MM012,85,Affiliate sites + news + finance expert + algo trading + crypto + stocks + newsletter,2.2,Stack: Finance content -> newsletter -> course/affiliate,,MEDIUM
SYN091,CF008,CF011,85,Affiliate sites + news + finance expert + algo trading + crypto + stocks + newsletter,2.2,Stack: Finance content -> newsletter -> course/affiliate,,MEDIUM
SYN092,CF008,CF012,85,Affiliate sites + news + finance expert + algo trading + crypto + stocks + newsletter,2.2,Stack: Finance content -> newsletter -> course/affiliate,,MEDIUM
SYN093,CF008,MM015,85,Affiliate sites + news + finance expert + algo trading + crypto + stocks + newsletter,2.2,Stack: Finance content -> newsletter -> course/affiliate,,MEDIUM
SYN094,CF009,MM003,85,Affiliate + SaaS promo + tech expert + AI wrappers + micro-SaaS,2.0,"Stack: Tech content drives SaaS trials, course sales",,MEDIUM
SYN095,CF009,MM004,85,Affiliate + SaaS promo + tech expert + AI wrappers + micro-SaaS,2.0,"Stack: Tech content drives SaaS trials, course sales",,MEDIUM
SYN096,CF009,AI001,85,Affiliate + SaaS promo + tech expert + AI wrappers + micro-SaaS,2.0,"Stack: Tech content drives SaaS trials, course sales",,MEDIUM
SYN097,CF009,MM027,85,Affiliate + SaaS promo + tech expert + AI wrappers + micro-SaaS,2.0,"Stack: Tech content drives SaaS trials, course sales",,MEDIUM
SYN098,CF009,MM028,85,Affiliate + SaaS promo + tech expert + AI wrappers + micro-SaaS,2.0,"Stack: Tech content drives SaaS trials, course sales",,MEDIUM
SYN099,CF010,CF004,80,Memes + betting affiliate + sports personas + Shorts,1.9,Stack: Sports clips -> betting affiliate -> merch,,MEDIUM
SYN100,CF010,MM003,80,Memes + betting affiliate + sports personas + Shorts,1.9,Stack: Sports clips -> betting affiliate -> merch,,MEDIUM
SYN101,CF010,AI007,80,Memes + betting affiliate + sports personas + Shorts,1.9,Stack: Sports clips -> betting affiliate -> merch,,MEDIUM
SYN102,CF010,CF013,80,Memes + betting affiliate + sports personas + Shorts,1.9,Stack: Sports clips -> betting affiliate -> merch,,MEDIUM
SYN103,AI001,MM002,95,Courses + agency + outbound + newsletter + X launch,2.6,Stack: Expert persona sells everything else,,HIGH
SYN104,AI001,MM005,95,Courses + agency + outbound + newsletter + X launch,2.6,Stack: Expert persona sells everything else,,HIGH
SYN105,AI001,MM007,95,Courses + agency + outbound + newsletter + X launch,2.6,Stack: Expert persona sells everything else,,HIGH
SYN106,AI001,MM015,95,Courses + agency + outbound + newsletter + X launch,2.6,Stack: Expert persona sells everything else,,HIGH
SYN107,AI001,MM020,95,Courses + agency + outbound + newsletter + X launch,2.6,Stack: Expert persona sells everything else,,HIGH
SYN108,AI002,AI003,60,Adult + courses + lifestyle + paid community,1.4,"Stack: Specialized audience, high-ticket",,MEDIUM
SYN109,AI002,MM002,60,Adult + courses + lifestyle + paid community,1.4,"Stack: Specialized audience, high-ticket",,MEDIUM
SYN110,AI002,AI006,60,Adult + courses + lifestyle + paid community,1.4,"Stack: Specialized audience, high-ticket",,MEDIUM
SYN111,AI002,MM031,60,Adult + courses + lifestyle + paid community,1.4,"Stack: Specialized audience, high-ticket",,MEDIUM
SYN112,AI003,AI002,70,Findom + ASMR + lifestyle + paid community,1.5,Stack: Multiple revenue per subscriber,,MEDIUM
SYN113,AI003,AI004,70,Findom + ASMR + lifestyle + paid community,1.5,Stack: Multiple revenue per subscriber,,MEDIUM
SYN114,AI003,AI006,70,Findom + ASMR + lifestyle + paid community,1.5,Stack: Multiple revenue per subscriber,,MEDIUM
SYN115,AI003,MM031,70,Findom + ASMR + lifestyle + paid community,1.5,Stack: Multiple revenue per subscriber,,MEDIUM
SYN116,AI004,CF001,90,Relax channels + sleep + lifestyle + Shorts + paid community,2.2,"Stack: ASMR feeds relax channels, Patreon monetizes",,HIGH
SYN117,AI004,CF002,90,Relax channels + sleep + lifestyle + Shorts + paid community,2.2,"Stack: ASMR feeds relax channels, Patreon monetizes",,HIGH
SYN118,AI004,AI006,90,Relax channels + sleep + lifestyle + Shorts + paid community,2.2,"Stack: ASMR feeds relax channels, Patreon monetizes",,HIGH
SYN119,AI004,CF013,90,Relax channels + sleep + lifestyle + Shorts + paid community,2.2,"Stack: ASMR feeds relax channels, Patreon monetizes",,HIGH
SYN120,AI004,MM031,90,Relax channels + sleep + lifestyle + Shorts + paid community,2.2,"Stack: ASMR feeds relax channels, Patreon monetizes",,HIGH
SYN121,AI005,MM001,95,Fitness apps + courses + motivation + TikTok Shop + course platform,2.6,Stack: Fitness persona -> app promo -> program sale -> TikTok supplements,,HIGH
SYN122,AI005,MM002,95,Fitness apps + courses + motivation + TikTok Shop + course platform,2.6,Stack: Fitness persona -> app promo -> program sale -> TikTok supplements,,HIGH
SYN123,AI005,CF007,95,Fitness apps + courses + motivation + TikTok Shop + course platform,2.6,Stack: Fitness persona -> app promo -> program sale -> TikTok supplements,,HIGH
SYN124,AI005,MM016,95,Fitness apps + courses + motivation + TikTok Shop + course platform,2.6,Stack: Fitness persona -> app promo -> program sale -> TikTok supplements,,HIGH
SYN125,AI005,MM030,95,Fitness apps + courses + motivation + TikTok Shop + course platform,2.6,Stack: Fitness persona -> app promo -> program sale -> TikTok supplements,,HIGH
SYN126,AI006,MM008,80,UGC + women accounts + ASMR + TikTok Shop + POD,1.9,Stack: Lifestyle content -> brand partnerships -> TikTok Shop,,MEDIUM
SYN127,AI006,CF005,80,UGC + women accounts + ASMR + TikTok Shop + POD,1.9,Stack: Lifestyle content -> brand partnerships -> TikTok Shop,,MEDIUM
SYN128,AI006,AI004,80,UGC + women accounts + ASMR + TikTok Shop + POD,1.9,Stack: Lifestyle content -> brand partnerships -> TikTok Shop,,MEDIUM
SYN129,AI006,MM016,80,UGC + women accounts + ASMR + TikTok Shop + POD,1.9,Stack: Lifestyle content -> brand partnerships -> TikTok Shop,,MEDIUM
SYN130,AI006,MM024,80,UGC + women accounts + ASMR + TikTok Shop + POD,1.9,Stack: Lifestyle content -> brand partnerships -> TikTok Shop,,MEDIUM
SYN131,AI007,MM010,85,Clips + gaming clips + memes + Roblox + swarm,2.1,"Stack: Gaming persona promotes clips, earns sponsorships",,MEDIUM
SYN132,AI007,CF006,85,Clips + gaming clips + memes + Roblox + swarm,2.1,"Stack: Gaming persona promotes clips, earns sponsorships",,MEDIUM
SYN133,AI007,CF004,85,Clips + gaming clips + memes + Roblox + swarm,2.1,"Stack: Gaming persona promotes clips, earns sponsorships",,MEDIUM
SYN134,AI007,MM011,85,Clips + gaming clips + memes + Roblox + swarm,2.1,"Stack: Gaming persona promotes clips, earns sponsorships",,MEDIUM
SYN135,AI007,SWARM001,85,Clips + gaming clips + memes + Roblox + swarm,2.1,"Stack: Gaming persona promotes clips, earns sponsorships",,MEDIUM
SYN136,AI008,MM002,90,Courses + motivation + expert + course platform + community,2.3,Stack: Dating content -> course -> coaching -> community upsell,,HIGH
SYN137,AI008,CF007,90,Courses + motivation + expert + course platform + community,2.3,Stack: Dating content -> course -> coaching -> community upsell,,HIGH
SYN138,AI008,AI001,90,Courses + motivation + expert + course platform + community,2.3,Stack: Dating content -> course -> coaching -> community upsell,,HIGH
SYN139,AI008,MM030,90,Courses + motivation + expert + course platform + community,2.3,Stack: Dating content -> course -> coaching -> community upsell,,HIGH
SYN140,AI008,MM031,90,Courses + motivation + expert + course platform + community,2.3,Stack: Dating content -> course -> coaching -> community upsell,,HIGH
SYN141,MM012,MM002,85,Trading + info products + finance expert + crypto + stocks + newsletter,2.3,Stack: Trade profitably + sell education + finance content builds authority,,MEDIUM
SYN142,MM012,AI001,85,Trading + info products + finance expert + crypto + stocks + newsletter,2.3,Stack: Trade profitably + sell education + finance content builds authority,,MEDIUM
SYN143,MM012,CF008,85,Trading + info products + finance expert + crypto + stocks + newsletter,2.3,Stack: Trade profitably + sell education + finance content builds authority,,MEDIUM
SYN144,MM012,CF011,85,Trading + info products + finance expert + crypto + stocks + newsletter,2.3,Stack: Trade profitably + sell education + finance content builds authority,,MEDIUM
SYN145,MM012,CF012,85,Trading + info products + finance expert + crypto + stocks + newsletter,2.3,Stack: Trade profitably + sell education + finance content builds authority,,MEDIUM
SYN146,MM012,MM015,85,Trading + info products + finance expert + crypto + stocks + newsletter,2.3,Stack: Trade profitably + sell education + finance content builds authority,,MEDIUM
SYN147,MM013,MM001,80,Traffic to apps + courses + affiliate + TikTok Shop + dropship,2.0,Stack: Paid ads drive traffic to all monetization channels,,MEDIUM
SYN148,MM013,MM002,80,Traffic to apps + courses + affiliate + TikTok Shop + dropship,2.0,Stack: Paid ads drive traffic to all monetization channels,,MEDIUM
SYN149,MM013,MM003,80,Traffic to apps + courses + affiliate + TikTok Shop + dropship,2.0,Stack: Paid ads drive traffic to all monetization channels,,MEDIUM
SYN150,MM013,MM016,80,Traffic to apps + courses + affiliate + TikTok Shop + dropship,2.0,Stack: Paid ads drive traffic to all monetization channels,,MEDIUM
SYN151,MM013,MM022,80,Traffic to apps + courses + affiliate + TikTok Shop + dropship,2.0,Stack: Paid ads drive traffic to all monetization channels,,MEDIUM
SYN152,MM014,MM002,85,Courses + affiliate + expert + automation + faceless,2.2,"Stack: YouTube builds trust, course/affiliate monetizes",,MEDIUM
SYN153,MM014,MM003,85,Courses + affiliate + expert + automation + faceless,2.2,"Stack: YouTube builds trust, course/affiliate monetizes",,MEDIUM
SYN154,MM014,AI001,85,Courses + affiliate + expert + automation + faceless,2.2,"Stack: YouTube builds trust, course/affiliate monetizes",,MEDIUM
SYN155,MM014,MM035,85,Courses + affiliate + expert + automation + faceless,2.2,"Stack: YouTube builds trust, course/affiliate monetizes",,MEDIUM
SYN156,MM014,MM039,85,Courses + affiliate + expert + automation + faceless,2.2,"Stack: YouTube builds trust, course/affiliate monetizes",,MEDIUM
SYN157,MM015,MM002,90,Info products + affiliate + outbound + finance content + premium,2.4,"Stack: Newsletter nurtures, products monetize",,HIGH
SYN158,MM015,MM003,90,Info products + affiliate + outbound + finance content + premium,2.4,"Stack: Newsletter nurtures, products monetize",,HIGH
SYN159,MM015,MM007,90,Info products + affiliate + outbound + finance content + premium,2.4,"Stack: Newsletter nurtures, products monetize",,HIGH
SYN160,MM015,CF008,90,Info products + affiliate + outbound + finance content + premium,2.4,"Stack: Newsletter nurtures, products monetize",,HIGH
SYN161,MM015,MM032,90,Info products + affiliate + outbound + finance content + premium,2.4,"Stack: Newsletter nurtures, products monetize",,HIGH
SYN162,MM016,MM006,90,Content farm + AI influencer + paid ads + dropship + POD,2.5,Stack: Content drives TikTok Shop sales at scale,,HIGH
SYN163,MM016,MM009,90,Content farm + AI influencer + paid ads + dropship + POD,2.5,Stack: Content drives TikTok Shop sales at scale,,HIGH
SYN164,MM016,MM013,90,Content farm + AI influencer + paid ads + dropship + POD,2.5,Stack: Content drives TikTok Shop sales at scale,,HIGH
SYN165,MM016,MM022,90,Content farm + AI influencer + paid ads + dropship + POD,2.5,Stack: Content drives TikTok Shop sales at scale,,HIGH
SYN166,MM016,MM024,90,Content farm + AI influencer + paid ads + dropship + POD,2.5,Stack: Content drives TikTok Shop sales at scale,,HIGH
SYN167,SWARM001,CF004,95,Meme + clips + gaming persona + Roblox + apps + clipper network,2.8,Stack: 10-20 coordinated accounts across platforms all funneling to Roblox game or app,,HIGH
SYN168,SWARM001,CF006,95,Meme + clips + gaming persona + Roblox + apps + clipper network,2.8,Stack: 10-20 coordinated accounts across platforms all funneling to Roblox game or app,,HIGH
SYN169,SWARM001,AI007,95,Meme + clips + gaming persona + Roblox + apps + clipper network,2.8,Stack: 10-20 coordinated accounts across platforms all funneling to Roblox game or app,,HIGH
SYN170,SWARM001,MM011,95,Meme + clips + gaming persona + Roblox + apps + clipper network,2.8,Stack: 10-20 coordinated accounts across platforms all funneling to Roblox game or app,,HIGH
SYN171,SWARM001,MM001,95,Meme + clips + gaming persona + Roblox + apps + clipper network,2.8,Stack: 10-20 coordinated accounts across platforms all funneling to Roblox game or app,,HIGH
SYN172,SWARM001,MM017,95,Meme + clips + gaming persona + Roblox + apps + clipper network,2.8,Stack: 10-20 coordinated accounts across platforms all funneling to Roblox game or app,,HIGH
SYN173,CF011,CF008,85,Finance news + algo trading + newsletter + expert + memecoin,2.4,Stack: Crypto news -> trading signals -> premium newsletter,,MEDIUM
SYN174,CF011,MM012,85,Finance news + algo trading + newsletter + expert + memecoin,2.4,Stack: Crypto news -> trading signals -> premium newsletter,,MEDIUM
SYN175,CF011,MM015,85,Finance news + algo trading + newsletter + expert + memecoin,2.4,Stack: Crypto news -> trading signals -> premium newsletter,,MEDIUM
SYN176,CF011,AI001,85,Finance news + algo trading + newsletter + expert + memecoin,2.4,Stack: Crypto news -> trading signals -> premium newsletter,,MEDIUM
SYN177,CF011,MM034,85,Finance news + algo trading + newsletter + expert + memecoin,2.4,Stack: Crypto news -> trading signals -> premium newsletter,,MEDIUM
SYN178,CF012,CF008,80,Finance news + algo trading + newsletter + expert,2.0,Stack: Stock content -> premium research -> course upsell,,MEDIUM
SYN179,CF012,MM012,80,Finance news + algo trading + newsletter + expert,2.0,Stack: Stock content -> premium research -> course upsell,,MEDIUM
SYN180,CF012,MM015,80,Finance news + algo trading + newsletter + expert,2.0,Stack: Stock content -> premium research -> course upsell,,MEDIUM
SYN181,CF012,AI001,80,Finance news + algo trading + newsletter + expert,2.0,Stack: Stock content -> premium research -> course upsell,,MEDIUM
SYN182,CF013,CF001-CF012,90,All content farm + content farm core + YouTube automation + TikTok creativity + faceless,2.3,"Stack: Shorts drive subs, long-form monetizes",,HIGH
SYN183,CF013,MM006,90,All content farm + content farm core + YouTube automation + TikTok creativity + faceless,2.3,"Stack: Shorts drive subs, long-form monetizes",,HIGH
SYN184,CF013,MM035,90,All content farm + content farm core + YouTube automation + TikTok creativity + faceless,2.3,"Stack: Shorts drive subs, long-form monetizes",,HIGH
SYN185,CF013,MM037,90,All content farm + content farm core + YouTube automation + TikTok creativity + faceless,2.3,"Stack: Shorts drive subs, long-form monetizes",,HIGH
SYN186,CF013,MM039,90,All content farm + content farm core + YouTube automation + TikTok creativity + faceless,2.3,"Stack: Shorts drive subs, long-form monetizes",,HIGH
SYN187,MM017,MM001,95,Apps + content + UGC + AI personas + portfolio + swarm,2.8,Stack: 500 clipper network tests hooks simultaneously. Launch apps via network.,,HIGH
SYN188,MM017,MM006,95,Apps + content + UGC + AI personas + portfolio + swarm,2.8,Stack: 500 clipper network tests hooks simultaneously. Launch apps via network.,,HIGH
SYN189,MM017,MM008,95,Apps + content + UGC + AI personas + portfolio + swarm,2.8,Stack: 500 clipper network tests hooks simultaneously. Launch apps via network.,,HIGH
SYN190,MM017,MM009,95,Apps + content + UGC + AI personas + portfolio + swarm,2.8,Stack: 500 clipper network tests hooks simultaneously. Launch apps via network.,,HIGH
SYN191,MM017,MM019,95,Apps + content + UGC + AI personas + portfolio + swarm,2.8,Stack: 500 clipper network tests hooks simultaneously. Launch apps via network.,,HIGH
SYN192,MM017,SWARM001,95,Apps + content + UGC + AI personas + portfolio + swarm,2.8,Stack: 500 clipper network tests hooks simultaneously. Launch apps via network.,,HIGH
SYN193,MM018,MM001,85,App factory + agency + expert + portfolio + SaaS,2.0,Stack: Optimize own apps first (case study). Sell as retainer + revenue share.,,MEDIUM
SYN194,MM018,MM005,85,App factory + agency + expert + portfolio + SaaS,2.0,Stack: Optimize own apps first (case study). Sell as retainer + revenue share.,,MEDIUM
SYN195,MM018,AI001,85,App factory + agency + expert + portfolio + SaaS,2.0,Stack: Optimize own apps first (case study). Sell as retainer + revenue share.,,MEDIUM
SYN196,MM018,MM019,85,App factory + agency + expert + portfolio + SaaS,2.0,Stack: Optimize own apps first (case study). Sell as retainer + revenue share.,,MEDIUM
SYN197,MM018,MM004,85,App factory + agency + expert + portfolio + SaaS,2.0,Stack: Optimize own apps first (case study). Sell as retainer + revenue share.,,MEDIUM
SYN198,MM019,MM017,95,Clipper network + paywall service + content + AI + X launch + apps,2.7,Stack: Build 2-3 apps/mo. Launch via MM017. Optimize via MM018.,,HIGH
SYN199,MM019,MM018,95,Clipper network + paywall service + content + AI + X launch + apps,2.7,Stack: Build 2-3 apps/mo. Launch via MM017. Optimize via MM018.,,HIGH
SYN200,MM019,MM006,95,Clipper network + paywall service + content + AI + X launch + apps,2.7,Stack: Build 2-3 apps/mo. Launch via MM017. Optimize via MM018.,,HIGH
SYN201,MM019,MM009,95,Clipper network + paywall service + content + AI + X launch + apps,2.7,Stack: Build 2-3 apps/mo. Launch via MM017. Optimize via MM018.,,HIGH
SYN202,MM019,MM020,95,Clipper network + paywall service + content + AI + X launch + apps,2.7,Stack: Build 2-3 apps/mo. Launch via MM017. Optimize via MM018.,,HIGH
SYN203,MM019,MM001,95,Clipper network + paywall service + content + AI + X launch + apps,2.7,Stack: Build 2-3 apps/mo. Launch via MM017. Optimize via MM018.,,HIGH
SYN204,MM020,MM001,90,Apps + info products + SaaS + expert + portfolio + newsletter,2.4,Stack: Build 5-8k followers. Launch product via comment hook.,,HIGH
SYN205,MM020,MM002,90,Apps + info products + SaaS + expert + portfolio + newsletter,2.4,Stack: Build 5-8k followers. Launch product via comment hook.,,HIGH
SYN206,MM020,MM004,90,Apps + info products + SaaS + expert + portfolio + newsletter,2.4,Stack: Build 5-8k followers. Launch product via comment hook.,,HIGH
SYN207,MM020,AI001,90,Apps + info products + SaaS + expert + portfolio + newsletter,2.4,Stack: Build 5-8k followers. Launch product via comment hook.,,HIGH
SYN208,MM020,MM019,90,Apps + info products + SaaS + expert + portfolio + newsletter,2.4,Stack: Build 5-8k followers. Launch product via comment hook.,,HIGH
SYN209,MM020,MM015,90,Apps + info products + SaaS + expert + portfolio + newsletter,2.4,Stack: Build 5-8k followers. Launch product via comment hook.,,HIGH
SYN210,MM021,ALL_METHODS,100,Amplifies every other method - authority layer,2.5,Stack: Build in public via @PRINTMAXXER. Google Jan 2026 favors authentic.,,HIGH
SYN211,MM022,MM016,75,TikTok Shop + paid ads + POD + arbitrage,1.8,"Stack: Find winners via arbitrage, scale via TikTok Shop + ads",,MEDIUM
SYN212,MM022,MM013,75,TikTok Shop + paid ads + POD + arbitrage,1.8,"Stack: Find winners via arbitrage, scale via TikTok Shop + ads",,MEDIUM
SYN213,MM022,MM024,75,TikTok Shop + paid ads + POD + arbitrage,1.8,"Stack: Find winners via arbitrage, scale via TikTok Shop + ads",,MEDIUM
SYN214,MM022,MM023,75,TikTok Shop + paid ads + POD + arbitrage,1.8,"Stack: Find winners via arbitrage, scale via TikTok Shop + ads",,MEDIUM
SYN215,MM023,MM022,80,Dropship + TikTok Shop + POD + Etsy digital,1.9,"Stack: Find demand then source, list on multiple platforms",,MEDIUM
SYN216,MM023,MM016,80,Dropship + TikTok Shop + POD + Etsy digital,1.9,"Stack: Find demand then source, list on multiple platforms",,MEDIUM
SYN217,MM023,MM024,80,Dropship + TikTok Shop + POD + Etsy digital,1.9,"Stack: Find demand then source, list on multiple platforms",,MEDIUM
SYN218,MM023,MM036,80,Dropship + TikTok Shop + POD + Etsy digital,1.9,"Stack: Find demand then source, list on multiple platforms",,MEDIUM
SYN219,MM024,MM016,70,TikTok Shop + content farm + lifestyle + Etsy digital,1.6,"Stack: POD designs promoted via content, sold on multiple platforms",,MEDIUM
SYN220,MM024,MM006,70,TikTok Shop + content farm + lifestyle + Etsy digital,1.6,"Stack: POD designs promoted via content, sold on multiple platforms",,MEDIUM
SYN221,MM024,AI006,70,TikTok Shop + content farm + lifestyle + Etsy digital,1.6,"Stack: POD designs promoted via content, sold on multiple platforms",,MEDIUM
SYN222,MM024,MM036,70,TikTok Shop + content farm + lifestyle + Etsy digital,1.6,"Stack: POD designs promoted via content, sold on multiple platforms",,MEDIUM
SYN223,MM025,MM002,80,Info products + newsletter + Etsy digital + KDP,2.0,Stack: Templates -> email capture -> course funnel,,MEDIUM
SYN224,MM025,MM015,80,Info products + newsletter + Etsy digital + KDP,2.0,Stack: Templates -> email capture -> course funnel,,MEDIUM
SYN225,MM025,MM036,80,Info products + newsletter + Etsy digital + KDP,2.0,Stack: Templates -> email capture -> course funnel,,MEDIUM
SYN226,MM025,MM026,80,Info products + newsletter + Etsy digital + KDP,2.0,Stack: Templates -> email capture -> course funnel,,MEDIUM
SYN227,MM026,MM025,65,Digital products + info products + Etsy digital,1.5,"Stack: KDP builds catalog, templates capture emails",,MEDIUM
SYN228,MM026,MM002,65,Digital products + info products + Etsy digital,1.5,"Stack: KDP builds catalog, templates capture emails",,MEDIUM
SYN229,MM026,MM036,65,Digital products + info products + Etsy digital,1.5,"Stack: KDP builds catalog, templates capture emails",,MEDIUM
SYN230,MM027,MM004,75,SaaS + tech explainers + micro-SaaS + tech expert,1.7,Stack: AI wrappers -> tech content promotes -> expert credibility,,MEDIUM
SYN231,MM027,CF009,75,SaaS + tech explainers + micro-SaaS + tech expert,1.7,Stack: AI wrappers -> tech content promotes -> expert credibility,,MEDIUM
SYN232,MM027,MM028,75,SaaS + tech explainers + micro-SaaS + tech expert,1.7,Stack: AI wrappers -> tech content promotes -> expert credibility,,MEDIUM
SYN233,MM027,AI001,75,SaaS + tech explainers + micro-SaaS + tech expert,1.7,Stack: AI wrappers -> tech content promotes -> expert credibility,,MEDIUM
SYN234,MM028,MM004,75,SaaS + AI wrapper + tech explainers + expert,1.8,Stack: Micro-SaaS -> content promotes -> enterprise upsell,,MEDIUM
SYN235,MM028,MM027,75,SaaS + AI wrapper + tech explainers + expert,1.8,Stack: Micro-SaaS -> content promotes -> enterprise upsell,,MEDIUM
SYN236,MM028,CF009,75,SaaS + AI wrapper + tech explainers + expert,1.8,Stack: Micro-SaaS -> content promotes -> enterprise upsell,,MEDIUM
SYN237,MM028,AI001,75,SaaS + AI wrapper + tech explainers + expert,1.8,Stack: Micro-SaaS -> content promotes -> enterprise upsell,,MEDIUM
SYN238,MM029,MM005,80,Agency services + cold outbound + white label,1.9,Stack: Rank and rent -> agency services upsell,,MEDIUM
SYN239,MM029,MM007,80,Agency services + cold outbound + white label,1.9,Stack: Rank and rent -> agency services upsell,,MEDIUM
SYN240,MM029,MM033,80,Agency services + cold outbound + white label,1.9,Stack: Rank and rent -> agency services upsell,,MEDIUM
SYN241,MM030,MM002,90,Info products + niche experts + paid community + newsletter,2.3,Stack: Course -> community -> coaching ladder,,HIGH
SYN242,MM030,AI001,90,Info products + niche experts + paid community + newsletter,2.3,Stack: Course -> community -> coaching ladder,,HIGH
SYN243,MM030,MM031,90,Info products + niche experts + paid community + newsletter,2.3,Stack: Course -> community -> coaching ladder,,HIGH
SYN244,MM030,MM015,90,Info products + niche experts + paid community + newsletter,2.3,Stack: Course -> community -> coaching ladder,,HIGH
SYN245,MM031,MM030,85,Course creator + niche experts + info products + newsletter,2.1,Stack: Community -> course -> coaching ecosystem,,MEDIUM
SYN246,MM031,AI001,85,Course creator + niche experts + info products + newsletter,2.1,Stack: Community -> course -> coaching ecosystem,,MEDIUM
SYN247,MM031,MM002,85,Course creator + niche experts + info products + newsletter,2.1,Stack: Community -> course -> coaching ecosystem,,MEDIUM
SYN248,MM031,MM015,85,Course creator + niche experts + info products + newsletter,2.1,Stack: Community -> course -> coaching ecosystem,,MEDIUM
SYN249,MM032,MM015,85,Newsletter + info products + affiliate + expert,2.2,Stack: Free newsletter -> premium tier -> course upsell,,MEDIUM
SYN250,MM032,MM002,85,Newsletter + info products + affiliate + expert,2.2,Stack: Free newsletter -> premium tier -> course upsell,,MEDIUM
SYN251,MM032,MM003,85,Newsletter + info products + affiliate + expert,2.2,Stack: Free newsletter -> premium tier -> course upsell,,MEDIUM
SYN252,MM032,AI001,85,Newsletter + info products + affiliate + expert,2.2,Stack: Free newsletter -> premium tier -> course upsell,,MEDIUM
SYN253,MM033,MM005,70,Agency services + SaaS + local lead gen,1.6,Stack: White label tools for agency delivery,,MEDIUM
SYN254,MM033,MM004,70,Agency services + SaaS + local lead gen,1.6,Stack: White label tools for agency delivery,,MEDIUM
SYN255,MM033,MM029,70,Agency services + SaaS + local lead gen,1.6,Stack: White label tools for agency delivery,,MEDIUM
SYN256,MM034,CF011,60,Crypto news + algo trading + newsletter,1.4,Stack: Memecoin research -> premium alpha signals (HIGH RISK),,MEDIUM
SYN257,MM034,MM012,60,Crypto news + algo trading + newsletter,1.4,Stack: Memecoin research -> premium alpha signals (HIGH RISK),,MEDIUM
SYN258,MM034,MM015,60,Crypto news + algo trading + newsletter,1.4,Stack: Memecoin research -> premium alpha signals (HIGH RISK),,MEDIUM
SYN259,MM035,MM014,85,YouTube longform + content farm + Shorts + faceless,2.3,Stack: Automated YouTube -> ad revenue -> affiliate monetization,,MEDIUM
SYN260,MM035,MM006,85,YouTube longform + content farm + Shorts + faceless,2.3,Stack: Automated YouTube -> ad revenue -> affiliate monetization,,MEDIUM
SYN261,MM035,CF013,85,YouTube longform + content farm + Shorts + faceless,2.3,Stack: Automated YouTube -> ad revenue -> affiliate monetization,,MEDIUM
SYN262,MM035,MM039,85,YouTube longform + content farm + Shorts + faceless,2.3,Stack: Automated YouTube -> ad revenue -> affiliate monetization,,MEDIUM
SYN263,MM036,MM025,75,Digital products + POD + KDP,1.7,Stack: Etsy digital -> templates -> email funnel,,MEDIUM
SYN264,MM036,MM024,75,Digital products + POD + KDP,1.7,Stack: Etsy digital -> templates -> email funnel,,MEDIUM
SYN265,MM036,MM026,75,Digital products + POD + KDP,1.7,Stack: Etsy digital -> templates -> email funnel,,MEDIUM
SYN266,MM037,CF006,80,Clip channels + streamer clips + Shorts + TikTok Shop,1.9,Stack: Creativity program revenue + TikTok Shop sales,,MEDIUM
SYN267,MM037,MM010,80,Clip channels + streamer clips + Shorts + TikTok Shop,1.9,Stack: Creativity program revenue + TikTok Shop sales,,MEDIUM
SYN268,MM037,CF013,80,Clip channels + streamer clips + Shorts + TikTok Shop,1.9,Stack: Creativity program revenue + TikTok Shop sales,,MEDIUM
SYN269,MM037,MM016,80,Clip channels + streamer clips + Shorts + TikTok Shop,1.9,Stack: Creativity program revenue + TikTok Shop sales,,MEDIUM
SYN270,MM038,MM003,70,Affiliate sites + digital products + Etsy digital,1.6,Stack: Pinterest drives affiliate + digital product traffic,,MEDIUM
SYN271,MM038,MM025,70,Affiliate sites + digital products + Etsy digital,1.6,Stack: Pinterest drives affiliate + digital product traffic,,MEDIUM
SYN272,MM038,MM036,70,Affiliate sites + digital products + Etsy digital,1.6,Stack: Pinterest drives affiliate + digital product traffic,,MEDIUM
SYN273,MM039,MM035,80,YouTube automation + longform + Shorts + content farm,2.0,Stack: Faceless YouTube -> ad revenue -> affiliate monetization,,MEDIUM
SYN274,MM039,MM014,80,YouTube automation + longform + Shorts + content farm,2.0,Stack: Faceless YouTube -> ad revenue -> affiliate monetization,,MEDIUM
SYN275,MM039,CF013,80,YouTube automation + longform + Shorts + content farm,2.0,Stack: Faceless YouTube -> ad revenue -> affiliate monetization,,MEDIUM
SYN276,MM039,MM006,80,YouTube automation + longform + Shorts + content farm,2.0,Stack: Faceless YouTube -> ad revenue -> affiliate monetization,,MEDIUM
SYN277,MM040,AI001,75,Niche experts + X launch + newsletter + info products,1.7,Stack: Expert content -> X monetization -> newsletter -> products,,MEDIUM
SYN278,MM040,MM020,75,Niche experts + X launch + newsletter + info products,1.7,Stack: Expert content -> X monetization -> newsletter -> products,,MEDIUM
SYN279,MM040,MM015,75,Niche experts + X launch + newsletter + info products,1.7,Stack: Expert content -> X monetization -> newsletter -> products,,MEDIUM
SYN280,MM040,MM002,75,Niche experts + X launch + newsletter + info products,1.7,Stack: Expert content -> X monetization -> newsletter -> products,,MEDIUM
SYN281,MM041,MM003,85,Affiliate sites + SaaS + expert + rapid build,2.2,Stack: Directory builds -> premium listings -> SEO authority,,MEDIUM
SYN282,MM041,MM004,85,Affiliate sites + SaaS + expert + rapid build,2.2,Stack: Directory builds -> premium listings -> SEO authority,,MEDIUM
SYN283,MM041,AI001,85,Affiliate sites + SaaS + expert + rapid build,2.2,Stack: Directory builds -> premium listings -> SEO authority,,MEDIUM
SYN284,MM041,MM044,85,Affiliate sites + SaaS + expert + rapid build,2.2,Stack: Directory builds -> premium listings -> SEO authority,,MEDIUM
SYN285,MM042,MM001,80,App factory + SaaS + X launch + rapid build,2.0,Stack: Presale validates -> only build winners -> rapid monetization,,MEDIUM
SYN286,MM042,MM004,80,App factory + SaaS + X launch + rapid build,2.0,Stack: Presale validates -> only build winners -> rapid monetization,,MEDIUM
SYN287,MM042,MM020,80,App factory + SaaS + X launch + rapid build,2.0,Stack: Presale validates -> only build winners -> rapid monetization,,MEDIUM
SYN288,MM042,MM044,80,App factory + SaaS + X launch + rapid build,2.0,Stack: Presale validates -> only build winners -> rapid monetization,,MEDIUM
SYN289,MM043,MM009,75,AI influencer + clipper network + fitness + expert,1.8,Stack: Revenue share aligns creator incentives long-term,,MEDIUM
SYN290,MM043,MM017,75,AI influencer + clipper network + fitness + expert,1.8,Stack: Revenue share aligns creator incentives long-term,,MEDIUM
SYN291,MM043,AI005,75,AI influencer + clipper network + fitness + expert,1.8,Stack: Revenue share aligns creator incentives long-term,,MEDIUM
SYN292,MM043,AI001,75,AI influencer + clipper network + fitness + expert,1.8,Stack: Revenue share aligns creator incentives long-term,,MEDIUM
SYN293,MM044,MM041,90,Directory + waitlist + apps + micro-SaaS,2.5,Stack: Build fast -> monetize fast -> iterate winners,,HIGH
SYN294,MM044,MM042,90,Directory + waitlist + apps + micro-SaaS,2.5,Stack: Build fast -> monetize fast -> iterate winners,,HIGH
SYN295,MM044,MM001,90,Directory + waitlist + apps + micro-SaaS,2.5,Stack: Build fast -> monetize fast -> iterate winners,,HIGH
SYN296,MM044,MM028,90,Directory + waitlist + apps + micro-SaaS,2.5,Stack: Build fast -> monetize fast -> iterate winners,,HIGH
SYN297,MM045,MM006,90,YouTube content + course upsell + app affiliate + longform,2.4,"Stack: YouTube establishes credibility, course monetizes",,HIGH
SYN298,MM045,MM002,90,YouTube content + course upsell + app affiliate + longform,2.4,"Stack: YouTube establishes credibility, course monetizes",,HIGH
SYN299,MM045,MM001,90,YouTube content + course upsell + app affiliate + longform,2.4,"Stack: YouTube establishes credibility, course monetizes",,HIGH
SYN300,MM045,MM014,90,YouTube content + course upsell + app affiliate + longform,2.4,"Stack: YouTube establishes credibility, course monetizes",,HIGH
SYN301,MM046,MM003,95,Newsletter + courses + digital products + affiliate,2.5,Stack: Newsletter audience -> digital products monetize,,HIGH
SYN302,MM046,MM002,95,Newsletter + courses + digital products + affiliate,2.5,Stack: Newsletter audience -> digital products monetize,,HIGH
SYN303,MM046,MM006,95,Newsletter + courses + digital products + affiliate,2.5,Stack: Newsletter audience -> digital products monetize,,HIGH
SYN304,MM046,MM015,95,Newsletter + courses + digital products + affiliate,2.5,Stack: Newsletter audience -> digital products monetize,,HIGH
SYN305,MM070,MM005,88,Agency services + cold outbound + local lead gen + white label,2.1,Stack: Scraper finds prospects -> AI generates preview -> cold email closes -> scales via VA for URL compilation,,MEDIUM
SYN306,MM070,MM007,88,Agency services + cold outbound + local lead gen + white label,2.1,Stack: Scraper finds prospects -> AI generates preview -> cold email closes -> scales via VA for URL compilation,,MEDIUM
SYN307,MM070,MM029,88,Agency services + cold outbound + local lead gen + white label,2.1,Stack: Scraper finds prospects -> AI generates preview -> cold email closes -> scales via VA for URL compilation,,MEDIUM
SYN308,MM070,MM033,88,Agency services + cold outbound + local lead gen + white label,2.1,Stack: Scraper finds prospects -> AI generates preview -> cold email closes -> scales via VA for URL compilation,,MEDIUM
