alpha_id,original_tactic,research_query,findings_summary,reddit_discussions_found,source_metadata,enrichment_date,research_status
ALPHA307,,25-60 revenue increase from pricing optimization 2-4x more impactful than acquisition monetization,No Reddit discussions found,0 discussions,"title: Advanced SaaS Pricing Psychology 2026: Beyond Basic Tiered Models | description: Advanced SaaS pricing psychology increases revenue 25-60% using anchoring, decoy effects, and value-based models. Strategic frameworks beyond basic tiered pricing for sophisticated agency positioning.",2026-02-28,COMPLETE
ALPHA319,,Visualping competitor monitoring 5-50/mo 30-second alerts outbound,No Reddit discussions found,0 discussions,URL reachable but no extractable metadata,2026-02-28,COMPLETE
ALPHA346,,Revenue-based financing guide 7 providers compared RBF unlocks at 15K MRR monetization,No Reddit discussions found,0 discussions,URL reachable but no extractable metadata,2026-02-28,COMPLETE
ALPHA225,,Findom niche High revenue Higher risk Adult compliance required ai influencer,No Reddit discussions found,0 discussions,No source URL,2026-02-28,COMPLETE
ALPHA538,Vibe-coded apps revenue: Plinq $456K/yr (Lovable). Pieter Levels flight sim $12K/mo in 3hrs. ChatIQ $2K MRR. TrendFeed $10K MRR month 1.,Build niche apps with vibe tools Ship in hours 456K- 144K/yr range proven app factory,No Reddit discussions found,0 discussions,URL unreachable (status 403),2026-02-28,COMPLETE
ALPHA549,Nordic ecom 2026: Norway 64% AI adoption. 81% expect high AI impact. D2C growing. 80% care sustainability. Second-hand up in Sweden.,Nordic market high purchasing power AI adoption sustainability D2C opportunity ecom arb,No Reddit discussions found,0 discussions,"title: Nordic eCommerce trend report 2026 | description: Nordic eCommerce report 2026: AI, personalization, D2C, and accessibility trends from 260+ leaders. Download the full study. | content_type: text/html",2026-02-28,COMPLETE
ALPHA551,Ramadan 2026 apps: Muslim Pro 170M+ downloads. Athan millions. Ramadan Countdown 410K. Market huge but competitive. Starts Feb 28.,Differentiate from Muslim Pro bloated Niche habit tracking accountability PWA no review delay,No Reddit discussions found,0 discussions,"title: ‎Ramadan Calendar 2026 & Qibla App - App Store | description: Download Ramadan Calendar 2026 & Qibla by Asrar Amin on the App Store. See screenshots, ratings and reviews, user tips, and more apps like Ramadan Calendar 2026… | content_type: text/html",2026-02-28,COMPLETE
ALPHA553,Sleep app market: $1.12B in 2024 growing 17.9% CAGR. Sleep tech total $30.88B. AI sleep analysis driving growth. North America dominant.,Sleep app market 1B growing 17 9 /yr Add AI analysis to SleepMaxx Huge TAM app factory,No Reddit discussions found,0 discussions,"title: Global Sleep App Market Size, Share and Forecast, 2025-2032 | description: Global Sleep App Market size is growing with a CAGR of 14.6% in the prediction period and it crosses US$ 2,788.1 Mn by 2032 from US$ 1,074.0 Mn in 2025. | content_type: text/html",2026-02-28,COMPLETE
ALPHA554,Muslim prayer market: Muslim Pro 170M+. Pillars 1M+ (privacy-focused). Gap: lightweight + privacy + gamified tracking.,PrayerLock privacy-focused lightweight PWA gamified streaks Ramadan launch 170M TAM app factory,No Reddit discussions found,0 discussions,"title: Muslim Pro App | Prayer Times, Adhan, Qibla, Holy Quran | description: The pioneering Muslim lifestyle app with more than 170 million downloads globally providing accurate prayer times, Qibla, Holy Quran and more. | content_type: text/html",2026-02-28,COMPLETE
ALPHA556,Vibe coding services: custom builds $300-800. Micro-SaaS $5-15/mo (10-20 users). Internal tools $300-1K + $50-100/mo maintenance.,Vibe-coded services 300-800/build Micro-SaaS 5-15/mo Tools maintenance recurring app factory,No Reddit discussions found,0 discussions,"title: Nucamp | description: Vibe coding explained: how beginners can build and monetize simple projects - SEO calculators, micro-SaaS, landing pages - plus real risks and a 7-day plan. | content_type: text/html",2026-02-28,COMPLETE
ALPHA557,Nordic ecom arbitrage: US trending products sold on Nordic marketplaces (Finn.no CDON DBA.dk Tori.fi) in native languages. 3-12 month trend lag = first mover window. 50-70% gross margins on $15-50 products. 27M population with highest disposable income globally.,Source viral US products from AliExpress List on Nordic platforms in local language,No Reddit discussions found,0 discussions,No source URL,2026-02-28,COMPLETE
ALPHA1088,"POST: Built 9 different product types in 2 years. Only 2 made real money. Here's what actually works for solo builders in 2026. | CONTENT: Skills include but are not limited to

SEO
CRO
Inbound Marketing
SEM
LinkBuilding
Email Marketing
Coding
API Integrations | COMMENT1: This lines up with what ...",POST Built 9 different product types in 2 years growth hack,No Reddit discussions found,0 discussions,URL unreachable (status 403),2026-02-28,COMPLETE
ALPHA1089,"POST: $1.3 Per Visitor with Zero Ad Spend | CONTENT: Skills include but are not limited to

SEO
CRO
Inbound Marketing
SEM
LinkBuilding
Email Marketing
Coding
API Integrations | COMMENT1: Nice work, especially keeping it focused on revenue per visitor vs vanity traffic. The drip sequence + a coupl...",3 Per Visitor with Zero Ad Spend CONTENT Skills include but are not limited to growth hack,No Reddit discussions found,0 discussions,URL unreachable (status 403),2026-02-28,COMPLETE
ALPHA1090,"POST: how we got 700 organic visitors in our first quarter | CONTENT: Skills include but are not limited to

SEO
CRO
Inbound Marketing
SEM
LinkBuilding
Email Marketing
Coding
API Integrations | COMMENT1: How is this link insert for a service is legit here? Just wondering. | COMMENT2: Nice call ta...",POST how we got 700 organic visitors in our first quarter CONTENT Skills include but are not,No Reddit discussions found,0 discussions,URL unreachable (status 403),2026-02-28,COMPLETE
ALPHA1091,"POST: Built a fitness app that converts videos into workout routines. Made $300 in first month. | CONTENT: /r/AppBusiness is the place for app developers, marketers and entrepreneurs to discuss news and ideas around the business of mobile apps.

Topics for discussion: - App Marketing - App Store ...",POST Built a fitness app that converts videos into workout routines growth hack,No Reddit discussions found,0 discussions,URL unreachable (status 403),2026-02-28,COMPLETE
ALPHA1092,"POST: I built a kids AI app as a side project 5 months ago. It just crossed $17K ARR and ranks #1 for ""AI for kids"" in the US and UK. | CONTENT: /r/AppBusiness is the place for app developers, marketers and entrepreneurs to discuss news and ideas around the business of mobile apps.

Topics for di...",POST I built a kids AI app as a side project 5 months ago growth hack,No Reddit discussions found,0 discussions,URL unreachable (status 403),2026-02-28,COMPLETE
ALPHA1093,"POST: How much do you think this app is worth? | CONTENT: /r/AppBusiness is the place for app developers, marketers and entrepreneurs to discuss news and ideas around the business of mobile apps.

Topics for discussion: - App Marketing - App Store Optimizati | COMMENT1: Isn't it typically 3.5x an...",POST How much do you think this app is worth growth hack,No Reddit discussions found,0 discussions,URL unreachable (status 403),2026-02-28,COMPLETE
ALPHA1223,"theirstack .com

scrapes job postings and extracts the tech stack from requirements.

""looking for experience in snowflake, dbt, and looker""

now you know exactly what tools that company runs.

way better signal than builtwith. job posts reveal the stuff that's actually in use.",scrapes job postings and extracts the tech stack from requirements tool alpha,No Reddit discussions found,0 discussions,No source URL,2026-02-28,COMPLETE
ALPHA1282,"Are u bullish on DRAM, anon??

""even if a contract was signed to supply DRAM at 100 won for one year, if DRAM market prices have risen 100% by the end of the contract period, an additional 100 won is paid. This is essentially a post-settlement arrangement.""",Are u bullish on DRAM anon general,No Reddit discussions found,0 discussions,No source URL,2026-02-28,COMPLETE
ALPHA1286,"i didn't sleep for 48 hours building a bot that finds polymarket insiders

i’m sure this’ll bring me $100k

clawdbot runs on my server, connected to polymarket API

scans 847,000+ positions, cross-references wallet activity with market resolutions

finds wallets that entered",i didn t sleep for 48 hours building a bot that finds polymarket insiders tool alpha,No Reddit discussions found,0 discussions,No source URL,2026-02-28,COMPLETE
ALPHA1299,"We are launching The Arrow, a new podcast featuring the underlying fund managers within the BlockArrow Opportunity Fund.

Our goal is to provide a direct look at the investment frameworks and institutional strategies shaping the digital asset economy.

Episode 1: 
@RyanWatkins_
 (",We are launching The Arrow a new podcast featuring the underlying fund managers within the,"Found 10 related discussions. total engagement: 136717 upvotes / 20077 comments. top subreddits: Epstein, CATHELP, careeradvice, Helldivers, jobsearchhacks. top topics: I quit my job to run EpsteinExposed.com full time. Here's wh | Former HR here - subtle signs your company is preparing for  | Things You Need to LIE About in an interview (from a recruit. 10 high-signal thread(s) (100+ upvotes or 50+ comments)",[1] r/Epstein | 33091pts 1155comments | I quit my job to run EpsteinExposed.com full time. Here's what 12 days looks lik; [2] r/careeradvice | 24006pts 1109comments | Former HR here - subtle signs your company is preparing for layoffs; [3] r/jobsearchhacks | 23305pts 1339comments | Things You Need to LIE About in an interview (from a recruiter); [4] r/CATHELP | 10154pts 3100comments | Behavior Issues in my cat have costed me over 20k and we’re still not any closer; [5] r/Helldivers | 10092pts...,No source URL,2026-03-01,COMPLETE
ALPHA1314,"200k downloads + $100k revenue last month from an instagram follow tracker app = that's not luck

that's tapping into the biggest insecurity in nowadays dating

80% of people have questioned their partner's commitment because of social media activity
girls (and guys) obsess over",200k downloads 100k revenue last month from an instagram follow tracker app that s not luck,"Found 10 related discussions. total engagement: 105008 upvotes / 11347 comments. top subreddits: BestofRedditorUpdates, AmIOverreacting. top topics: My rapist sent me an instagram DM confessing to raping me 7  | AIO: my bf can’t fix things. When I step in to take care of  | My boss told me to ""stick to my job description"" when I aske. 10 high-signal thread(s) (100+ upvotes or 50+ comments)","[1] r/BestofRedditorUpdates | 25623pts 888comments | My rapist sent me an instagram DM confessing to raping me 7 years later. The pro; [2] r/AmIOverreacting | 14890pts 2495comments | AIO: my bf can’t fix things. When I step in to take care of it, he’s such a baby; [3] r/BestofRedditorUpdates | 11014pts 408comments | My boss told me to ""stick to my job description"" when I asked for a raise. So I ; [4] r/BestofRedditorUpdates | 10321pts 995comments | Just lost my mind at my boyfriend; [5] r/Bes...",No source URL,2026-03-01,COMPLETE
ALPHA1316,"this face scan app for damaged skin is one of the smartest ideas i've seen in months

women control over 80% of the $200B skincare market while men are stuck at like $17B
they spend 2-3x more yearly on beauty, chase solutions harder, and share everything that works
target men and",this face scan app for damaged skin is one of the smartest ideas i ve seen in months general,No Reddit discussions found,0 discussions,No source URL,2026-03-01,COMPLETE
ALPHA1334,"A lot of knitting videos are going viral on TikTok, but it looks like most knitting apps haven’t really done organic content there yet.

That could be a great opportunity to build a $10k MRR app:
→ clone an existing app
→ then push organic marketing on TikTok with ASMR-style",A lot of knitting videos are going viral on TikTok but it looks like most knitting apps haven t,No Reddit discussions found,0 discussions,No source URL,2026-03-01,COMPLETE
ALPHA1342,"i gave Claude access to my n8n instance.

sounds sketchy. i know.

but here's what happened:

i typed: ""build me a workflow that monitors competitor pricing, compares to mine, and alerts slack when i'm being undercut""

didn't open n8n.
didn't touch a single node.
didn't debug",i gave Claude access to my n8n instance ai alpha,"Found 10 related discussions. total engagement: 64319 upvotes / 7776 comments. top subreddits: BestofRedditorUpdates, AmItheAsshole, wallstreetbets, selfhosted. top topics: New Update: AIO for threatening to take my sister to court a | Huntarr - Your passwords and your entire arr stack's API key | [New Update - One Year Later]: Hairstylist Has been Taking/K. 10 high-signal thread(s) (100+ upvotes or 50+ comments)","[1] r/BestofRedditorUpdates | 10590pts 911comments | New Update: AIO for threatening to take my sister to court after her toddler des; [2] r/selfhosted | 9130pts 1305comments | Huntarr - Your passwords and your entire arr stack's API keys are exposed to any; [3] r/BestofRedditorUpdates | 8822pts 532comments | [New Update - One Year Later]: Hairstylist Has been Taking/Keeping My Hair?; [4] r/wallstreetbets | 7004pts 564comments | I spent $9,600/year on Substack newsletters so you don't have to...",No source URL,2026-03-01,COMPLETE
ALPHA1344,"i put together the 12 workflows that run my entire agency.

not theory. the actual production systems.

→ lead scoring pipeline (agencies charge $4,500)
→ competitor price monitoring (agencies charge $3,200)
→ client onboarding sequence (agencies charge $6,200)
→ invoice",i put together the 12 workflows that run my entire agency freelance,"Found 10 related discussions. total engagement: 119560 upvotes / 15174 comments. top subreddits: SteamDeck, AITAH, Epstein. top topics: I quit my job to run EpsteinExposed.com full time. Here's wh | Am I the a-hole for making my daughter's BF buy a new t-shir | AITAH for telling my SIL a family secret and now everyone is. 7 high-signal thread(s) (100+ upvotes or 50+ comments)",[1] r/Epstein | 33092pts 1155comments | I quit my job to run EpsteinExposed.com full time. Here's what 12 days looks lik; [2] r/AITAH | 29082pts 5940comments | Am I the a-hole for making my daughter's BF buy a new t-shirt?; [3] r/AITAH | 19861pts 1754comments | AITAH for telling my SIL a family secret and now everyone is breaking up or divo; [4] r/SteamDeck | 13243pts 1392comments | I dreamt of owning a steam deck for 4 years and now after just 2 days my Deck is; [5] r/AITAH | 12067pts 1487co...,No source URL,2026-03-01,COMPLETE
ALPHA1357,"you can scrape any authenticated page with claude code in like 2 mins…

open the site in your browser, log in normally

open dev tools → network tab → refresh

find the first request that loads the content you want

right click → copy as curl

this copies your auth cookies",you can scrape any authenticated page with claude code in like 2 mins content format,"Found 10 related discussions. total engagement: 134379 upvotes / 13147 comments. top subreddits: tifu, BestofRedditorUpdates, careeradvice, Helldivers, Epstein. top topics: I quit my job to run EpsteinExposed.com full time. Here's wh | Former HR here - subtle signs your company is preparing for  | TIFU by fighting my schools dresscode policy. Years later I . 10 high-signal thread(s) (100+ upvotes or 50+ comments)",[1] r/Epstein | 33089pts 1155comments | I quit my job to run EpsteinExposed.com full time. Here's what 12 days looks lik; [2] r/careeradvice | 24009pts 1109comments | Former HR here - subtle signs your company is preparing for layoffs; [3] r/tifu | 16196pts 1486comments | TIFU by fighting my schools dresscode policy. Years later I found out why it was; [4] r/BestofRedditorUpdates | 10322pts 995comments | Just lost my mind at my boyfriend; [5] r/Helldivers | 10095pts 1116comments | The Q & A I...,No source URL,2026-03-01,COMPLETE
ALPHA1366,"AI agents are going to gut the big consultancies. think Mckinsey and Deloitte.

mid-market companies doing $5-50M+ are stuck in a weird spot. too big for cookie cutter solutions, too small to justify million dollar studies that lead nowhere.

a lean team with the right tools can",AI agents are going to gut the big consultancies tool alpha,"Found 10 related discussions. total engagement: 157784 upvotes / 17657 comments. top subreddits: NoFilterNews, stpaul, travel, Epstein. top topics: I mapped every connection in the Epstein files. It started w | I quit my job to run EpsteinExposed.com full time. Here's wh | “You Gotta Stop Obstructing Us, That’s Why That Lesbian B***. 10 high-signal thread(s) (100+ upvotes or 50+ comments)","[1] r/Epstein | 34381pts 1408comments | I mapped every connection in the Epstein files. It started with 6,000 documents.; [2] r/Epstein | 33086pts 1155comments | I quit my job to run EpsteinExposed.com full time. Here's what 12 days looks lik; [3] r/stpaul | 22226pts 3625comments | “You Gotta Stop Obstructing Us, That’s Why That Lesbian B**** is Dead:” MN Woman; [4] r/NoFilterNews | 14929pts 2798comments | 'Most chilling thing': Charlie Kirk's killer may have fled Utah aboard mystery f; [5] r...",No source URL,2026-03-01,COMPLETE
ALPHA1374,"Flood of positive-sounding headlines as US official briefs media on Ukraine talks, says 90% of issues solved, Polymarket pricing just 3% odds of ceasefire this year",Flood of positive-sounding headlines as US official briefs media on Ukraine talks says 90 of issues,"Found 10 related discussions. total engagement: 105891 upvotes / 16215 comments. top subreddits: BestofRedditorUpdates, careeradvice, AITAH, AmItheAsshole. top topics: Former HR here - subtle signs your company is preparing for  | AITA for refusing to change the chore chart even tho my wife | AITA if I cancel hubby's birthday plans and leave the house . 10 high-signal thread(s) (100+ upvotes or 50+ comments)",[1] r/careeradvice | 24010pts 1109comments | Former HR here - subtle signs your company is preparing for layoffs; [2] r/AmItheAsshole | 11830pts 2682comments | AITA for refusing to change the chore chart even tho my wife works full time now; [3] r/AITAH | 10384pts 1853comments | AITA if I cancel hubby's birthday plans and leave the house leaving hubby to hos; [4] r/BestofRedditorUpdates | 10320pts 995comments | Just lost my mind at my boyfriend; [5] r/BestofRedditorUpdates | 9290pts 812commen...,No source URL,2026-03-01,COMPLETE
ALPHA1388,"i vibe coded a bot that makes me $10k/month

i don't know how to code

built it in one evening with claude

what it does:

scans all active polymarket markets

picks the ones with highest alpha potential

sends them to perplexity for deep research

confirms or rejects the thesis",i vibe coded a bot that makes me 10k/month ai alpha,"Found 10 related discussions. total engagement: 91438 upvotes / 11422 comments. top subreddits: movies, travel, selfhosted, wallstreetbets, Epstein. top topics: I mapped every connection in the Epstein files. It started w | I saw 290 movies in theaters in 2025. Here is my full rankin | Huntarr - Your passwords and your entire arr stack's API key. 9 high-signal thread(s) (100+ upvotes or 50+ comments)","[1] r/Epstein | 34386pts 1408comments | I mapped every connection in the Epstein files. It started with 6,000 documents.; [2] r/movies | 9904pts 1489comments | I saw 290 movies in theaters in 2025. Here is my full ranking.; [3] r/selfhosted | 9135pts 1305comments | Huntarr - Your passwords and your entire arr stack's API keys are exposed to any; [4] r/travel | 7744pts 2137comments | I've been to 105 countries. Here's a my list that no one cares about in terms of; [5] r/wallstreetbets | 7006pt...",No source URL,2026-03-01,COMPLETE
ALPHA1399,"I made a library of 1,000+ deep research stock reports A while back I [posted here](https://www.reddit.com/r/SideProject/comments/1phax7w/this_community_encouraged_me_to_build_deep/) about a deep research tool I built that synthesizes SEC filings and industry-specific publications into structured...",I made a library of 1 000 deep research stock reports A while back I posted here https //www tool,No Reddit discussions found,0 discussions,No source URL,2026-03-01,COMPLETE
ALPHA1405,"I built a tiny 3D game this morning while drinking coffee I was sitting in a bar, having breakfast, with my coffee and my croissant, and I wanted to try this random AI tool, kind of vibecoding style like Lovable but for games.

A few prompts later I had a colorful third-person game where a bounci...",I built a tiny 3D game this morning while drinking coffee I was sitting in a bar having breakfast,"Found 10 related discussions. total engagement: 119059 upvotes / 19395 comments. top subreddits: antimeme, whatisit, AITAH, AmItheAsshole. top topics: Things in my house keep mysteriously melting??? | AITA for not making my DIL coffee and telling her I am not a | Full Course Story, Apology & Mod Election. 8 high-signal thread(s) (100+ upvotes or 50+ comments)","[1] r/whatisit | 25327pts 3651comments | Things in my house keep mysteriously melting???; [2] r/AmItheAsshole | 21272pts 3779comments | AITA for not making my DIL coffee and telling her I am not a barista; [3] r/antimeme | 15971pts 3317comments | Full Course Story, Apology & Mod Election; [4] r/AITAH | 13391pts 2862comments | AITA for refusing to sit at a breakfast table with nothing for me to eat?; [5] r/AITAH | 12058pts 1487comments | AITAH for refusing to watch my daughter when we meet my ...",No source URL,2026-03-01,COMPLETE
ALPHA1412,"I built an exportable database of 100k+ user complaints from Reddit across 500+ niches i got tired of guessing what to build so i started scraping user complaints from reddit across every niche i could find  
  
the database now has hundreds of thousands of complaints from posts and comments acro...",I built an exportable database of 100k user complaints from Reddit across 500 niches i got tired of,"Found 10 related discussions. total engagement: 113091 upvotes / 9628 comments. top subreddits: BestofRedditorUpdates, selfhosted, movies, Epstein. top topics: I mapped every connection in the Epstein files. It started w | I quit my job to run EpsteinExposed.com full time. Here's wh | Perfectly acceptable dinner rejected by boyfriend again. 7 high-signal thread(s) (100+ upvotes or 50+ comments)","[1] r/Epstein | 34384pts 1408comments | I mapped every connection in the Epstein files. It started with 6,000 documents.; [2] r/Epstein | 33092pts 1155comments | I quit my job to run EpsteinExposed.com full time. Here's what 12 days looks lik; [3] r/BestofRedditorUpdates | 11740pts 882comments | Perfectly acceptable dinner rejected by boyfriend again; [4] r/movies | 9905pts 1489comments | I saw 290 movies in theaters in 2025. Here is my full ranking.; [5] r/selfhosted | 9132pts 1305comments |...",No source URL,2026-03-01,COMPLETE
ALPHA1414,"Got my first 340 customers from Reddit without spending on ads. Everyone says Reddit marketing is dead or too hard. Spent 4 months testing Reddit as primary distribution channel for my micro SaaS. Got 340 paying customers at $89/year generating $30,260 in revenue. Zero dollars spent on ads. Just ...",Got my first 340 customers from Reddit without spending on ads tool alpha,"Found 10 related discussions. total engagement: 184576 upvotes / 25713 comments. top subreddits: AmIOverreacting, antimeme, AITAH, Epstein. top topics: I mapped every connection in the Epstein files. It started w | I quit my job to run EpsteinExposed.com full time. Here's wh | Am I the a-hole for making my daughter's BF buy a new t-shir. 10 high-signal thread(s) (100+ upvotes or 50+ comments)","[1] r/Epstein | 34384pts 1408comments | I mapped every connection in the Epstein files. It started with 6,000 documents.; [2] r/Epstein | 33088pts 1155comments | I quit my job to run EpsteinExposed.com full time. Here's what 12 days looks lik; [3] r/AITAH | 29089pts 5940comments | Am I the a-hole for making my daughter's BF buy a new t-shirt?; [4] r/AmIOverreacting | 23495pts 2912comments | AIO my father ruined my drawing.; [5] r/antimeme | 15966pts 3317comments | Full Course Story, Apology &...",No source URL,2026-03-01,COMPLETE
ALPHA1417,"You don’t need a ton of money to buy a small business A lot of people think you need hundreds of thousands of dollars, an MBA, or 10 years of experience to buy a business.

That wasn’t my experience at all.

When I was 21, I bought my first business for **$4,000**. It was a small B2C SaaS that wa...",You don t need a ton of money to buy a small business A lot of people think you need hundreds of,No Reddit discussions found,0 discussions,No source URL,2026-03-01,COMPLETE
ALPHA1421,"We really are living in a strange golden age of technology I’m an indie dev and one of my small side projects (simple calorie + habit tracking mobile app) just crossed $850 MRR. That number isn’t impressive by startup-Twitter standards, but it covers my devops costs, AI tools, and about half of m...",We really are living in a strange golden age of technology I m an indie dev and one of my small,No Reddit discussions found,0 discussions,No source URL,2026-03-01,COMPLETE
ALPHA1422,"If you run a marketing agency and are worried about losing your agency to AI, Don't!!! I have been running my own marketing agency for quite a few years now and have been interacting with various clients. From startups to corporations, I have done marketing for them all. And I can hardly recall u...",If you run a marketing agency and are worried about losing your agency to AI Don t freelance,"Found 10 related discussions. total engagement: 92284 upvotes / 11662 comments. top subreddits: complaints, SubredditDrama, wallstreetbets, ChatGPT. top topics: I believe MAGA put a hit on Charlie Kirk | Hey, OpenAI: Watch and f****** learn. This is how you stand  | Two Federal Reserve Members Say the Jobs Numbers Are Wrong. . 6 high-signal thread(s) (100+ upvotes or 50+ comments)","[1] r/complaints | 24468pts 4549comments | I believe MAGA put a hit on Charlie Kirk; [2] r/ChatGPT | 16747pts 1380comments | Hey, OpenAI: Watch and f****** learn. This is how you stand up to power. [On Ant; [3] r/wallstreetbets | 16167pts 1127comments | Two Federal Reserve Members Say the Jobs Numbers Are Wrong. Revision Is Tomorrow; [4] r/SubredditDrama | 13731pts 1313comments | Trump tells Norwegian PM Greenland Conquest Is Revenge for Losing Nobel Peace Pr; [5] r/ChatGPT | 13097pts 976comm...",No source URL,2026-03-01,COMPLETE
ALPHA1423,"$10K MRR solo feels better than $2M seed and stress I’m a founder of a SaaS company, which I built solo, bootstrapped, no investors. It helps founders grow their personal brand on X & LinkedIn and drive inbound. Simple tool, solves a real problem and makes money from day one.

And honestly, the m...",10K MRR solo feels better than 2M seed and stress I m a founder of a SaaS company which I built,"Found 10 related discussions. total engagement: 1510 upvotes / 456 comments. top subreddits: microsaas, EntrepreneurRideAlong, SaaS, ProductHunters, Startup_Ideas. top topics: Forget unicorns. $10K MRR solo feels better than $2M seed an | Forget unicorns. $10K MRR solo feels better than $2M seed an | Forget unicorns. $10K MRR solo feels better than $2M seed an. 3 high-signal thread(s) (100+ upvotes or 50+ comments)",[1] r/microsaas | 697pts 184comments | Forget unicorns. $10K MRR solo feels better than $2M seed and stress; [2] r/SaaS | 421pts 121comments | Forget unicorns. $10K MRR solo feels better than $2M seed and stress; [3] r/EntrepreneurRideAlong | 290pts 85comments | Forget unicorns. $10K MRR solo feels better than $2M seed and stress; [4] r/ProductHunters | 26pts 15comments | $10K MRR solo feels better than $2M seed and stress; [5] r/Startup_Ideas | 22pts 9comments | $10K MRR solo feels better th...,No source URL,2026-03-01,COMPLETE
ALPHA1424,"what make you say: it was a productive day? going full time indie, each day i spend around 12-13 hrs with my laptop. i write down, top main tasks of the day and mostly completes them. but when i look back each day, it feels to me like, i've written only single blog today, i've sent only bunch of ...",what make you say it was a productive day tool alpha,"Found 10 related discussions. total engagement: 1838 upvotes / 969 comments. top subreddits: ArcBrowser, HFY, HobbyDrama, codex, ProgressionFantasy. top topics: Letter to Arc members 2025 – On Arc, its future, and the arr | [Bargain Hunting] Health Nut Drops 15,000 Word ""The Buyer's  | Grass Eaters 3 | 103. 9 high-signal thread(s) (100+ upvotes or 50+ comments)","[1] r/ArcBrowser | 354pts 390comments | Letter to Arc members 2025 – On Arc, its future, and the arrival of AI browsers ; [2] r/HobbyDrama | 343pts 35comments | [Bargain Hunting] Health Nut Drops 15,000 Word ""The Buyer's NTR"" on Bargain Site; [3] r/HFY | 330pts 29comments | Grass Eaters 3 | 103; [4] r/codex | 305pts 50comments | Read this or stay behind; [5] r/ProgressionFantasy | 172pts 64comments | Advice from a Royal Road Author of a story with over 1000+ chapters and 6 millio",No source URL,2026-03-01,COMPLETE
ALPHA1425,"As a SaaS founder - what role do you enjoy the most? (For me it’s customer support, not dev, here's why) Being a founder means wearing many hats  - dev, copywriting, marketing, support, etc.

Most founders love coding....but after 10+ years of building products used by 15,000+ users (prof in 1st ...",As a SaaS founder - what role do you enjoy the most tool alpha,No Reddit discussions found,0 discussions,No source URL,2026-03-01,COMPLETE
ALPHA1427,"I built a SaaS that works… and still can’t get users. This part is humbling. I’m building SmartHood on nights/weekends.

It started for a selfish reason: I’m in the Netherlands and I got tired of making property decisions based on vibes + random tabs open. Price looks fine, but the real questions...",I built a SaaS that works and still can t get users tool alpha,No Reddit discussions found,0 discussions,No source URL,2026-03-05,COMPLETE
ALPHA1428,"Made $1300 with my SaaS in 28 days. Here's what worked and what didn't First UP, I didn't went from idea to $1300 in 28 days.

For the first three months I didn't knew that you have to market your product too.

I just kept building.

Then when I had 0 users after having a brutally failed PH launc...",Made 1300 with my SaaS in 28 days content format,"Found 10 related discussions. total engagement: 195981 upvotes / 18104 comments. top subreddits: Epstein, pettyrevenge, SubredditDrama, tifu, pcmasterrace. top topics: Boss always found an error with my monthly reports and cover | I quit my job to run EpsteinExposed.com full time. Here's wh | **UPDATE** Received Rocks In Place Of ASUS TUF 5080. 10 high-signal thread(s) (100+ upvotes or 50+ comments)","[1] r/pettyrevenge | 37346pts 686comments | Boss always found an error with my monthly reports and cover letters, so I used ; [2] r/Epstein | 33198pts 1157comments | I quit my job to run EpsteinExposed.com full time. Here's what 12 days looks lik; [3] r/pcmasterrace | 32372pts 2050comments | **UPDATE** Received Rocks In Place Of ASUS TUF 5080; [4] r/SubredditDrama | 22071pts 3766comments | r/Art mod permanently banned artist for breaking a rule, artist apologies, mod t; [5] r/tifu | 16206pts ...",No source URL,2026-03-05,COMPLETE
ALPHA1434,"scraping competitors followers on linkedin generated 70% of our cold email results tested a ton of different lead list sources for B2B SaaS in email marketing space, scraping followers of competitors on linkedin crushed everything else

takeaway:  
people already using competitor products = highe...",scraping competitors followers on linkedin generated 70 of our cold email results tested a ton of,Found 10 related discussions. total engagement: 54868 upvotes / 7476 comments. top subreddits: BestofRedditorUpdates. top topics: My (35/F) sister (25/F) has a bridesmaid (25/F) gone rogue | [New Update - One Year Later]: Hairstylist Has been Taking/K | I have 2 weeks to get away from my husband (New 1 year Updat. 9 high-signal thread(s) (100+ upvotes or 50+ comments),[1] r/BestofRedditorUpdates | 9102pts 487comments | My (35/F) sister (25/F) has a bridesmaid (25/F) gone rogue; [2] r/BestofRedditorUpdates | 8819pts 532comments | [New Update - One Year Later]: Hairstylist Has been Taking/Keeping My Hair?; [3] r/BestofRedditorUpdates | 8736pts 605comments | I have 2 weeks to get away from my husband (New 1 year Update); [4] r/BestofRedditorUpdates | 6202pts 544comments | My sister (32 F) called CPS on my husband and I. Now that the case has been clos; [5] r/...,No source URL,2026-03-05,COMPLETE
ALPHA1437,"how a 29 word copy helped book 375+ calls last year Quick background: I spent last year doing outbound for lead data tool called Scrapeamax, so it pulls unlimited lists from 11 databases like Crunchbase, BuiltWith, Store Leads, GMB, etc

the copy that got us there was stupidly short like 29 words...",how a 29 word copy helped book 375 calls last year Quick background I spent last year doing,"Found 10 related discussions. total engagement: 170700 upvotes / 18565 comments. top subreddits: theydidthemath, AITAH, SeattleWA, AmIOverreacting. top topics: [Self] A Simulation of Being Dropped Randomly in the Ocean E | AIO? My daughter didn’t listen to the teacher during a femal | Am I the a-hole for making my daughter's BF buy a new t-shir. 7 high-signal thread(s) (100+ upvotes or 50+ comments)","[1] r/theydidthemath | 38602pts 1686comments | [Self] A Simulation of Being Dropped Randomly in the Ocean Every Day for 5 Years; [2] r/AmIOverreacting | 31694pts 3315comments | AIO? My daughter didn’t listen to the teacher during a female emergency and is n; [3] r/AITAH | 29091pts 5938comments | Am I the a-hole for making my daughter's BF buy a new t-shirt?; [4] r/SeattleWA | 28173pts 1928comments | Employed, Sober, Functioning, and Homeless Experience; [5] r/AITAH | 17618pts 2795comments | M...",No source URL,2026-03-05,COMPLETE
ALPHA1442,"I sent 15,000 cold emails last month. Here’s the entire playbook I built to do it. (For experienced and newbies) I'm a solo founder, and paid ads were bleeding me dry. A few months ago, I decided to go all-in on cold email to find customers for my SaaS.

I quickly learned that the process is a ni...",I sent 15 000 cold emails last month outbound,"Found 10 related discussions. total engagement: 88848 upvotes / 629 comments. top subreddits: MadeMeSmile, buildinpublic, coldemail, scaleinpublic. top topics: A man I’ve worked with for the last 15 years just sent me th | Sent 100K Cold Emails Last Month — here is everything i know | I booked 127 calls at $0 cost. No ads. No email. Just Reddit. 1 high-signal thread(s) (100+ upvotes or 50+ comments)","[1] r/MadeMeSmile | 88778pts 540comments | A man I’ve worked with for the last 15 years just sent me this pic of him going ; [2] r/coldemail | 33pts 5comments | Sent 100K Cold Emails Last Month — here is everything i know on how to write a p; [3] r/buildinpublic | 16pts 17comments | I booked 127 calls at $0 cost. No ads. No email. Just Reddit DMs.; [4] r/coldemail | 11pts 28comments | Sent 1,900+ cold emails/day for B2B clients. Here's what actually works in 2025 ; [5] r/scaleinpublic | 4pts ...",No source URL,2026-03-05,COMPLETE
ALPHA1443,"I’ve got some free time this weekend and thought I’d use it to help a few B2B SaaS founders here. If you’re early-stage and still figuring out your GTM, I’m happy to jump on a call and help you set up or improve things like:

– Cold email outreach (strategy, copy, tools, basic automation)

– Link...",I ve got some free time this weekend and thought I d use it to help a few B2B SaaS founders here,No Reddit discussions found,0 discussions,No source URL,2026-03-05,COMPLETE
ALPHA1444,"tested 18 cold email frameworks across 464k sends, only 3 patterns broke 2% reply rate consistently ran cold email for b2b saas, sent 484k emails over 4 months testing different opener structures (opener = 1st email in a sequence). Most cold email advice is absurdly generic (""personalize the firs...",tested 18 cold email frameworks across 464k sends only 3 patterns broke 2 reply rate consistently,"Found 10 related discussions. total engagement: 76206 upvotes / 12090 comments. top subreddits: BestofRedditorUpdates, UFOs. top topics: [New Updates]: My 15yo idiot kid got his GF pregnant on purp | My 15yo idiot kid got his GF pregnant on purpose. | [New Update]: My 15yo idiot kid got his GF pregnant on purpo. 9 high-signal thread(s) (100+ upvotes or 50+ comments)","[1] r/BestofRedditorUpdates | 14733pts 1619comments | [New Updates]: My 15yo idiot kid got his GF pregnant on purpose.; [2] r/BestofRedditorUpdates | 13146pts 1293comments | My 15yo idiot kid got his GF pregnant on purpose.; [3] r/BestofRedditorUpdates | 10857pts 1194comments | [New Update]: My 15yo idiot kid got his GF pregnant on purpose.; [4] r/UFOs | 9071pts 3741comments | You wanted Disclosure.... I am a whistleblower recently ""retired"" from the insid; [5] r/BestofRedditorUpdates | 8740p...",No source URL,2026-03-05,COMPLETE
ALPHA1445,"Why Cold Email Is the SAFEST & Most SCALABLE Outbound Channel in 2026 **1. Cold email doesn’t cap your growth**  
LinkedIn limits you.  
Ads cost more every month.  
Cold calling burns teams out.  
Cold email?  
  
You can send:  
500 → 1,000 → 10,000 emails/day  
  
Volume scales with infrastruc...",Why Cold Email Is the SAFEST Most SCALABLE Outbound Channel in 2026 1 outbound,"Found 10 related discussions. total engagement: 82970 upvotes / 10096 comments. top subreddits: SubredditDrama, stpaul, BestofRedditorUpdates. top topics: “You Gotta Stop Obstructing Us, That’s Why That Lesbian B*** | ICE Kills Yet Another Protestor, A Study in r/Conservative C | I have 2 weeks to get away from my husband (New 1 year Updat. 9 high-signal thread(s) (100+ upvotes or 50+ comments)","[1] r/stpaul | 22225pts 3625comments | “You Gotta Stop Obstructing Us, That’s Why That Lesbian B**** is Dead:” MN Woman; [2] r/SubredditDrama | 8970pts 740comments | ICE Kills Yet Another Protestor, A Study in r/Conservative Censorship; [3] r/BestofRedditorUpdates | 8736pts 605comments | I have 2 weeks to get away from my husband (New 1 year Update); [4] r/BestofRedditorUpdates | 8484pts 879comments | Update: I (33F) don't want my friend's (34F) legitimately mentally ill wife (48F; [5] r/Best...",No source URL,2026-03-05,COMPLETE
ALPHA1448,"We are living in the!! golden age of technology I’m an indie dev and one of my small side projects (simple calorie + habit tracking mobile app) just has started earning me money. Not an impressive number by startup-Twitter standards, but it covers my devops costs, AI tools, and about half of my c...",We are living in the content format,"Found 10 related discussions. total engagement: 36707 upvotes / 7089 comments. top subreddits: BestofRedditorUpdates, F1Technical. top topics: My (F30) husband (M33) has been cheating on me with my best  | AITA For moving after winning full custody of my sons | I work at an F1 team: A guide to getting a job in F1. 10 high-signal thread(s) (100+ upvotes or 50+ comments)",[1] r/BestofRedditorUpdates | 7658pts 363comments | My (F30) husband (M33) has been cheating on me with my best friend (F31) and ask; [2] r/BestofRedditorUpdates | 7118pts 1327comments | AITA For moving after winning full custody of my sons; [3] r/F1Technical | 5509pts 279comments | I work at an F1 team: A guide to getting a job in F1; [4] r/BestofRedditorUpdates | 5120pts 712comments | Opposing Counsel Just Filed a ChatGPT Hallucination with the Court; [5] r/BestofRedditorUpdates | 2397pts 8...,No source URL,2026-03-05,COMPLETE
ALPHA1449,"I've built 3 products in the last year, for my 4th I made sure I have the monetisation step from Day 1 1st product: B2B platform that analyses your online reviews to spot trends. Got 2 paying customers, even had meetings with directors of global companies, but ultimately it is too much work to tr...",I ve built 3 products in the last year for my 4th I made sure I have the monetisation step from Day,No Reddit discussions found,0 discussions,No source URL,2026-03-05,COMPLETE
ALPHA1453,"I analyzed 10,000 SaaS launches and found patterns to make the best one‑line pitch for your startup I scraped and reviewed 10,000+ launches across launch directories to see what actually makes people click.

And I don’t think it’s a coincidence that 90% of launches are literally invisible. (I too...",I analyzed 10 000 SaaS launches and found patterns to make the best one line pitch for your startup,"Found 10 related discussions. total engagement: 112064 upvotes / 9036 comments. top subreddits: Epstein, selfhosted, BestofRedditorUpdates. top topics: I mapped every connection in the Epstein files. It started w | I quit my job to run EpsteinExposed.com full time. Here's wh | My [23F] boyfriend [23M] of 1 year is bad at everything and . 8 high-signal thread(s) (100+ upvotes or 50+ comments)","[1] r/Epstein | 34507pts 1409comments | I mapped every connection in the Epstein files. It started with 6,000 documents.; [2] r/Epstein | 33193pts 1157comments | I quit my job to run EpsteinExposed.com full time. Here's what 12 days looks lik; [3] r/BestofRedditorUpdates | 11942pts 1258comments | My [23F] boyfriend [23M] of 1 year is bad at everything and it's making me lose ; [4] r/selfhosted | 9229pts 1292comments | Huntarr - Your passwords and your entire arr stack's API keys are exposed t...",No source URL,2026-03-05,COMPLETE
ALPHA1463,"$2K MRR. 132 subs. Only TikTok. Full funnel breakdown inside. I launched a mobile app (iOS + Android) 8 weeks ago. Solo dev. Zero ad budget. The only acquisition channel has been organic TikTok content.

Sharing the full business breakdown because I think the numbers are interesting — and because...",Only TikTok app factory,"Found 10 related discussions. total engagement: 3850 upvotes / 1949 comments. top subreddits: LenovoLegion, IndieDev, ipad, Marxism, PedroPeepos. top topics: Is China still a socialist country today? From the perspecti | Full translation of Kameto's stream about the LR situation | First project, one month stats, how i did it. $56000 Gross. . 10 high-signal thread(s) (100+ upvotes or 50+ comments)","[1] r/Marxism | 934pts 270comments | Is China still a socialist country today? From the perspective of China's left-w; [2] r/PedroPeepos | 654pts 197comments | Full translation of Kameto's stream about the LR situation; [3] r/IndieDev | 630pts 113comments | First project, one month stats, how i did it. $56000 Gross. 6 Month dev time; [4] r/ipad | 563pts 138comments | I Finally Fixed the Insane Battery Drain on My New 13"" M5 iPad Pro — Here’s the ; [5] r/LenovoLegion | 316pts 127comments | You...",No source URL,2026-03-05,COMPLETE
ALPHA1464,"Selling my mobile app - 100% Organic Growth - What's it worth? I've attached the dashboard I've built to track the app, some key notes:

* Video game companion app.
* React Native - **1 Code Base**, Both Platforms
* Launched Free to coincide with virality timing **1st Dec 2025** on **iOS.**
* Lau...",Selling my mobile app - 100 Organic Growth - What s it worth app factory,"Found 10 related discussions. total engagement: 149784 upvotes / 16523 comments. top subreddits: AmItheAsshole, jobsearchhacks, Epstein, Futurology, careeradvice. top topics: The EU says it will introduce a digital payments infrastruct | Former HR here - subtle signs your company is preparing for  | Things You Need to LIE About in an interview (from a recruit. 10 high-signal thread(s) (100+ upvotes or 50+ comments)",[1] r/Futurology | 35925pts 2965comments | The EU says it will introduce a digital payments infrastructure to replace Visa/; [2] r/careeradvice | 24031pts 1116comments | Former HR here - subtle signs your company is preparing for layoffs; [3] r/jobsearchhacks | 23338pts 1341comments | Things You Need to LIE About in an interview (from a recruiter); [4] r/Epstein | 20009pts 1418comments | 1997 Little Black Book not redacted - LEAKED JUST NOW - not in order..; [5] r/AmItheAsshole | 10076pts 202...,No source URL,2026-03-05,COMPLETE
ALPHA1469,"$3.5k MRR App: Seeking Technical Co-Founder (Flutter & Firebase) **Hey everyone,**

I’m a solo founder running a live consumer mobile app (iOS + Android) that’s already profitable and consistently growing.

**Current traction (launched 9 Months ago):**

* Revenue: \~$3,500 MRR
* Users: \~500 payi...",5k MRR App Seeking Technical Co-Founder Flutter Firebase Hey everyone app factory,"Found 10 related discussions. total engagement: 76181 upvotes / 13066 comments. top subreddits: unpopularopinion, TwoHotTakes, SipsTea, pcmasterrace, homestead. top topics: Looking for a man to relocate to TN and start a mildly feral | Lets Not Meet- The time I matched with a 🌽 star… | well rip to all the women who use tea. 10 high-signal thread(s) (100+ upvotes or 50+ comments)",[1] r/homestead | 16158pts 3005comments | Looking for a man to relocate to TN and start a mildly feral domesticated life t; [2] r/TwoHotTakes | 13021pts 482comments | Lets Not Meet- The time I matched with a 🌽 star…; [3] r/SipsTea | 11692pts 1380comments | well rip to all the women who use tea; [4] r/unpopularopinion | 11512pts 4018comments | Life is more expensive these days because things that used to be luxuries have b; [5] r/pcmasterrace | 6691pts 465comments | Windows PC may support unif...,No source URL,2026-03-05,COMPLETE
ALPHA1471,"I bought my first business at 21 for $4k A lot of people think you need hundreds of thousands of dollars, an MBA, or 10 years of experience to buy a business.

That wasn’t my experience at all.

When I was 21, I bought my first business for **$4,000**. It was a small B2C SaaS that was already mak...",I bought my first business at 21 for 4k A lot of people think you need hundreds of thousands of,No Reddit discussions found,0 discussions,No source URL,2026-03-05,COMPLETE
ALPHA1481,"I'm Training 1,000 Employees For A Huge Sum of Money I recently met with the founder of a news company in India (cannot disclose name) to train his marketing department in using AI tools such as Claude, Kling, and Nanobanana pro to create internal AI tools.

The size of this deal is more money th...",I m Training 1 000 Employees For A Huge Sum of Money I recently met with the founder of a news,"Found 10 related discussions. total engagement: 194416 upvotes / 15269 comments. top subreddits: Epstein, complaints, Millennials, mildlyinfuriating. top topics: My best friend was actually a caregiver for some relatives i | I mapped every connection in the Epstein files. It started w | I quit my job to run EpsteinExposed.com full time. Here's wh. 9 high-signal thread(s) (100+ upvotes or 50+ comments)","[1] r/complaints | 36901pts 2204comments | My best friend was actually a caregiver for some relatives in Charlie Kirk's fam; [2] r/Epstein | 34510pts 1409comments | I mapped every connection in the Epstein files. It started with 6,000 documents.; [3] r/Epstein | 33195pts 1157comments | I quit my job to run EpsteinExposed.com full time. Here's what 12 days looks lik; [4] r/mildlyinfuriating | 25295pts 2631comments | An Update: I was warned about my child's martial arts school. I should have li...",No source URL,2026-03-05,COMPLETE
ALPHA1483,"Ever had a business class analyze a real ad campaign you actually care about? I’m a fan of KATSEYE, so when I saw the GAP × KATSEYE campaign, I just thought it was a cool collab. I mentioned it to my teachers in class, and instead of brushing it off, they actually turned it into a full discussion...",Ever had a business class analyze a real ad campaign you actually care about general,"Found 10 related discussions. total engagement: 95601 upvotes / 9272 comments. top subreddits: Epstein, antimeme, complaints, AmIOverreacting, NatureofPredators. top topics: My best friend was actually a caregiver for some relatives i | I mapped every connection in the Epstein files. It started w | Full Course Story, Apology & Mod Election. 4 high-signal thread(s) (100+ upvotes or 50+ comments)","[1] r/complaints | 36896pts 2204comments | My best friend was actually a caregiver for some relatives in Charlie Kirk's fam; [2] r/Epstein | 34503pts 1409comments | I mapped every connection in the Epstein files. It started with 6,000 documents.; [3] r/antimeme | 15996pts 3318comments | Full Course Story, Apology & Mod Election; [4] r/AmIOverreacting | 8113pts 2300comments | AIO for calling off my engagement after my fiancé admitted his family secretly t; [5] r/NatureofPredators | 72pts 23com...",No source URL,2026-03-05,COMPLETE
ALPHA1486,"I tracked every hour I spent on my business for 90 days. Here's where I was actually wasting time. Three months ago I started logging every single hour I spent working on my business. Not categories like ""marketing"" or ""product"" -- actual tasks, timed to the minute.

The results were brutal.

Her...",I tracked every hour I spent on my business for 90 days general,"Found 10 related discussions. total engagement: 1847 upvotes / 781 comments. top subreddits: ShortTermRentals, FacebookAds, AmerExit, digitalproductselling, awardtravel. top topics: Successful Exit to Japan, notes after 6 months | Guide to Award Travel Tools (Updated March 2025) | I shielded $446k of income from taxes with one STR property . 7 high-signal thread(s) (100+ upvotes or 50+ comments)","[1] r/AmerExit | 531pts 63comments | Successful Exit to Japan, notes after 6 months; [2] r/awardtravel | 451pts 103comments | Guide to Award Travel Tools (Updated March 2025); [3] r/ShortTermRentals | 351pts 147comments | I shielded $446k of income from taxes with one STR property (and it cash flows $; [4] r/FacebookAds | 142pts 51comments | Actual advice from someone with day 1 Meta Ads experience and millions in annual; [5] r/digitalproductselling | 114pts 75comments | I Stopped Trying to G...",No source URL,2026-03-05,COMPLETE
ALPHA1496,"Why discounting your product early is usually a mistake (i will not promote) I see this a lot with early-stage founders, and I’ve done it myself.

You launch something, it’s rough around the edges, you’re not fully confident yet, and lowering the price feels like the reasonable move. You tell you...",Why discounting your product early is usually a mistake i will not promote I see this a lot with,"Found 10 related discussions. total engagement: 284 upvotes / 190 comments. top subreddits: Daytrading, IdleHeroes, startups, iosdev, PropFirmTester. top topics: Updated New Player Guide (2026) | My honest experience as a COO of a propfirm and some tips to | My honest experience as a propfirm COO and some tips. 1 high-signal thread(s) (100+ upvotes or 50+ comments)",[1] r/IdleHeroes | 72pts 28comments | Updated New Player Guide (2026); [2] r/PropFirmTester | 68pts 71comments | My honest experience as a COO of a propfirm and some tips to make payout; [3] r/Daytrading | 67pts 37comments | My honest experience as a propfirm COO and some tips; [4] r/iosdev | 50pts 11comments | 100 Lessons From Bootstrapping My App to a 7-Figure Exit; [5] r/startups | 12pts 15comments | Why discounting your product early is usually a mistake (i will not promote),No source URL,2026-03-05,COMPLETE
ALPHA1498,"Launched my first SaaS yesterday. Woke up to 3 paying users and broo I’m actually shaking 😭 😭 😭 😭 I’ve spent months second-guessing if [ScreenSorts](https://screensorts.app/) was even worth building. Being a solo dev, you constantly hear that the ""AI space is too crowded"" or ""nobody pays for desk...",Launched my first SaaS yesterday tool alpha,"Found 10 related discussions. total engagement: 109248 upvotes / 9802 comments. top subreddits: BestofRedditorUpdates, Epstein, recruitinghell, tifu, UFOs. top topics: I quit my job to run EpsteinExposed.com full time. Here's wh | TIFUpdate I told my PM to ""get to the point"" in front of 40  | Fired on day 1 for leaving at 6:30 PM. The audacity is unrea. 8 high-signal thread(s) (100+ upvotes or 50+ comments)","[1] r/Epstein | 33201pts 1157comments | I quit my job to run EpsteinExposed.com full time. Here's what 12 days looks lik; [2] r/tifu | 25568pts 621comments | TIFUpdate I told my PM to ""get to the point"" in front of 40 people. I finally op; [3] r/recruitinghell | 15663pts 873comments | Fired on day 1 for leaving at 6:30 PM. The audacity is unreal.; [4] r/UFOs | 9074pts 3741comments | You wanted Disclosure.... I am a whistleblower recently ""retired"" from the insid; [5] r/BestofRedditorUpdates |...",No source URL,2026-03-05,COMPLETE
ALPHA1502,"I don’t want to build a unicorn. I want a boring, profitable business. I’ve worked on high-growth startups, helped scale products, built funnels, launched campaigns; the whole growth-marketing playbook. But lately, I’ve been rethinking what I actually want.

Not interested in billion-dollar valua...",I don t want to build a unicorn growth hack,"Found 10 related discussions. total engagement: 40023 upvotes / 4212 comments. top subreddits: BestofRedditorUpdates, TwoHotTakes, ProgressiveHQ, Fauxmoi. top topics: My husband wants me to quit my job now we have children and  | Jay Leno, who relentlessly bullied Monica Lewinsky while he  | A 1.5 years later update: I think I don’t want to marry my b. 6 high-signal thread(s) (100+ upvotes or 50+ comments)","[1] r/BestofRedditorUpdates | 11106pts 1296comments | My husband wants me to quit my job now we have children and he makes enough mone; [2] r/Fauxmoi | 10285pts 388comments | Jay Leno, who relentlessly bullied Monica Lewinsky while he was employed, now be; [3] r/BestofRedditorUpdates | 7293pts 305comments | A 1.5 years later update: I think I don’t want to marry my bf anymore; [4] r/ProgressiveHQ | 5771pts 435comments | This is ICE agents coming into a Privately owned building and when a Elec...",No source URL,2026-03-05,COMPLETE
ALPHA1509,AI tools for sales deck creation (at scale) - need to scale without hiring designers B2B SaaS company. We are heavily dependent on creating personalised proposals/decks for each potential customer. Was using Notion for this but the proposal look super flat and boring + would like to not just send...,AI tools for sales deck creation at scale - need to scale without hiring designers B2B SaaS company,"Found 10 related discussions. total engagement: 92575 upvotes / 11274 comments. top subreddits: careeradvice, BestofRedditorUpdates, selfhosted, gaming, TopCharacterTropes. top topics: Former HR here - subtle signs your company is preparing for  | Larian Studios CEO Swen Vincke responds to GenAI criticism:  | [Deep Trope] Beings That Are Truly Beyond The Scope Of Human. 8 high-signal thread(s) (100+ upvotes or 50+ comments)","[1] r/careeradvice | 24024pts 1116comments | Former HR here - subtle signs your company is preparing for layoffs; [2] r/gaming | 16326pts 2400comments | Larian Studios CEO Swen Vincke responds to GenAI criticism: ""Holy fuck guys we’r; [3] r/TopCharacterTropes | 12212pts 1444comments | [Deep Trope] Beings That Are Truly Beyond The Scope Of Human Understanding; [4] r/selfhosted | 9231pts 1292comments | Huntarr - Your passwords and your entire arr stack's API keys are exposed to any; [5] r/Besto...",No source URL,2026-03-05,COMPLETE
ALPHA1510,"$1.7 Millions spent on YouTube Influencers. Here's what I learned. If you want to scale your marketing with influencers but dont want to burn cash on bad deals, get scammed by fake bot views, or waste months listening to ""gurus"" who have never actually booked a sponsorship... then you might enjoy...",7 Millions spent on YouTube Influencers tool alpha,"Found 10 related discussions. total engagement: 135113 upvotes / 5076 comments. top subreddits: playboicarti, memes, recruitinghell, interesting, law. top topics: Early in Trump's term we asked, “Is it a constitutional cris | Everyone needs to go see Iron Lung | Fired on day 1 for leaving at 6:30 PM. The audacity is unrea. 7 high-signal thread(s) (100+ upvotes or 50+ comments)","[1] r/law | 55394pts 1523comments | Early in Trump's term we asked, “Is it a constitutional crisis?” Yeah, it was. B; [2] r/memes | 45551pts 919comments | Everyone needs to go see Iron Lung; [3] r/recruitinghell | 16064pts 878comments | Fired on day 1 for leaving at 6:30 PM. The audacity is unreal.; [4] r/interesting | 14413pts 978comments | He went from hauling trash to holding $12.7M only to end up back on the same gar; [5] r/playboicarti | 1598pts 70comments | Someone in Juice WRLD comm sp...",No source URL,2026-03-05,COMPLETE
ALPHA1514,"learnt to code at 30 and just made my first $567 MRR (what worked vs what didn't) hey r/SaaS 

gonna be real with you - 2024/2025 was brutal. taught myself to code, then launched 3 different saas and watched them all crash and burn. was starting to think i wasn't cut out for this.

I 've been a q...",learnt to code at 30 and just made my first 567 MRR what worked vs what didn t hey r/SaaS tool alpha,No Reddit discussions found,0 discussions,No source URL,2026-03-05,COMPLETE
ALPHA1515,"Google Ads for SaaS. Don't listen to Google's suggestions. If you want to scale your SaaS with Google Ads but you are afraid of burning your budget on broad keywords, getting outbid by giant competitors, or just feeling like the platform is a giant ""black box"" that eats money... then you should r...",Google Ads for SaaS tool alpha,"Found 10 related discussions. total engagement: 861 upvotes / 269 comments. top subreddits: wallstreetbets, SoftwareEngineerJobs, SaaS, nocode. top topics: Daily GOOGLE GOON SQUAD: $GOOGL$ is the true AI king and it’ | I tested multiple startup ideas at the same time before buil | [US] 30+ Software Engineer jobs that opened this week (remot. 2 high-signal thread(s) (100+ upvotes or 50+ comments)","[1] r/wallstreetbets | 713pts 207comments | Daily GOOGLE GOON SQUAD: $GOOGL$ is the true AI king and it’s about to print; [2] r/SaaS | 114pts 32comments | I tested multiple startup ideas at the same time before building and got 400+ ea; [3] r/SoftwareEngineerJobs | 19pts 3comments | [US] 30+ Software Engineer jobs that opened this week (remote, hybrid); [4] r/SaaS | 3pts 11comments | I quit my banking job to build a portfolio risk analytics tool for retail invest; [5] r/nocode | 3pts 1comment...",No source URL,2026-03-05,COMPLETE
ALPHA1520,"I audited the organic traffic of 50 startups from the W24/S25 batches. 82% are basically invisible. I’ve been obsessed with the ""Do things that don't scale"" mantra, but as a technical marketer, I wanted to see what happens when these companies actually *try* to scale.

I pulled the domain data fo...",I audited the organic traffic of 50 startups from the W24/S25 batches growth hack,"Found 10 related discussions. total engagement: 67067 upvotes / 6635 comments. top subreddits: careeradvice, BestofRedditorUpdates, selfhosted, Superstonk, ForCuriousSouls. top topics: Former HR here - subtle signs your company is preparing for  | Huntarr - Your passwords and your entire arr stack's API key | ‎In 2022, Shanteari Weems, a Maryland daycare owner, shot he. 10 high-signal thread(s) (100+ upvotes or 50+ comments)","[1] r/careeradvice | 24023pts 1116comments | Former HR here - subtle signs your company is preparing for layoffs; [2] r/selfhosted | 9231pts 1292comments | Huntarr - Your passwords and your entire arr stack's API keys are exposed to any; [3] r/ForCuriousSouls | 7725pts 246comments | ‎In 2022, Shanteari Weems, a Maryland daycare owner, shot her husband, a former ; [4] r/Superstonk | 6449pts 257comments | Comprehensive Due Diligence Report: RICO Prosecution of Naked Short Sellers Targ; [5] r/Be...",No source URL,2026-03-05,COMPLETE
ALPHA1521,"We bootstrapped to $3M ARR then took funding. Wish we'd stayed bootstrapped. The money was tempting. Accelerate growth, hire faster, capture more market. The investors were good people with real experience. It seemed like the logical next step.

Two years later, I have regrets.

The money came wi...",We bootstrapped to 3M ARR then took funding growth hack,"Found 10 related discussions. total engagement: 37414 upvotes / 4920 comments. top subreddits: fednews, BestofRedditorUpdates, ABoringDystopia, AITAH, AskHistorians. top topics: She bought a burrito on an interest free installment plan | White House officials wanted to put federal workers ‘in trau | AITAH for refusing to let it slide after my wife said I run . 10 high-signal thread(s) (100+ upvotes or 50+ comments)","[1] r/ABoringDystopia | 10039pts 335comments | She bought a burrito on an interest free installment plan; [2] r/fednews | 6419pts 413comments | White House officials wanted to put federal workers ‘in trauma.’ It’s working. |; [3] r/AITAH | 4730pts 1278comments | AITAH for refusing to let it slide after my wife said I run a “hobby business”?; [4] r/BestofRedditorUpdates | 3910pts 412comments | [Final New Update]: Grampa is ""punishing"" my dad. I have the power to stop it, b; [5] r/AskHistorians...",No source URL,2026-03-05,COMPLETE
ALPHA1528,"Validated 19 SaaS ideas in 11 months. 17 failed !! Most SaaS founders build first, validate later. I did that twice. Spent 5 months building a scheduling tool nobody wanted. Then 4 months on a form builder that got 12 signups. Almost quit. Then learned this validation framework from [FounderToolk...",Validated 19 SaaS ideas in 11 months tool alpha,"Found 10 related discussions. total engagement: 137863 upvotes / 12306 comments. top subreddits: pettyrevenge, pcmasterrace, AmIOverreacting, dataisbeautiful, SubredditDrama. top topics: Boss always found an error with my monthly reports and cover | **UPDATE** Received Rocks In Place Of ASUS TUF 5080 | r/Art mod permanently banned artist for breaking a rule, art. 10 high-signal thread(s) (100+ upvotes or 50+ comments)","[1] r/pettyrevenge | 37351pts 686comments | Boss always found an error with my monthly reports and cover letters, so I used ; [2] r/pcmasterrace | 32372pts 2050comments | **UPDATE** Received Rocks In Place Of ASUS TUF 5080; [3] r/SubredditDrama | 22078pts 3766comments | r/Art mod permanently banned artist for breaking a rule, artist apologies, mod t; [4] r/dataisbeautiful | 12211pts 603comments | [OC] 3 Month Update: r-Conservative adds a third super-poster making it even les; [5] r/AmIOverre...",No source URL,2026-03-05,COMPLETE
ALPHA1529,"I built a tool that analyzes thousands of App Store reviews to show you exactly what to build built a tool that helps app developers know exactly what features to add and wanted to showcase it here with a quick demo

you can pull thousands of negative reviews from any app niche and get a complete...",I built a tool that analyzes thousands of App Store reviews to show you exactly what to build built,"Found 10 related discussions. total engagement: 319 upvotes / 151 comments. top subreddits: Solopreneur, buildinpublic, microsaas, micro_saas, iosdev. top topics: I scraped 50,000+ negative app store reviews. Here are 6 app | I scraped 50,000+ negative app store reviews. Here are 6 app | 100 Lessons From Bootstrapping My App to a 7-Figure Exit","[1] r/micro_saas | 95pts 31comments | I scraped 50,000+ negative app store reviews. Here are 6 app ideas people are li; [2] r/Solopreneur | 65pts 22comments | I scraped 50,000+ negative app store reviews. Here are 6 app ideas people are li; [3] r/iosdev | 50pts 11comments | 100 Lessons From Bootstrapping My App to a 7-Figure Exit; [4] r/buildinpublic | 37pts 7comments | I built a tool that analyzes thousands of App Store reviews to show you exactly ; [5] r/microsaas | 35pts 16comments | I bui...",No source URL,2026-03-05,COMPLETE
ALPHA1530,"Drop your SaaS - I'll find you active posts & leads for free Let us know: **What you do/sell/provide?**

I'm gotta find people who talked about your niche within the last 24 hours

Because the only metric that actually matters right now is **Recency**. If someone engaged with a post about a speci...",Drop your SaaS - I ll find you active posts leads for free Let us know What you do/sell/provide,No Reddit discussions found,0 discussions,No source URL,2026-03-05,COMPLETE
ALPHA1531,"How to scale a SaaS to $20k MRR in 90 days using AI Most founders think scaling to $20k MRR requires a massive team and 12 months of coding. 

It doesn't. 

In 2026, the ""magic formula"" is 200 customers paying $100/month, and the fastest way to get there is by using AI Agents to replace manual gr...",How to scale a SaaS to 20k MRR in 90 days using AI Most founders think scaling to 20k MRR requires,"Found 10 related discussions. total engagement: 74784 upvotes / 10402 comments. top subreddits: NewsRewind, BestofRedditorUpdates, careeradvice, wallstreetbets, UFOs. top topics: Former HR here - subtle signs your company is preparing for  | Two Federal Reserve Members Say the Jobs Numbers Are Wrong.  | Just lost my mind at my boyfriend. 6 high-signal thread(s) (100+ upvotes or 50+ comments)","[1] r/careeradvice | 24028pts 1116comments | Former HR here - subtle signs your company is preparing for layoffs; [2] r/wallstreetbets | 16176pts 1127comments | Two Federal Reserve Members Say the Jobs Numbers Are Wrong. Revision Is Tomorrow; [3] r/BestofRedditorUpdates | 10326pts 995comments | Just lost my mind at my boyfriend; [4] r/UFOs | 9069pts 3741comments | You wanted Disclosure.... I am a whistleblower recently ""retired"" from the insid; [5] r/NewsRewind | 8837pts 1332comments | Why Do...",No source URL,2026-03-05,COMPLETE
ALPHA1532,"Shipping StartupSubmit.app (Manual Directory Submission Service). What are you building? I'll start.

I'm launching updates for [**StartupSubmit.app**](https://startupsubmit.app) today.

It is a service that helps SaaS founders get 250+ backlinks from top startup directories. Unlike automated too...",Shipping StartupSubmit growth hack,"Found 10 related discussions. total engagement: 75 upvotes / 50 comments. top subreddits: cofounder, ecommerce, shopify. top topics: E-commerce Industry News Recap 🔥 Week of July 21st, 2025 | [USA][TECH][10] Seeking GTM cofounder with a focus on hospit | This Week's Top E-commerce News Stories 💥 July 21st, 2025","[1] r/ecommerce | 20pts 3comments | E-commerce Industry News Recap 🔥 Week of July 21st, 2025; [2] r/cofounder | 14pts 23comments | [USA][TECH][10] Seeking GTM cofounder with a focus on hospitality verticals for ; [3] r/shopify | 13pts 7comments | This Week's Top E-commerce News Stories 💥 July 21st, 2025; [4] r/ecommerce | 10pts 4comments | E-commerce Industry News Recap 🔥 Week of Dec 22nd, 2025; [5] r/shopify | 7pts 2comments | This Week's Top E-commerce News Stories 💥 Dec 22nd, 2025",No source URL,2026-03-05,COMPLETE
ALPHA1533,"I tested every Reddit marketing tool in 2026 so you don't have to. Here's my honest breakdown Full disclosure up front: I'm the creator of Subreddit Signals. I'm obviously biased, and I'll be transparent about that throughout this post. But I've also spent the last year+ deep in the Reddit market...",I tested every Reddit marketing tool in 2026 so you don t have to tool alpha,"Found 10 related discussions. total engagement: 180813 upvotes / 27470 comments. top subreddits: wallstreetbets, SeattleWA, antiwork, Epstein. top topics: I quit my job to run EpsteinExposed.com full time. Here's wh | Employed, Sober, Functioning, and Homeless Experience | Be careful on what you post here. 10 high-signal thread(s) (100+ upvotes or 50+ comments)","[1] r/Epstein | 33198pts 1157comments | I quit my job to run EpsteinExposed.com full time. Here's what 12 days looks lik; [2] r/SeattleWA | 28316pts 1938comments | Employed, Sober, Functioning, and Homeless Experience; [3] r/Epstein | 28262pts 1230comments | Be careful on what you post here; [4] r/antiwork | 16975pts 2942comments | Boomers won’t retire and it’s screwing the rest of us. There I said it.; [5] r/wallstreetbets | 16180pts 1127comments | Two Federal Reserve Members Say the Jobs Nu...",No source URL,2026-03-05,COMPLETE
ALPHA1537,"I spent 3 weeks building an affiliate program directory with 2,600+ vetted programs. Here's what I learned For the past few weeks, I've been working on something I wish existed when I started with affiliate marketing: a proper directory of affiliate programs.

**The problem I was solving:**

Ever...",I spent 3 weeks building an affiliate program directory with 2 600 vetted programs monetization,"Found 10 related discussions. total engagement: 69611 upvotes / 7157 comments. top subreddits: BestofRedditorUpdates, movies. top topics: New Update 2.5 years later: My son's friend's parents want t | I saw 290 movies in theaters in 2025. Here is my full rankin | I have 2 weeks to get away from my husband (New 1 year Updat. 9 high-signal thread(s) (100+ upvotes or 50+ comments)",[1] r/BestofRedditorUpdates | 16462pts 606comments | New Update 2.5 years later: My son's friend's parents want to adopt him; [2] r/movies | 9921pts 1491comments | I saw 290 movies in theaters in 2025. Here is my full ranking.; [3] r/BestofRedditorUpdates | 8747pts 605comments | I have 2 weeks to get away from my husband (New 1 year Update); [4] r/BestofRedditorUpdates | 7987pts 582comments | New Update 3 years later: I called CPS on my sister; [5] r/BestofRedditorUpdates | 6090pts 732comment...,No source URL,2026-03-05,COMPLETE
ALPHA1538,"I’ve hired over 1,000 influencers and spent millions. Here is the no-bs playbook. If you want to scale your marketing with influencers but dont want to burn cash on bad deals, get scammed by fake bot views, or waste months listening to ""gurus"" who have never actually booked a sponsorship... then ...",I ve hired over 1 000 influencers and spent millions tool alpha,"Found 10 related discussions. total engagement: 180277 upvotes / 11782 comments. top subreddits: theydidthemath, wallstreetbets, Epstein, LifeProTips. top topics: [Self] A Simulation of Being Dropped Randomly in the Ocean E | I mapped every connection in the Epstein files. It started w | I quit my job to run EpsteinExposed.com full time. Here's wh. 10 high-signal thread(s) (100+ upvotes or 50+ comments)","[1] r/theydidthemath | 38589pts 1686comments | [Self] A Simulation of Being Dropped Randomly in the Ocean Every Day for 5 Years; [2] r/Epstein | 34502pts 1409comments | I mapped every connection in the Epstein files. It started with 6,000 documents.; [3] r/Epstein | 33204pts 1157comments | I quit my job to run EpsteinExposed.com full time. Here's what 12 days looks lik; [4] r/LifeProTips | 21533pts 974comments | LPT: invite people over to your house!; [5] r/wallstreetbets | 16173pts 1127comme...",No source URL,2026-03-05,COMPLETE
ALPHA1540,"Built 9 different product types in 2 years. Only 2 made real money. Here's what actually works for solo builders in 2026. Everyone says ""just build something."" Spent 2 years testing 9 different product types to see what actually generates revenue for solo builders. Directories, templates, newslet...",Built 9 different product types in 2 years tool alpha,"Found 10 related discussions. total engagement: 46621 upvotes / 2717 comments. top subreddits: MarchAgainstNazis, UtterlyUniquePhotos, aivideo, interesting, todayilearned. top topics: TIL Pixar had to complete the entire Toy Story 2 in 9 months | On this day in 1979, 16-year-old Brenda Spencer opened fire  | 2.5 years difference. Makes you wonder where AI will be in a. 6 high-signal thread(s) (100+ upvotes or 50+ comments)","[1] r/todayilearned | 31003pts 675comments | TIL Pixar had to complete the entire Toy Story 2 in 9 months to meet Disney's de; [2] r/UtterlyUniquePhotos | 5518pts 579comments | On this day in 1979, 16-year-old Brenda Spencer opened fire at her school, killi; [3] r/aivideo | 4036pts 350comments | 2.5 years difference. Makes you wonder where AI will be in another 2.5 years, 5 ; [4] r/MarchAgainstNazis | 3399pts 597comments | Megyn Kelly: ""I know somebody very close to this case... Jeffrey Epste...",No source URL,2026-03-05,COMPLETE
ALPHA1541,"$1.3 Per Visitor with Zero Ad Spend For the past few months, I’ve been building my SaaS product completely solo. That means nights and weekends spent coding, marketing, and everything in between. No team, no virtual assistants, and no agencies, just me, my laptop, and plenty of coffee.

This past...",3 Per Visitor with Zero Ad Spend For the past few months I ve been building my SaaS product,No Reddit discussions found,0 discussions,No source URL,2026-03-05,COMPLETE
ALPHA1542,"how we got 700 organic visitors in our first quarter Launched our startup in Amsterdam three months ago with typical EU bootstrap constraints. Small budget, no funding yet, competing against established players with years of SEO investment. Had maybe €500 total for marketing in Q1. Couldn't affor...",how we got 700 organic visitors in our first quarter Launched our startup in Amsterdam three months,"Found 10 related discussions. total engagement: 121157 upvotes / 26379 comments. top subreddits: popculturechat, careeradvice, mildlyinfuriating, AmIOverreacting, AITAH. top topics: An Update: I was warned about my child's martial arts school | David Bowie and Iman’s daughter Lexi recalls being abducted  | Former HR here - subtle signs your company is preparing for . 9 high-signal thread(s) (100+ upvotes or 50+ comments)",[1] r/mildlyinfuriating | 25299pts 2632comments | An Update: I was warned about my child's martial arts school. I should have list; [2] r/popculturechat | 24212pts 1941comments | David Bowie and Iman’s daughter Lexi recalls being abducted from home and sent t; [3] r/careeradvice | 24032pts 1116comments | Former HR here - subtle signs your company is preparing for layoffs; [4] r/AmIOverreacting | 10939pts 7861comments | AIO Fathers girlfriends rules for when new baby arrives; [5] r/AITAH | 867...,No source URL,2026-03-05,COMPLETE
ALPHA1545,"The Free Tool Growth Hack I've been in growth for 8 years, and I just realized something that should be obvious but isn't: we've been solving the wrong problem.

Everyone talks about driving more traffic. More ads, more content, more channels. But the real bottleneck isn't traffic, it's intent. Y...",The Free Tool Growth Hack I ve been in growth for 8 years and I just realized something that should,No Reddit discussions found,0 discussions,No source URL,2026-03-05,COMPLETE
ALPHA1546,"I wasted 6 months split-testing email copy. Turns out my targeting was garbage. For 6 months I obsessed over email copy. Subject lines. First sentences. CTAs. I A/B tested everything.

My reply rate stayed at 1.2%.

Then I looked at WHO I was emailing. I was targeting ""marketing managers"" at any ...",I wasted 6 months split-testing email copy outbound,"Found 10 related discussions. total engagement: 130704 upvotes / 10311 comments. top subreddits: BestofRedditorUpdates, AskMen, Epstein, poor. top topics: My day today. This is what ""just work harder"" actually looks | I mapped every connection in the Epstein files. It started w | I quit my job to run EpsteinExposed.com full time. Here's wh. 7 high-signal thread(s) (100+ upvotes or 50+ comments)","[1] r/poor | 35186pts 2948comments | My day today. This is what ""just work harder"" actually looks like.; [2] r/Epstein | 34509pts 1409comments | I mapped every connection in the Epstein files. It started with 6,000 documents.; [3] r/Epstein | 33196pts 1157comments | I quit my job to run EpsteinExposed.com full time. Here's what 12 days looks lik; [4] r/BestofRedditorUpdates | 11803pts 885comments | Perfectly acceptable dinner rejected by boyfriend again; [5] r/AskMen | 8009pts 1735comments | ...",No source URL,2026-03-05,COMPLETE
ALPHA_CI_001,Relax Melodies charges $99.99 while every other sleep app is Free. Only paid sleep app in top 20. Still gets 4.8* with 6430 ratings. Premium pricing validated in sleep niche - nobody else charges.,Premium sleep app pricing at 99 99 viable market accepts it with 4 8 threshold monetization,"Found 10 related discussions. total engagement: 38655 upvotes / 8888 comments. top subreddits: BestofRedditorUpdates, Flipping, Life, Superstonk. top topics: The Golden Treasure Part II [100% Proof Apes Get Paid] | I’m 44 & this is what life has taught me about being human | Michael Burry - Foundations: The Big Short Squeeze. 10 high-signal thread(s) (100+ upvotes or 50+ comments)",[1] r/Superstonk | 7923pts 382comments | The Golden Treasure Part II [100% Proof Apes Get Paid]; [2] r/Life | 6688pts 1038comments | I’m 44 & this is what life has taught me about being human; [3] r/Superstonk | 5206pts 568comments | Michael Burry - Foundations: The Big Short Squeeze; [4] r/BestofRedditorUpdates | 3458pts 386comments | My child is alive but not really.; [5] r/Flipping | 3409pts 417comments | Seasonal Flipping: How I turn $60 into $240 over and over,URL unreachable (status 404),2026-03-09,COMPLETE
ALPHA1118,TOOL_ALPHA,Claude prompts for market research engagement farming value breaking ai can now do market research,"Found 10 related discussions. total engagement: 71754 upvotes / 12440 comments. top subreddits: ChatGPT, NewsRewind, wallstreetbets, MonsterHunter, complaints. top topics: After 147 failed ChatGPT prompts, I had a breakdown and acci | Why Does Trump Get Away With It? •NY Times•OPINION | MH Wilds - Bad performance mystery (Solved?). 8 high-signal thread(s) (100+ upvotes or 50+ comments)","[1] r/ChatGPT | 22931pts 2419comments | After 147 failed ChatGPT prompts, I had a breakdown and accidentally discovered ; [2] r/NewsRewind | 8841pts 1332comments | Why Does Trump Get Away With It? •NY Times•OPINION; [3] r/MonsterHunter | 8507pts 1266comments | MH Wilds - Bad performance mystery (Solved?); [4] r/complaints | 8371pts 1644comments | I'm so fed up with the ignorance of conservatives.; [5] r/wallstreetbets | 7349pts 584comments | I spent $9,600/year on Substack newsletters so you ...",content_type: text/html,2026-03-09,COMPLETE
ALPHA1132,TOOL_ALPHA,Niche GPT wrapper religious content subscription tiers i made cursor work for 44mins at a time,"Found 10 related discussions. total engagement: 61054 upvotes / 8672 comments. top subreddits: BestofRedditorUpdates, MonsterHunter, popculturechat, SubredditDrama. top topics: Had to report a coworker for filling our work ChatGPT with p | ICE Kills Yet Another Protestor, A Study in r/Conservative C | My brother has convinced my mom that I, an openly gay man, a. 10 high-signal thread(s) (100+ upvotes or 50+ comments)","[1] r/BestofRedditorUpdates | 9158pts 937comments | Had to report a coworker for filling our work ChatGPT with porn.; [2] r/SubredditDrama | 8973pts 740comments | ICE Kills Yet Another Protestor, A Study in r/Conservative Censorship; [3] r/BestofRedditorUpdates | 8720pts 658comments | My brother has convinced my mom that I, an openly gay man, am trying to steal hi; [4] r/MonsterHunter | 8522pts 1266comments | MH Wilds - Bad performance mystery (Solved?); [5] r/popculturechat | 7061pts 400comm...",content_type: text/html,2026-03-09,COMPLETE
ALPHA1175,PASSIVE_INCOME,VA market pricing ladder escape 20/hr Fiverr package at 3k /mo retainers is anyone making money,"Found 10 related discussions. total engagement: 15374 upvotes / 3554 comments. top subreddits: BestofRedditorUpdates, vermont, Games, Superstonk. top topics: AIO to my fiancé victim blaming me for my SA because I “chea | My Final GME DD - Update | [23 F] wanting to quit 60k corporate job for wedding photogr. 10 high-signal thread(s) (100+ upvotes or 50+ comments)",[1] r/BestofRedditorUpdates | 3062pts 533comments | AIO to my fiancé victim blaming me for my SA because I “cheated” on him; [2] r/Superstonk | 2265pts 165comments | My Final GME DD - Update; [3] r/BestofRedditorUpdates | 1965pts 150comments | [23 F] wanting to quit 60k corporate job for wedding photography. Thoughts on sl; [4] r/Games | 1868pts 787comments | Doom: The Dark Ages Review Thread; [5] r/vermont | 1852pts 416comments | The Ugly Truth About How to Save Vermont,title: Reddit - The heart of the internet,2026-03-09,COMPLETE
ALPHA1175,MONETIZATION,VA market pricing ladder escape 20/hr Fiverr package at 3k /mo retainers how do i actually find,"Found 10 related discussions. total engagement: 18112 upvotes / 3730 comments. top subreddits: Games, BestofRedditorUpdates, SoloTravel_India, Superstonk. top topics: AIO to my fiancé victim blaming me for my SA because I “chea | My Final GME DD - Update | 19,000 KMs solo drive across the Himalayas. 10 high-signal thread(s) (100+ upvotes or 50+ comments)","[1] r/BestofRedditorUpdates | 3069pts 533comments | AIO to my fiancé victim blaming me for my SA because I “cheated” on him; [2] r/Superstonk | 2267pts 165comments | My Final GME DD - Update; [3] r/SoloTravel_India | 2093pts 140comments | 19,000 KMs solo drive across the Himalayas; [4] r/Superstonk | 1883pts 81comments | Final Stop GameStop: The Jig Is Up - Michael J Burry's 2nd GME Post; [5] r/Games | 1866pts 787comments | Doom: The Dark Ages Review Thread",content_type: text/html,2026-03-09,COMPLETE
ALPHA1176,MONETIZATION,Monetization method Summary how do I actually find clients for this the market 19 5B in 2025 55B by,"Found 10 related discussions. total engagement: 126398 upvotes / 13059 comments. top subreddits: wallstreetbets, careeradvice, BestofRedditorUpdates, dataisbeautiful. top topics: Former HR here - subtle signs your company is preparing for  | AITAH for initiating a divorce while my wife is in the hospi | Two Federal Reserve Members Say the Jobs Numbers Are Wrong. . 10 high-signal thread(s) (100+ upvotes or 50+ comments)",[1] r/careeradvice | 24037pts 1116comments | Former HR here - subtle signs your company is preparing for layoffs; [2] r/BestofRedditorUpdates | 16304pts 2048comments | AITAH for initiating a divorce while my wife is in the hospital after a car acci; [3] r/wallstreetbets | 16177pts 1127comments | Two Federal Reserve Members Say the Jobs Numbers Are Wrong. Revision Is Tomorrow; [4] r/BestofRedditorUpdates | 14462pts 1114comments | TIFU by chasing diagnoses for 35 years—and the answer was in my ...,content_type: text/html,2026-03-09,COMPLETE
ALPHA1376,TOOL_ALPHA,Tool/technique alpha Summary there s a very simple way to 10x your marketing prompts use frameworks,"Found 10 related discussions. total engagement: 78789 upvotes / 14629 comments. top subreddits: SubredditDrama, UFOs, BestofRedditorUpdates, NewsRewind, movies. top topics: I saw 290 movies in theaters in 2025. Here is my full rankin | You wanted Disclosure.... I am a whistleblower recently ""ret | ICE Kills Yet Another Protestor, A Study in r/Conservative C. 10 high-signal thread(s) (100+ upvotes or 50+ comments)","[1] r/movies | 9930pts 1493comments | I saw 290 movies in theaters in 2025. Here is my full ranking.; [2] r/UFOs | 9075pts 3740comments | You wanted Disclosure.... I am a whistleblower recently ""retired"" from the insid; [3] r/SubredditDrama | 8974pts 740comments | ICE Kills Yet Another Protestor, A Study in r/Conservative Censorship; [4] r/NewsRewind | 8844pts 1332comments | Why Does Trump Get Away With It? •NY Times•OPINION; [5] r/BestofRedditorUpdates | 8769pts 605comments | I have 2 weeks ...",content_type: text/html,2026-03-09,COMPLETE
ALPHA1572,"How are you building up brand mentions in LLMs? Trying to come up with an AEO strategy for my SaaS startup and realized I was really on the wrong track researching things like how to get cited as a source in response to ""How to do XYZ"" in ChatGPT when Perplexity seems to be the only LLM chatbot t...",How are you building up brand mentions in LLMs tool alpha,"Found 10 related discussions. total engagement: 66623 upvotes / 7634 comments. top subreddits: patientgamers, UFOs, povertyfinance, DataHoarder, Epstein. top topics: I mapped every connection in the Epstein files. It started w | I made my dad cry over $30 | You wanted Disclosure.... I am a whistleblower recently ""ret. 5 high-signal thread(s) (100+ upvotes or 50+ comments)","[1] r/Epstein | 34599pts 1414comments | I mapped every connection in the Epstein files. It started with 6,000 documents.; [2] r/povertyfinance | 10132pts 774comments | I made my dad cry over $30; [3] r/UFOs | 9074pts 3740comments | You wanted Disclosure.... I am a whistleblower recently ""retired"" from the insid; [4] r/DataHoarder | 8811pts 502comments | Epstein 9, 10, 11, 12. Reddit Keeps Nuking Thread; We Keep Coordinating. Fxxx Em; [5] r/patientgamers | 3991pts 1175comments | Outer Wilds re...",No source URL,2026-03-09,COMPLETE
ALPHA1573,"Email Marketer Thinking About Exit Strategy I don't necessarily want to discuss your perceived logic of my  thought process. So please, if your reply is gonna be a rebuke of my thought process...just don't reply.I've been an email marketer for 9 years. I've worked at agencies, in-house, no profit...",Email Marketer Thinking About Exit Strategy I don t necessarily want to discuss your perceived,"Found 10 related discussions. total engagement: 130568 upvotes / 20637 comments. top subreddits: AITAH, SubredditDrama, AmIOverreacting, wallstreetbets, antiwork. top topics: AITAH for telling my wife's friend I don't have to see her i | AIO Teacher said my daughter’s report is “immoral” | Boomers won’t retire and it’s screwing the rest of us. There. 10 high-signal thread(s) (100+ upvotes or 50+ comments)",[1] r/AITAH | 23007pts 4046comments | AITAH for telling my wife's friend I don't have to see her in the classroom to k; [2] r/AmIOverreacting | 17909pts 2647comments | AIO Teacher said my daughter’s report is “immoral”; [3] r/antiwork | 16987pts 2938comments | Boomers won’t retire and it’s screwing the rest of us. There I said it.; [4] r/wallstreetbets | 16188pts 1127comments | Two Federal Reserve Members Say the Jobs Numbers Are Wrong. Revision Is Tomorrow; [5] r/SubredditDrama | 13736pts 13...,No source URL,2026-03-09,COMPLETE
ALPHA1627,"Solo founder at $321k ARR and losing my mind. Help. I have a SaaS doing around $321k ARR. On paper all is good but In reality, I am exhausted.Being a solo founder means I am the support team, the dev team, and the sales team all at once. I have become the bottleneck for my own growth. I feel like...",Solo founder at 321k ARR and losing my mind growth hack,"Found 10 related discussions. total engagement: 80998 upvotes / 11685 comments. top subreddits: BestofRedditorUpdates, oblivion, NewsRewind, travel. top topics: My friend has played Oblivion for 87 hours, is still level 4 | Just lost my mind at my boyfriend | Why Does Trump Get Away With It? •NY Times•OPINION. 10 high-signal thread(s) (100+ upvotes or 50+ comments)","[1] r/oblivion | 17810pts 1212comments | My friend has played Oblivion for 87 hours, is still level 4, refuses to fast tr; [2] r/BestofRedditorUpdates | 10331pts 995comments | Just lost my mind at my boyfriend; [3] r/NewsRewind | 8842pts 1332comments | Why Does Trump Get Away With It? •NY Times•OPINION; [4] r/BestofRedditorUpdates | 8558pts 1133comments | [New Update - Coworker's Side]: My negligence cost my partner her life, and I'm ; [5] r/travel | 7757pts 2137comments | I've been to 105 co...",No source URL,2026-03-09,COMPLETE
ALPHA1696,TOOL_ALPHA,Tool/technique alpha Summary you ve probably heard of vibe marketing but you think it s just a buzz,No Reddit discussions found,0 discussions,content_type: text/html,2026-03-09,COMPLETE
ALPHA1972,"NEW research: https://sparktoro.com/blog/new-research-ais-are-highly-inconsistent-when-recommending-brands-or-products-marketers-should-take-care-when-tracking-ai-visibility/…If you give ChatGPT the same request for product recommendations 100X, will you ever get the same list twice?And what does...",NEW research https //sparktoro tool alpha,"Found 10 related discussions. total engagement: 140770 upvotes / 19044 comments. top subreddits: wallstreetbets, Epstein, jobsearchhacks, STEW_ScTecEngWorld. top topics: I mapped every connection in the Epstein files. It started w | I quit my job to run EpsteinExposed.com full time. Here's wh | Things You Need to LIE About in an interview (from a recruit. 10 high-signal thread(s) (100+ upvotes or 50+ comments)","[1] r/Epstein | 34603pts 1414comments | I mapped every connection in the Epstein files. It started with 6,000 documents.; [2] r/Epstein | 33291pts 1157comments | I quit my job to run EpsteinExposed.com full time. Here's what 12 days looks lik; [3] r/jobsearchhacks | 23359pts 1342comments | Things You Need to LIE About in an interview (from a recruiter); [4] r/wallstreetbets | 17808pts 2306comments | Trump Announces New 10% Global Tariff; [5] r/STEW_ScTecEngWorld | 13461pts 642comments | Cactu...",No source URL,2026-03-09,COMPLETE
ALPHA1977,"Your SaaS is leaking revenue and your dashboards won't tell you.Parse is an AI agent that scans your entire tech stack — Stripe, HubSpot, Jira, and 40+ more — to find what you're missing.Average finding: $150K.",Your SaaS is leaking revenue and your dashboards won t tell you tool alpha,"Found 10 related discussions. total engagement: 91843 upvotes / 10883 comments. top subreddits: gaming, careeradvice, BestofRedditorUpdates, UFOs. top topics: Former HR here - subtle signs your company is preparing for  | Rockstar employee anonymously shares account of the company' | Had to report a coworker for filling our work ChatGPT with p. 10 high-signal thread(s) (100+ upvotes or 50+ comments)","[1] r/careeradvice | 24034pts 1116comments | Former HR here - subtle signs your company is preparing for layoffs; [2] r/gaming | 12000pts 764comments | Rockstar employee anonymously shares account of the company's union-busting effo; [3] r/BestofRedditorUpdates | 9162pts 937comments | Had to report a coworker for filling our work ChatGPT with porn.; [4] r/UFOs | 9074pts 3740comments | You wanted Disclosure.... I am a whistleblower recently ""retired"" from the insid; [5] r/BestofRedditorUpdates...",No source URL,2026-03-09,COMPLETE
ALPHA2671,MONETIZATION,Monetization method Summary The creator economy is a 500B market built on a broken promise,"Found 10 related discussions. total engagement: 67242 upvotes / 7583 comments. top subreddits: Superstonk, BestofRedditorUpdates, pcmasterrace, Cosmere, complaints. top topics: Update From Brandon | I now manage the guy who hired me — and I’m afraid he might  | The Suicide Pact: What Happens the Moment We Touch Greenland. 10 high-signal thread(s) (100+ upvotes or 50+ comments)",[1] r/Cosmere | 16798pts 1580comments | Update From Brandon; [2] r/BestofRedditorUpdates | 13186pts 555comments | I now manage the guy who hired me — and I’m afraid he might quit over it; [3] r/complaints | 9384pts 1547comments | The Suicide Pact: What Happens the Moment We Touch Greenland…; [4] r/pcmasterrace | 6699pts 465comments | Windows PC may support unified memory as part of the Xbox-PC initiative; [5] r/Superstonk | 6447pts 257comments | Comprehensive Due Diligence Report: RICO Prosec...,content_type: text/html,2026-03-09,COMPLETE
ALPHA2720,"I just watched the most important 2 hour AI podcast of 2026.Dario Amodei (Anthropic CEO) sat down & revealed AGI timelines, and blockers that will change the future.1. ANTHROPIC'S REVENUE GROWTH IS ABSOLUTELY BONKERS:→ 2023: $0 → $100M→ 2024: $100M → $1B  → 2025: $1B",I just watched the most important 2 hour AI podcast of 2026 growth hack,"Found 10 related discussions. total engagement: 179816 upvotes / 19611 comments. top subreddits: BestofRedditorUpdates, wallstreetbets, politics, coworkerstories, Epstein. top topics: I mapped every connection in the Epstein files. It started w | Megathread: Supreme Court strikes down President Donald Trum | My crazy MAGA coworker flips out when I talked to her 10yo d. 10 high-signal thread(s) (100+ upvotes or 50+ comments)","[1] r/Epstein | 34599pts 1414comments | I mapped every connection in the Epstein files. It started with 6,000 documents.; [2] r/politics | 29373pts 4003comments | Megathread: Supreme Court strikes down President Donald Trump's Tariff Policy; [3] r/coworkerstories | 22470pts 3430comments | My crazy MAGA coworker flips out when I talked to her 10yo daughter about Mulan; [4] r/wallstreetbets | 16180pts 1127comments | Two Federal Reserve Members Say the Jobs Numbers Are Wrong. Revision Is Tomorro...",No source URL,2026-03-09,COMPLETE
ALPHA2724,"The creator economy is a $500B+ market built on a broken promise.Platforms take 30-60% of every sale while creators get $0 on resales. Files and content are constantly downloaded, ripped, and redistributed with zero recourse. That model wasn't built for creators. It was built",The creator economy is a 500B market built on a broken promise content format,"Found 10 related discussions. total engagement: 195496 upvotes / 19642 comments. top subreddits: cyberpunkgame, careeradvice, politics, Epstein, complaints. top topics: I mapped every connection in the Epstein files. It started w | Megathread: Supreme Court strikes down President Donald Trum | CDPR literally offered him the choice to make his mod free w. 10 high-signal thread(s) (100+ upvotes or 50+ comments)","[1] r/Epstein | 34605pts 1414comments | I mapped every connection in the Epstein files. It started with 6,000 documents.; [2] r/politics | 29372pts 4003comments | Megathread: Supreme Court strikes down President Donald Trump's Tariff Policy; [3] r/cyberpunkgame | 28602pts 1914comments | CDPR literally offered him the choice to make his mod free with optional donatio; [4] r/complaints | 24044pts 1376comments | Fuck Your Sky Fairy and the MAGA Societal Cancer That Worships It; [5] r/careeradvic...",No source URL,2026-03-09,COMPLETE
ALPHA4343,BETA_TESTING,Case study with real numbers Analyze full post for replicable method Summary We added 88k in MRR to,"Found 10 related discussions. total engagement: 122500 upvotes / 17384 comments. top subreddits: SubredditDrama, BestofRedditorUpdates, Epstein, antimeme, movies. top topics: I mapped every connection in the Epstein files. It started w | Full Course Story, Apology & Mod Election | Trump tells Norwegian PM Greenland Conquest Is Revenge for L. 10 high-signal thread(s) (100+ upvotes or 50+ comments)","[1] r/Epstein | 34605pts 1414comments | I mapped every connection in the Epstein files. It started with 6,000 documents.; [2] r/antimeme | 16070pts 3323comments | Full Course Story, Apology & Mod Election; [3] r/SubredditDrama | 13734pts 1312comments | Trump tells Norwegian PM Greenland Conquest Is Revenge for Losing Nobel Peace Pr; [4] r/BestofRedditorUpdates | 12150pts 1230comments | My (F28) boyfriend (M33) says he’s disgusted by my body hair and I have to laser; [5] r/movies | 9922pts 149...",title: Reddit - The heart of the internet,2026-03-09,COMPLETE
ALPHA5222,[RamadanTracker] Reddit opportunity: I’ve Made a Juz Tracking App!,RamadanTracker Reddit opportunity I ve Made a Juz Tracking App app factory,"Found 10 related discussions. total engagement: 64339 upvotes / 16831 comments. top subreddits: BestofRedditorUpdates, AITH. top topics: AITAH for refusing to give my boyfriend access to my bank ac | Just lost my mind at my boyfriend | New Update 3 years later: I called CPS on my sister. 10 high-signal thread(s) (100+ upvotes or 50+ comments)",[1] r/AITH | 11682pts 7262comments | AITAH for refusing to give my boyfriend access to my bank account even though he; [2] r/BestofRedditorUpdates | 10330pts 995comments | Just lost my mind at my boyfriend; [3] r/BestofRedditorUpdates | 7982pts 582comments | New Update 3 years later: I called CPS on my sister; [4] r/BestofRedditorUpdates | 7400pts 596comments | I don’t want my daughter to spend a week with my sister and BIL and it’s making ; [5] r/BestofRedditorUpdates | 5268pts 557comments |...,title: Reddit - The heart of the internet,2026-03-09,COMPLETE
ALPHA5286,"triggering events nobody tracks:- leadership change (theorg)- office move (google alerts + address)- bad glassdoor reviews spike (means problems = budget)- competitor layoffs (linkedin)- job posting removed (they hired, now implementing)- 10-K filing language changes (sec",triggering events nobody tracks - leadership change theorg - office move google alerts address -,"Found 10 related discussions. total engagement: 147284 upvotes / 14160 comments. top subreddits: careeradvice, TopCharacterTropes, WhitePeopleTwitter, whatisit, MaliciousCompliance. top topics: Funny how that works! | Former HR here - subtle signs your company is preparing for  | The common ""um actually this doesn't make sense"" gotcha is e. 10 high-signal thread(s) (100+ upvotes or 50+ comments)","[1] r/WhitePeopleTwitter | 28241pts 647comments | Funny how that works!; [2] r/careeradvice | 24040pts 1116comments | Former HR here - subtle signs your company is preparing for layoffs; [3] r/TopCharacterTropes | 19193pts 2388comments | The common ""um actually this doesn't make sense"" gotcha is easily explained if y; [4] r/whatisit | 15957pts 1936comments | Help - I found two trackers on my vehicle; [5] r/MaliciousCompliance | 15129pts 542comments | If you won't ship to me because my drive i...",content_type: text/html,2026-03-09,COMPLETE
ALPHA5294,"theirstack .comscrapes job postings and extracts the tech stack from requirements.""looking for experience in snowflake, dbt, and looker""now you know exactly what tools that company runs.way better signal than builtwith. job posts reveal the stuff that's actually in use.",comscrapes job postings and extracts the tech stack from requirements general,"Found 10 related discussions. total engagement: 145065 upvotes / 22230 comments. top subreddits: AmIOverreacting, SubredditDrama, Millennials, SeattleWA, complaints. top topics: Employed, Sober, Functioning, and Homeless Experience | r/Art mod permanently banned artist for breaking a rule, art | As a staunch Republican I have to say.... 10 high-signal thread(s) (100+ upvotes or 50+ comments)","[1] r/SeattleWA | 29668pts 2084comments | Employed, Sober, Functioning, and Homeless Experience; [2] r/SubredditDrama | 22081pts 3768comments | r/Art mod permanently banned artist for breaking a rule, artist apologies, mod t; [3] r/complaints | 14225pts 2959comments | As a staunch Republican I have to say...; [4] r/Millennials | 13668pts 954comments | I’ll never forgive a certain demographic of us for dry snitching on the value of; [5] r/AmIOverreacting | 12375pts 2498comments | AIO: Husband ...",content_type: text/html,2026-03-09,COMPLETE
