Date,Time,Text
2026-02-03,06:00,"i prayed for 5 minutes every morning for 90 days. missed zero. here's what changed: anxiety dropped. decisions got clearer. arguments with my wife went from 3x/week to maybe 1. not because prayer is magic. because 5 minutes of silence before chaos rewires how you respond to everything.

#faith #prayer #morningroutine #fyp

try 5 minutes tomorrow morning before you touch your phone"
2026-02-03,12:00,"which hits harder: morning prayer or evening prayer? i'm a 5:30am guy but my wife swears by 10pm prayer journaling. genuinely curious.

#fyp

drop your answer below"
2026-02-03,21:00,"most people read the bible like a textbook. wrong approach. read it like a letter from someone who knows your future. Proverbs 3:5-6 hit different when you're actually making a decision that week.

#faith #bible #proverbs #fyp

reply PROVERBS for the 7-day reading plan"
2026-02-04,06:00,"tracked my prayer consistency for 6 months. 147 out of 180 days. the 33 days i missed? every single one started with checking my phone first. the phone is the prayer killer. lock it.

#prayer #discipline #screentime #fyp

what's your prayer streak at? be honest"
2026-02-04,12:00,"PrayerLock: lock your phone until you pray. your phone is the #1 prayer killer. this forces a pause before the scroll.

#fyp

link in bio"
2026-02-04,21:00,"hot take: most christian influencers are selling you courses not leading you closer to God. the monetization of faith is getting out of control.

#fyp

agree or disagree?"
2026-02-05,06:00,"name one bible verse that completely changed how you think. just one. mine is Romans 8:28.

#fyp"
2026-02-05,12:00,"the 5:30am crowd at church is different. no performance. no nice outfits. just people who actually need God that day. that's the real church.

#faith #church #earlymorning #fyp"
2026-02-05,21:00,"fasting isn't about food. it's about proving to yourself that your body doesn't control you. 24 hours no food. your spirit gets louder when your stomach gets quiet.

#fasting #faith #discipline #fyp

reply FAST for the beginner fasting guide"
2026-02-06,06:00,"i memorized 1 verse per week for a year. 52 verses. took 10 minutes on monday mornings. now i have ammunition for every anxious thought. Philippians 4:6-7 is my go-to at 2am.

#bible #scripture #memorization #fyp

which verse do you need right now? drop it below"
2026-02-06,12:00,"unpopular opinion: church should be uncomfortable sometimes. if you leave every Sunday feeling good you might be getting entertainment not transformation.

#fyp

fight me in the replies"
2026-02-06,21:00,"built an app that won't let you doom scroll until you've spent time with God. sounds aggressive. that's the point. PrayerLock.

#fyp

link in bio to download"
2026-02-07,06:00,"woke up at 4:47am today. not by choice. my 2 year old decided it was morning. prayed while making her cereal. that counts right?

#fyp"
2026-02-07,12:00,"accountability partner changed everything. we text each other at 6am. just 'up' or 'prayed'. that's it. 94% consistency since we started. solo discipline is hard. shared discipline compounds.

#accountability #faith #discipline #fyp

tag someone you'd do this with"
2026-02-07,21:00,"raise your hand if you've ever fallen asleep during prayer. just me? okay.

#fyp"
2026-02-08,06:00,"tithing on $3,200/month felt insane. $320 gone. but here's the math 14 months later: income went to $5,800. not prosperity gospel. just saying when you loosen your grip on money weird things happen.

#tithing #faith #money #fyp"
2026-02-08,12:00,"3 things i've noticed since using PrayerLock consistently: 1) less mindless scrolling 2) more consistent prayer 3) better sleep because no late-night doomscroll. the constraint is the feature.

#fyp

try it free for 7 days"
2026-02-08,21:00,"the bible has 31 chapters in Proverbs. one for each day of the month. read the chapter that matches today's date. simplest bible plan that actually sticks.

#proverbs #bible #dailyreading #fyp

what chapter is today?"
2026-02-09,06:00,"what's harder: forgiving someone who wronged you or forgiving yourself? i've been stuck on the second one for years.

#fyp

share your honest answer"
2026-02-09,12:00,"my kids watch me pray. they don't understand the words yet. doesn't matter. they see dad on his knees every morning. that's the sermon. not the Sunday one.

#faith #family #parenting #fyp"
2026-02-09,21:00,"POV: you just realized the thing you've been stressing about for 3 weeks is the exact thing you prayed about last month. God's timing is wild.

#fyp

when has this happened to you?"
2026-02-10,06:00,"journaling after prayer changed the game. 3 minutes. write what came to mind. after 6 months i had 180 entries showing God answering prayers i forgot i prayed. proof compounds.

#prayer #journaling #faith #fyp

reply JOURNAL for the template"
2026-02-10,12:00,"the free 7-day prayer challenge drops this week. one verse, one prompt, one 5-minute prayer. want in?

#fyp

reply CHALLENGE to join"
2026-02-10,21:00,"'i don't have time to pray' is the same as 'i don't have time to breathe.' you have the time. you're spending it on instagram reels at 11pm. redirect 15 minutes.

#prayer #time #priorities #fyp"
2026-02-11,06:00,"your favorite worship song and why. go.

#fyp"
2026-02-11,12:00,"the wilderness season isn't punishment. David was anointed king then spent years hiding in caves. the gap between promise and fulfillment is where character gets built.

#faith #patience #growth #fyp"
2026-02-11,21:00,"building PrayerLock update. just shipped prayer streaks feature. coded for 6 hours straight. forgot to eat lunch. the irony of building a discipline app while having zero discipline about food.

#fyp"
2026-02-12,06:00,"community group of 6 men. we meet every thursday at 6am. no agenda. just 'how are you really doing.' 2 years in. these men know things about me my wife doesn't. that's by design.

#mens #faith #community #fyp

reply GROUP for how to start one"
2026-02-12,12:00,"'God won't give you more than you can handle' isn't actually in the bible. it's 1 Corinthians 10:13 about temptation not suffering. stop misquoting scripture to people in pain.

#fyp

what's another commonly misquoted verse?"
2026-02-12,21:00,"new PrayerLock feature: prayer streaks. see how many consecutive days you've prayed before unlocking. can you keep it going?

#fyp

download and start your streak"
2026-02-13,06:00,"gratitude list every night. 3 things. takes 90 seconds. after 60 days my default mood shifted from anxious to content. not happy. content. that's the real upgrade.

#gratitude #faith #mentalhealth #fyp

what are your 3 today?"
2026-02-13,12:00,"the person you need to forgive just popped into your head reading this. yeah that one. you know what to do.

#fyp"
2026-02-13,21:00,"sermon notes mean nothing if you don't act on one thing by Tuesday. pick ONE takeaway. do it before the next Sunday. that's how sermons actually change your life.

#sermon #church #action #fyp"
2026-02-14,06:00,"worship music during my commute. 22 minutes each way. that's 3.6 hours/week of worship i didn't have to 'find time' for. redeem the dead time.

#worship #music #commute #fyp

drop your go-to worship playlist"
2026-02-14,12:00,"just launched the Daily Anchor devotional email. one verse + one question + one prayer. every morning at 5:30am. 3 minutes. free forever.

#fyp

reply EMAIL to subscribe"
2026-02-14,21:00,"what's one prayer that got answered in a way you never expected?

#fyp

I'll go first in the replies"
2026-02-15,06:00,"choosing between: A) a church with amazing worship but weak teaching, or B) a church with boring worship but incredible preaching. which one?

#fyp

comment A or B"
2026-02-15,12:00,"PrayerLock forces you to pray before you can use your phone. sounds extreme. but 847 people are using it and their average prayer time went from 2 min to 11 min per day. constraint creates freedom.

#prayerlock #prayer #discipline #fyp

link in bio"
2026-02-15,21:00,"the hardest prayer is 'not my will but yours.' because it means you might not get what you want. but it also means you might get what you actually need. those are different things.

#prayer #faith #surrender #fyp"
2026-02-16,06:00,"read through the entire bible in a year. here's what i didn't expect: the first half is way more violent and messy than anyone tells you in church. and that's the point. God works with broken people.

#bible #reading #faith #fyp"
2026-02-16,12:00,"be honest: when was the last time you opened your bible outside of Sunday?

#fyp"
2026-02-16,21:00,"the guided prayer journal template. 90 days of prompts. morning and evening. what to pray for, what to write, how to track answers. $7 on Gumroad.

#fyp

link in bio"
2026-02-17,06:00,"my pastor doesn't know i built PrayerLock. showed him yesterday. he stared at his phone for 10 seconds, looked up and said 'finally someone made the phone useful.' best beta tester feedback.

#fyp"
2026-02-17,12:00,"sabbath rest isn't lazy. it's strategic. one day per week with no work no screens no hustle. my productivity the other 6 days went up 30% when i actually committed to rest.

#sabbath #rest #productivity #fyp"
2026-02-17,21:00,"the 'just pray about it' advice hits different when you're actually in crisis. sometimes prayer + action is the answer. God gave you hands for a reason.

#fyp

agree?"
2026-02-18,06:00,"'pray without ceasing' doesn't mean be on your knees 24/7. it means your default internal monologue shifts from worry to conversation with God. took me 2 years to get there.

#prayer #faith #mindset #fyp"
2026-02-18,12:00,"PrayerLock now has a couples mode. both partners have to pray before either phone unlocks. marriage counselors hate this one trick. (they actually love it.)

#fyp

link in bio"
2026-02-18,21:00,"started a scripture text chain with 12 friends. one person sends a verse each morning. rotation schedule. i wake up to truth instead of news. best notification on my phone.

#scripture #community #morning #fyp

reply CHAIN for how to set it up"
2026-02-19,06:00,"tag someone who needs to hear this today: you're not behind. God's timeline is not your timeline. and that's actually the good news.

#fyp

tag them"
2026-02-19,12:00,"forgiveness isn't a feeling. it's a decision you make 47 times about the same person until the feeling catches up. i'm on attempt 23 with my dad. getting closer.

#forgiveness #faith #healing #fyp"
2026-02-19,21:00,"confession time: what spiritual discipline do you know you should be doing but keep avoiding?

#fyp

I'll share mine in the replies"
2026-02-20,06:00,"the 'God has a plan' people are right but incomplete. He has a plan AND you have to work. faith without works is dead. James 2:26. pray then move your feet.

#faith #action #james #fyp"
2026-02-20,12:00,"the prayer consistency tracker spreadsheet. free. track daily prayer, journal entries, bible reading, fasting days. google sheets template.

#fyp

reply TRACKER for the link"
2026-02-20,21:00,"church hurt is real. i left for 3 years. came back to a different church. smaller. less performance. more honesty. the institution isn't the faith. find your people.

#church #faith #community #fyp"
2026-02-21,06:00,"if you could ask God one question with a guaranteed answer what would it be?

#fyp"
2026-02-21,12:00,"my prayer closet is literally a closet. cleaned out the coats. put a cushion and a candle in there. having a physical space designated for prayer tripled my consistency.

#prayer #space #discipline #fyp"
2026-02-21,21:00,"honest moment: i started this faith account because i needed accountability more than anyone else. teaching forces learning. posting forces consistency. you're watching my actual process unfold in real time.

#fyp"
2026-02-22,06:00,"taught my 7 year old to pray out loud. she prays for her goldfish, her teacher, and 'the people who are sad today.' more theology in that prayer than most seminary papers.

#kids #prayer #family #fyp"
2026-02-22,12:00,"the best sermon you ever heard in one sentence. go.

#fyp"
2026-02-22,21:00,"PrayerLock Salah mode just dropped. 5 daily prayer reminders aligned with Islamic prayer times. Qibla direction built in. 2 billion people needed this app.

#fyp

link in bio"
2026-02-23,06:00,"the desert fathers spent years in silence. i can barely do 10 minutes without reaching for my phone. but those 10 minutes are the most important 10 minutes of my day.

#silence #prayer #contemplation #fyp"
2026-02-23,12:00,"does anyone else feel closer to God in nature than in a building? just me?

#fyp"
2026-02-23,21:00,"tithing testimony from last month: gave $480. got an unexpected freelance gig for $2,100 that same week. coincidence? maybe. but i've seen it happen 6 times now. i stopped calling it coincidence.

#tithing #testimony #faith #fyp"
2026-02-24,06:00,"the Psalms are the original therapy journal. David literally writes 'why have you forsaken me' to God. that's not disrespect. that's honesty. God can handle your real feelings.

#psalms #mentalhealth #honesty #fyp"
2026-02-24,12:00,"the 21-day prayer habit builder. based on the research: it takes 21 days to form a habit. daily email with verse, prompt, and prayer template. free.

#fyp

reply 21DAYS to join"
2026-02-24,21:00,"stop scrolling for 10 seconds. take a deep breath. say 'thank you' out loud. okay keep scrolling. you just prayed.

#fyp

did you actually do it? be honest"
2026-02-25,06:00,"which book of the bible do you think is most underrated? i'm going with Habakkuk. 3 chapters of pure fire.

#fyp

drop yours"
2026-02-25,12:00,"started ending every prayer with 'and show me what to do next.' game changer. prayer went from wish list to action plan.

#prayer #action #guidance #fyp"
2026-02-25,21:00,"fasted social media for lent. 40 days. here's what i learned: i don't miss it. i miss the validation. those are different addictions. the second one is harder to quit.

#socialmedia #fasting #lent #fyp"
2026-02-26,06:00,"marriage devotional with my wife. 10 minutes before bed. we've done it 200+ nights. divorce rate for couples who pray together daily is under 1%. that's not a stat. that's a strategy.

#marriage #prayer #devotional #fyp

reply MARRIAGE for the devotional we use"
2026-02-26,12:00,"would you rather: pray for 1 hour once a week or 10 minutes every day? there's a right answer.

#fyp"
2026-02-26,21:00,"community prayer wall inside PrayerLock. post your prayer request. others pray for it. you get notified when someone prays.

#fyp

join the community"
2026-02-27,06:00,"the Daily Anchor name came from Hebrews 6:19. 'we have this hope as an anchor for the soul.' i needed an anchor. maybe you do too.

#fyp"
2026-02-27,12:00,"walking prayer. 30 minutes around the neighborhood. pray out loud. neighbors think i'm on a phone call. don't care. combining exercise and prayer is the ultimate 2-for-1.

#prayer #walking #health #fyp"
2026-02-27,21:00,"that friend who always says 'I'll pray for you' and actually does it is the most valuable person in your life. tag them.

#fyp

tag your prayer warrior"
2026-02-28,06:00,"the book of Ecclesiastes reads like it was written by a burnt out tech founder. 'all is vanity.' Solomon had everything. still empty. the richest man ever telling you money isn't it.

#ecclesiastes #wisdom #purpose #fyp"
2026-02-28,12:00,"Sunday sermon notes template. free PDF. structured sections for scripture, key points, personal application, and action items. never waste a sermon again.

#fyp

reply NOTES for the download"
2026-02-28,21:00,"i prayed for 5 minutes every morning for 90 days. missed zero. here's what changed: anxiety dropped. decisions got clearer. arguments with my wife went from 3x/week to maybe 1. not because prayer is magic. because 5 minutes of silence before chaos rewires how you respond to everything.

#faith #prayer #morningroutine #fyp

try 5 minutes tomorrow morning before you touch your phone"
2026-03-01,06:00,"what worship song made you ugly cry? no judgment zone.

#fyp"
2026-03-01,12:00,"most people read the bible like a textbook. wrong approach. read it like a letter from someone who knows your future. Proverbs 3:5-6 hit different when you're actually making a decision that week.

#faith #bible #proverbs #fyp

reply PROVERBS for the 7-day reading plan"
2026-03-01,21:00,"real question: do you pray before meals? every time, sometimes, or only when someone's watching?

#fyp

be real"
2026-03-02,06:00,"tracked my prayer consistency for 6 months. 147 out of 180 days. the 33 days i missed? every single one started with checking my phone first. the phone is the prayer killer. lock it.

#prayer #discipline #screentime #fyp

what's your prayer streak at? be honest"
2026-03-02,12:00,"the faith + productivity stack: PrayerLock (prayer first) + bible reading plan + gratitude journal + accountability partner. total cost: $0-7. ROI: immeasurable.

#fyp

reply STACK for full setup guide"
2026-03-02,21:00,"the 5:30am crowd at church is different. no performance. no nice outfits. just people who actually need God that day. that's the real church.

#faith #church #earlymorning #fyp"
2026-03-03,06:00,"the verse you keep coming back to in hard seasons. what is it?

#fyp"
2026-03-03,12:00,"fasting isn't about food. it's about proving to yourself that your body doesn't control you. 24 hours no food. your spirit gets louder when your stomach gets quiet.

#fasting #faith #discipline #fyp

reply FAST for the beginner fasting guide"
2026-03-03,21:00,"3 months of daily faith content. building in public without pretending it's easy. the mission was never money. the money comes after the mission is real.

#fyp"
2026-03-04,06:00,"i memorized 1 verse per week for a year. 52 verses. took 10 minutes on monday mornings. now i have ammunition for every anxious thought. Philippians 4:6-7 is my go-to at 2am.

#bible #scripture #memorization #fyp

which verse do you need right now? drop it below"
2026-03-04,12:00,"controversial: reading a devotional app is not the same as reading your bible. the algorithm is not the Holy Spirit.

#fyp

thoughts?"
2026-03-04,21:00,"PrayerLock is live. if your phone is wrecking your prayer consistency, this puts a hard pause between you and the scroll.

#fyp

try it and tell me if it helps"
