timestamp,budget_state,sampled_tasks,estimated_cost_usd,expected_revenue_usd,expected_profit_usd,external_status,notes
2026-02-16 14:32:32,NORMAL,30,0.36,234.99,234.63,SKIPPED,"freelance_arbitrage,cold_outreach_warmup,gumroad_listings"
2026-02-16 15:00:06,NORMAL,30,0.36,234.99,234.63,SKIPPED,"freelance_arbitrage,cold_outreach_warmup,gumroad_listings"
2026-02-16 15:30:37,NORMAL,30,0.36,234.99,234.63,SKIPPED,"freelance_arbitrage,cold_outreach_warmup,gumroad_listings"
2026-02-16 16:01:10,NORMAL,30,0.36,234.99,234.63,SKIPPED,"freelance_arbitrage,cold_outreach_warmup,gumroad_listings"
2026-02-16 16:30:06,NORMAL,30,0.36,234.99,234.63,SKIPPED,"freelance_arbitrage,cold_outreach_warmup,gumroad_listings"
2026-02-16 17:00:06,NORMAL,30,0.36,234.99,234.63,SKIPPED,"freelance_arbitrage,cold_outreach_warmup,gumroad_listings"
2026-02-16 17:32:18,NORMAL,30,0.36,234.99,234.63,SKIPPED,"freelance_arbitrage,cold_outreach_warmup,gumroad_listings"
2026-02-16 18:00:34,NORMAL,30,0.36,234.99,234.63,SKIPPED,"freelance_arbitrage,cold_outreach_warmup,gumroad_listings"
2026-02-16 18:31:53,NORMAL,30,0.36,234.99,234.63,SKIPPED,"freelance_arbitrage,cold_outreach_warmup,gumroad_listings"
2026-02-16 19:00:19,NORMAL,30,0.36,234.99,234.63,SKIPPED,"freelance_arbitrage,cold_outreach_warmup,gumroad_listings"
2026-02-16 19:30:07,NORMAL,30,0.36,234.99,234.63,SKIPPED,"freelance_arbitrage,cold_outreach_warmup,gumroad_listings"
2026-02-16 20:00:06,NORMAL,30,0.36,234.99,234.63,SKIPPED,"freelance_arbitrage,cold_outreach_warmup,gumroad_listings"
2026-02-16 20:30:35,NORMAL,30,0.36,234.99,234.63,SKIPPED,"freelance_arbitrage,cold_outreach_warmup,gumroad_listings"
2026-02-16 21:00:08,NORMAL,30,0.36,234.99,234.63,SKIPPED,"freelance_arbitrage,cold_outreach_warmup,gumroad_listings"
2026-02-16 21:30:04,NORMAL,30,0.36,234.99,234.63,SKIPPED,"freelance_arbitrage,cold_outreach_warmup,gumroad_listings"
2026-02-16 22:00:04,NORMAL,30,0.36,234.99,234.63,SKIPPED,"freelance_arbitrage,cold_outreach_warmup,gumroad_listings"
2026-02-16 22:31:39,NORMAL,30,0.36,234.99,234.63,SKIPPED,"freelance_arbitrage,cold_outreach_warmup,gumroad_listings"
2026-02-16 23:00:04,NORMAL,30,0.36,234.99,234.63,SKIPPED,"freelance_arbitrage,cold_outreach_warmup,gumroad_listings"
2026-02-16 23:30:04,NORMAL,30,0.36,234.99,234.63,SKIPPED,"freelance_arbitrage,cold_outreach_warmup,gumroad_listings"
2026-02-17 00:02:18,NORMAL,30,0.36,234.99,234.63,SKIPPED,"freelance_arbitrage,cold_outreach_warmup,gumroad_listings"
2026-02-17 00:30:06,NORMAL,30,0.36,234.99,234.63,SKIPPED,"freelance_arbitrage,cold_outreach_warmup,gumroad_listings"
2026-02-17 01:01:48,NORMAL,30,0.36,234.99,234.63,SKIPPED,"freelance_arbitrage,cold_outreach_warmup,gumroad_listings"
2026-02-17 01:30:32,NORMAL,30,0.36,234.99,234.63,SKIPPED,"freelance_arbitrage,cold_outreach_warmup,gumroad_listings"
2026-02-17 02:00:19,NORMAL,30,0.36,234.99,234.63,SKIPPED,"freelance_arbitrage,cold_outreach_warmup,gumroad_listings"
2026-02-17 02:30:04,NORMAL,30,0.36,234.99,234.63,SKIPPED,"freelance_arbitrage,cold_outreach_warmup,gumroad_listings"
2026-02-17 03:00:05,NORMAL,30,0.36,234.99,234.63,SKIPPED,"freelance_arbitrage,cold_outreach_warmup,gumroad_listings"
2026-02-17 03:30:06,NORMAL,30,0.36,234.99,234.63,SKIPPED,"freelance_arbitrage,cold_outreach_warmup,gumroad_listings"
2026-02-17 04:00:37,NORMAL,30,0.36,234.99,234.63,SKIPPED,"freelance_arbitrage,cold_outreach_warmup,gumroad_listings"
2026-02-17 04:30:06,NORMAL,30,0.36,234.99,234.63,SKIPPED,"freelance_arbitrage,cold_outreach_warmup,gumroad_listings"
2026-02-17 05:01:24,NORMAL,30,0.36,234.99,234.63,SKIPPED,"freelance_arbitrage,cold_outreach_warmup,gumroad_listings"
2026-02-17 05:30:05,NORMAL,30,0.36,234.99,234.63,SKIPPED,"freelance_arbitrage,cold_outreach_warmup,gumroad_listings"
2026-02-17 06:00:06,NORMAL,30,0.36,234.99,234.63,SKIPPED,"freelance_arbitrage,cold_outreach_warmup,gumroad_listings"
2026-02-17 06:32:08,NORMAL,30,0.36,234.99,234.63,SKIPPED,"freelance_arbitrage,cold_outreach_warmup,gumroad_listings"
2026-02-17 07:00:37,NORMAL,30,0.36,234.99,234.63,SKIPPED,"freelance_arbitrage,cold_outreach_warmup,gumroad_listings"
2026-02-17 07:31:49,NORMAL,30,0.36,234.99,234.63,SKIPPED,"freelance_arbitrage,cold_outreach_warmup,gumroad_listings"
2026-02-17 08:00:06,NORMAL,30,0.36,234.99,234.63,SKIPPED,"freelance_arbitrage,cold_outreach_warmup,gumroad_listings"
2026-02-17 08:30:18,NORMAL,30,0.36,234.99,234.63,SKIPPED,"freelance_arbitrage,cold_outreach_warmup,gumroad_listings"
2026-02-17 09:00:06,NORMAL,30,0.36,234.99,234.63,SKIPPED,"freelance_arbitrage,cold_outreach_warmup,gumroad_listings"
2026-02-17 09:30:33,NORMAL,30,0.36,234.99,234.63,SKIPPED,"freelance_arbitrage,cold_outreach_warmup,gumroad_listings"
2026-02-17 10:00:06,NORMAL,30,0.36,234.99,234.63,SKIPPED,"freelance_arbitrage,cold_outreach_warmup,gumroad_listings"
2026-02-17 10:30:05,NORMAL,30,0.36,234.99,234.63,SKIPPED,"freelance_arbitrage,cold_outreach_warmup,gumroad_listings"
2026-02-17 11:00:04,NORMAL,30,0.36,234.99,234.63,SKIPPED,"freelance_arbitrage,cold_outreach_warmup,gumroad_listings"
2026-02-17 11:31:39,SOFT_CAP,30,0.36,234.99,234.63,SKIPPED,"freelance_arbitrage,cold_outreach_warmup,gumroad_listings"
2026-02-17 12:00:04,SOFT_CAP,30,0.36,234.99,234.63,SKIPPED,"freelance_arbitrage,cold_outreach_warmup,gumroad_listings"
2026-02-17 12:30:06,SOFT_CAP,30,0.36,234.99,234.63,SKIPPED,"freelance_arbitrage,cold_outreach_warmup,gumroad_listings"
2026-02-17 13:02:30,SOFT_CAP,30,0.36,234.99,234.63,SKIPPED,"freelance_arbitrage,cold_outreach_warmup,gumroad_listings"
2026-02-17 13:30:05,SOFT_CAP,30,0.36,234.99,234.63,SKIPPED,"freelance_arbitrage,cold_outreach_warmup,gumroad_listings"
2026-02-17 14:01:41,SOFT_CAP,30,0.36,234.99,234.63,SKIPPED,"freelance_arbitrage,cold_outreach_warmup,gumroad_listings"
2026-02-17 14:30:33,SOFT_CAP,30,0.36,234.99,234.63,SKIPPED,"freelance_arbitrage,cold_outreach_warmup,gumroad_listings"
2026-02-17 15:07:22,SOFT_CAP,29,0.348,231.21,230.862,SKIPPED,"freelance_arbitrage,cold_outreach_warmup,gumroad_listings"
2026-02-17 15:30:04,SOFT_CAP,1,0.012,13.5,13.488,SKIPPED,"freelance_arbitrage,gumroad_listings,cold_outreach_warmup"
2026-02-17 16:00:04,HARD_STOP,0,0.0,0.0,0.0,SKIPPED,"freelance_arbitrage,gumroad_listings,cold_outreach_warmup"
2026-02-17 16:30:05,HARD_STOP,0,0.0,0.0,0.0,SKIPPED,"freelance_arbitrage,gumroad_listings,cold_outreach_warmup"
2026-02-17 17:00:34,HARD_STOP,0,0.0,0.0,0.0,SKIPPED,"freelance_arbitrage,gumroad_listings,cold_outreach_warmup"
2026-02-17 17:30:04,HARD_STOP,0,0.0,0.0,0.0,SKIPPED,"freelance_arbitrage,gumroad_listings,cold_outreach_warmup"
2026-02-17 18:01:09,HARD_STOP,0,0.0,0.0,0.0,SKIPPED,"freelance_arbitrage,gumroad_listings,cold_outreach_warmup"
2026-02-17 18:30:05,HARD_STOP,0,0.0,0.0,0.0,SKIPPED,"freelance_arbitrage,gumroad_listings,cold_outreach_warmup"
2026-02-17 19:00:05,HARD_STOP,0,0.0,0.0,0.0,SKIPPED,"freelance_arbitrage,gumroad_listings,cold_outreach_warmup"
2026-02-17 19:32:17,HARD_STOP,0,0.0,0.0,0.0,SKIPPED,"freelance_arbitrage,gumroad_listings,cold_outreach_warmup"
2026-02-17 20:00:36,HARD_STOP,0,0.0,0.0,0.0,SKIPPED,"freelance_arbitrage,gumroad_listings,cold_outreach_warmup"
2026-02-17 20:31:45,HARD_STOP,0,0.0,0.0,0.0,SKIPPED,"freelance_arbitrage,gumroad_listings,cold_outreach_warmup"
2026-02-17 21:00:05,HARD_STOP,0,0.0,0.0,0.0,SKIPPED,"freelance_arbitrage,gumroad_listings,cold_outreach_warmup"
2026-02-17 21:30:18,HARD_STOP,0,0.0,0.0,0.0,SKIPPED,"freelance_arbitrage,gumroad_listings,cold_outreach_warmup"
2026-02-17 22:00:04,HARD_STOP,0,0.0,0.0,0.0,SKIPPED,"freelance_arbitrage,gumroad_listings,cold_outreach_warmup"
2026-02-17 22:30:33,HARD_STOP,0,0.0,0.0,0.0,SKIPPED,"freelance_arbitrage,gumroad_listings,cold_outreach_warmup"
2026-02-17 23:00:04,HARD_STOP,0,0.0,0.0,0.0,SKIPPED,"freelance_arbitrage,gumroad_listings,cold_outreach_warmup"
2026-02-17 23:30:04,HARD_STOP,0,0.0,0.0,0.0,SKIPPED,"freelance_arbitrage,gumroad_listings,cold_outreach_warmup"
2026-02-18 00:00:05,HARD_STOP,0,0.0,0.0,0.0,SKIPPED,"freelance_arbitrage,gumroad_listings,cold_outreach_warmup"
2026-02-18 00:31:37,HARD_STOP,0,0.0,0.0,0.0,SKIPPED,"freelance_arbitrage,gumroad_listings,cold_outreach_warmup"
2026-02-18 01:00:05,HARD_STOP,0,0.0,0.0,0.0,SKIPPED,"freelance_arbitrage,gumroad_listings,cold_outreach_warmup"
2026-02-18 01:30:05,HARD_STOP,0,0.0,0.0,0.0,SKIPPED,"freelance_arbitrage,gumroad_listings,cold_outreach_warmup"
2026-02-18 02:02:16,HARD_STOP,0,0.0,0.0,0.0,SKIPPED,"freelance_arbitrage,gumroad_listings,cold_outreach_warmup"
2026-02-18 02:30:04,HARD_STOP,0,0.0,0.0,0.0,SKIPPED,"freelance_arbitrage,gumroad_listings,cold_outreach_warmup"
2026-02-18 03:20:05,HARD_STOP,0,0.0,0.0,0.0,SKIPPED,"freelance_arbitrage,gumroad_listings,cold_outreach_warmup"
2026-02-18 03:50:02,HARD_STOP,0,0.0,0.0,0.0,SKIPPED,"freelance_arbitrage,gumroad_listings,cold_outreach_warmup"
2026-02-18 04:20:03,HARD_STOP,0,0.0,0.0,0.0,SKIPPED,"freelance_arbitrage,gumroad_listings,cold_outreach_warmup"
2026-02-18 04:31:52,HARD_STOP,0,0.0,0.0,0.0,SKIPPED,"freelance_arbitrage,gumroad_listings,cold_outreach_warmup"
2026-02-18 06:00:37,HARD_STOP,0,0.0,0.0,0.0,SKIPPED,"freelance_arbitrage,gumroad_listings,cold_outreach_warmup"
2026-02-18 06:30:20,HARD_STOP,0,0.0,0.0,0.0,SKIPPED,"freelance_arbitrage,gumroad_listings,cold_outreach_warmup"
2026-02-18 07:01:13,HARD_STOP,0,0.0,0.0,0.0,SKIPPED,"freelance_arbitrage,gumroad_listings,cold_outreach_warmup"
2026-02-18 07:30:04,HARD_STOP,0,0.0,0.0,0.0,SKIPPED,"freelance_arbitrage,gumroad_listings,cold_outreach_warmup"
2026-02-18 08:00:05,HARD_STOP,0,0.0,0.0,0.0,SKIPPED,"freelance_arbitrage,gumroad_listings,cold_outreach_warmup"
2026-02-18 08:32:32,HARD_STOP,0,0.0,0.0,0.0,SKIPPED,"freelance_arbitrage,gumroad_listings,cold_outreach_warmup"
2026-02-18 09:00:32,HARD_STOP,0,0.0,0.0,0.0,SKIPPED,"freelance_arbitrage,gumroad_listings,cold_outreach_warmup"
2026-02-18 09:30:04,HARD_STOP,0,0.0,0.0,0.0,SKIPPED,"freelance_arbitrage,gumroad_listings,cold_outreach_warmup"
2026-02-18 10:00:06,HARD_STOP,0,0.0,0.0,0.0,SKIPPED,"freelance_arbitrage,gumroad_listings,cold_outreach_warmup"
2026-02-18 10:30:19,HARD_STOP,0,0.0,0.0,0.0,SKIPPED,"freelance_arbitrage,gumroad_listings,cold_outreach_warmup"
2026-02-18 11:02:24,HARD_STOP,0,0.0,0.0,0.0,SKIPPED,"freelance_arbitrage,gumroad_listings,cold_outreach_warmup"
2026-02-18 11:30:33,HARD_STOP,0,0.0,0.0,0.0,SKIPPED,"freelance_arbitrage,gumroad_listings,cold_outreach_warmup"
2026-02-18 12:00:04,HARD_STOP,0,0.0,0.0,0.0,SKIPPED,"freelance_arbitrage,gumroad_listings,cold_outreach_warmup"
2026-02-18 12:30:05,HARD_STOP,0,0.0,0.0,0.0,SKIPPED,"freelance_arbitrage,gumroad_listings,cold_outreach_warmup"
2026-02-18 13:00:08,HARD_STOP,0,0.0,0.0,0.0,SKIPPED,"freelance_arbitrage,gumroad_listings,cold_outreach_warmup"
2026-02-18 13:31:41,HARD_STOP,0,0.0,0.0,0.0,SKIPPED,"freelance_arbitrage,gumroad_listings,cold_outreach_warmup"
2026-02-18 14:00:04,HARD_STOP,0,0.0,0.0,0.0,SKIPPED,"freelance_arbitrage,gumroad_listings,cold_outreach_warmup"
2026-02-18 14:30:04,HARD_STOP,0,0.0,0.0,0.0,SKIPPED,"freelance_arbitrage,gumroad_listings,cold_outreach_warmup"
2026-02-18 15:02:13,HARD_STOP,0,0.0,0.0,0.0,SKIPPED,"freelance_arbitrage,gumroad_listings,cold_outreach_warmup"
2026-02-18 15:37:23,HARD_STOP,0,0.0,0.0,0.0,SKIPPED,"freelance_arbitrage,gumroad_listings,cold_outreach_warmup"
2026-02-18 16:00:04,HARD_STOP,0,0.0,0.0,0.0,SKIPPED,"freelance_arbitrage,gumroad_listings,cold_outreach_warmup"
2026-02-19 04:03:23,HARD_STOP,0,0.0,0.0,0.0,SKIPPED,"freelance_arbitrage,gumroad_listings,cold_outreach_warmup"
2026-02-19 04:31:46,HARD_STOP,0,0.0,0.0,0.0,SKIPPED,"freelance_arbitrage,gumroad_listings,cold_outreach_warmup"
2026-02-19 05:00:32,HARD_STOP,0,0.0,0.0,0.0,SKIPPED,"freelance_arbitrage,gumroad_listings,cold_outreach_warmup"
2026-02-19 05:30:19,HARD_STOP,0,0.0,0.0,0.0,SKIPPED,"freelance_arbitrage,gumroad_listings,cold_outreach_warmup"
2026-02-19 06:00:06,HARD_STOP,0,0.0,0.0,0.0,SKIPPED,"freelance_arbitrage,gumroad_listings,cold_outreach_warmup"
2026-02-19 06:30:06,HARD_STOP,0,0.0,0.0,0.0,SKIPPED,"freelance_arbitrage,gumroad_listings,cold_outreach_warmup"
2026-02-19 07:00:06,HARD_STOP,0,0.0,0.0,0.0,SKIPPED,"freelance_arbitrage,gumroad_listings,cold_outreach_warmup"
2026-02-19 07:30:33,HARD_STOP,0,0.0,0.0,0.0,SKIPPED,"freelance_arbitrage,gumroad_listings,cold_outreach_warmup"
2026-02-19 08:00:04,HARD_STOP,0,0.0,0.0,0.0,SKIPPED,"freelance_arbitrage,gumroad_listings,cold_outreach_warmup"
2026-02-19 08:30:08,HARD_STOP,0,0.0,0.0,0.0,SKIPPED,"freelance_arbitrage,gumroad_listings,cold_outreach_warmup"
2026-02-19 09:00:05,HARD_STOP,0,0.0,0.0,0.0,SKIPPED,"freelance_arbitrage,gumroad_listings,cold_outreach_warmup"
2026-02-19 09:30:05,HARD_STOP,0,0.0,0.0,0.0,SKIPPED,"freelance_arbitrage,gumroad_listings,cold_outreach_warmup"
2026-02-19 10:00:33,HARD_STOP,0,0.0,0.0,0.0,SKIPPED,"freelance_arbitrage,gumroad_listings,cold_outreach_warmup"
2026-02-19 10:33:42,HARD_STOP,0,0.0,0.0,0.0,SKIPPED,"freelance_arbitrage,gumroad_listings,cold_outreach_warmup"
2026-02-19 11:01:49,HARD_STOP,0,0.0,0.0,0.0,SKIPPED,"freelance_arbitrage,gumroad_listings,cold_outreach_warmup"
2026-02-19 11:30:04,HARD_STOP,0,0.0,0.0,0.0,SKIPPED,"freelance_arbitrage,gumroad_listings,cold_outreach_warmup"
2026-02-19 12:00:18,HARD_STOP,0,0.0,0.0,0.0,SKIPPED,"freelance_arbitrage,gumroad_listings,cold_outreach_warmup"
2026-02-19 12:30:31,HARD_STOP,0,0.0,0.0,0.0,SKIPPED,"freelance_arbitrage,gumroad_listings,cold_outreach_warmup"
2026-02-19 13:00:05,HARD_STOP,0,0.0,0.0,0.0,SKIPPED,"freelance_arbitrage,gumroad_listings,cold_outreach_warmup"
2026-02-19 13:30:04,HARD_STOP,0,0.0,0.0,0.0,SKIPPED,"freelance_arbitrage,gumroad_listings,cold_outreach_warmup"
2026-02-19 14:00:05,HARD_STOP,0,0.0,0.0,0.0,SKIPPED,"freelance_arbitrage,gumroad_listings,cold_outreach_warmup"
2026-02-19 14:30:05,HARD_STOP,0,0.0,0.0,0.0,SKIPPED,"freelance_arbitrage,gumroad_listings,cold_outreach_warmup"
2026-02-19 15:00:33,HARD_STOP,0,0.0,0.0,0.0,SKIPPED,"freelance_arbitrage,gumroad_listings,cold_outreach_warmup"
2026-02-19 15:30:05,HARD_STOP,0,0.0,0.0,0.0,SKIPPED,"freelance_arbitrage,gumroad_listings,cold_outreach_warmup"
2026-02-19 16:07:09,HARD_STOP,0,0.0,0.0,0.0,SKIPPED,"freelance_arbitrage,gumroad_listings,cold_outreach_warmup"
2026-02-19 16:30:06,HARD_STOP,0,0.0,0.0,0.0,SKIPPED,"freelance_arbitrage,gumroad_listings,cold_outreach_warmup"
2026-02-19 17:03:32,HARD_STOP,0,0.0,0.0,0.0,SKIPPED,"freelance_arbitrage,gumroad_listings,cold_outreach_warmup"
2026-02-19 17:31:42,HARD_STOP,0,0.0,0.0,0.0,SKIPPED,"freelance_arbitrage,gumroad_listings,cold_outreach_warmup"
2026-02-19 18:00:11,HARD_STOP,0,0.0,0.0,0.0,SKIPPED,"freelance_arbitrage,gumroad_listings,cold_outreach_warmup"
2026-02-19 18:30:19,HARD_STOP,0,0.0,0.0,0.0,SKIPPED,"freelance_arbitrage,gumroad_listings,cold_outreach_warmup"
2026-02-19 19:00:05,HARD_STOP,0,0.0,0.0,0.0,SKIPPED,"freelance_arbitrage,gumroad_listings,cold_outreach_warmup"
2026-02-19 19:30:08,HARD_STOP,0,0.0,0.0,0.0,SKIPPED,"freelance_arbitrage,gumroad_listings,cold_outreach_warmup"
2026-02-19 20:00:08,HARD_STOP,0,0.0,0.0,0.0,SKIPPED,"freelance_arbitrage,gumroad_listings,cold_outreach_warmup"
2026-02-19 20:30:33,HARD_STOP,0,0.0,0.0,0.0,SKIPPED,"freelance_arbitrage,gumroad_listings,cold_outreach_warmup"
