type,category,name,price,rating,rating_count,version,last_updated,positive_sentiment,negative_sentiment,source,url,metric_1,metric_2,notes,scan_date
app,faith,Hallow: Prayer & Meditation,Free,4.89,356391.0,12.20.0,2026-03-17,1,0,itunes_api,,"Hallow, Inc.",Reference,,2026-03-23 04:00:01.706021
app,faith,Scripture Mate - Daily Bible AI,Free,,,,2026-04-01,1,0,competitor_stalker,https://apps.apple.com/us/app/scripture-mate/id6759493861,,,"AI-powered Bible app with daily verse, AI chat devotionals, streak tracking, reading plans. FREE. Ranked #1 by FaithTime for consistent Bible reading 2026. Direct competitor to Scripture Streak. AI is their core differentiator.",
app,faith,FaithTime AI,Free,,,,2026-04-01,1,0,competitor_stalker,https://www.faithtime.ai,,,AI Bible reading consistency platform with aggressive SEO content marketing. Blog ranks for best Bible apps 2026 keywords.,
app,accountability,Forfeit: Habit Contracts,Free,,,,2026-04-01,1,0,competitor_stalker,https://www.forfeit.app,,,Photo-proof accountability + charity donation on failure. New feature: failed forfeit money goes to charity. Relevant for FocusLock charity-forfeit mechanic.,
course,claude_code,CC for Everyone (free course),Free,,,,2026-04-01,0,1,competitor_stalker,https://ccforeveryone.com,,,Free interactive Claude Code course for non-coders by Carl Vellotti. Structured curriculum. Compresses paid Claude Code education value.,
course,claude_code,Anthropic Academy (13 free courses),Free,,,,2026-04-01,0,1,competitor_stalker,https://anthropic.skilljar.com,,,13 FREE courses including Claude Code in Action. Official Anthropic certificates. Also on Coursera. Commoditizes paid Claude Code education to zero.,
tool,cold_email,Coldreach.ai (AI SDR),Unknown,,,,2026-04-01,1,0,competitor_stalker,https://coldreach.ai,,,Full-cycle AI agent: Scrape -> Send -> Reply -> Book. Agentic SDR model. All competitors target SaaS not local business.,
tool,cold_email,Agent Frank (Salesforge),$499/mo,,,,2026-04-01,1,0,competitor_stalker,https://www.salesforge.ai,,,Premium AI SDR at $499/mo. AI-driven personalization + scalable outreach. No local business targeting.,
tool,cold_email,PlusVibe,Unknown,,,,2026-04-01,1,0,competitor_stalker,https://plusvibe.ai,,,Cold outreach automation platform. New entrant in agentic SDR space.,
reddit_signal,competitive_intel,Taught Claude to talk like a caveman to use 75% less tokens.,,,6161.0,,2026-04-04T21:23:21,0,305,reddit/ClaudeAI,https://www.reddit.com/r/ClaudeAI/comments/1sble09/taught_claude_to_talk_like_a_caveman_to_use_75/,HIGHEST,0,r/ClaudeAI score:6161 comments:305,
reddit_signal,competitive_intel,My apps crossed $100/mo mark for first time in March 🥹,,,131.0,,2026-04-04T21:23:21,0,47,reddit/AppBusiness,https://www.reddit.com/r/AppBusiness/comments/1sb5t58/my_apps_crossed_100mo_mark_for_first_time_in_march/,HIGHEST,0,r/AppBusiness score:131 comments:47,
reddit_signal,competitive_intel,I built a WiFi bell system in my garage because a local school couldn't afford a,,,238.0,,2026-04-04T21:23:21,1,54,reddit/SideProject,https://www.reddit.com/r/SideProject/comments/1sbr7sm/i_built_a_wifi_bell_system_in_my_garage_because_a/,HIGH,1,r/SideProject score:238 comments:54,
reddit_signal,competitive_intel,MIT study challenges AI job apocalypse narrative,,,172.0,,2026-04-04T21:23:21,0,72,reddit/artificial,https://www.reddit.com/r/artificial/comments/1sb7qxc/mit_study_challenges_ai_job_apocalypse_narrative/,HIGH,0,r/artificial score:172 comments:72,
reddit_signal,competitive_intel,PDFs are dead. I started selling interactive web apps as digital products and it,,,136.0,,2026-04-04T21:23:21,1,58,reddit/passive_income,https://www.reddit.com/r/passive_income/comments/1sce9h6/pdfs_are_dead_i_started_selling_interactive_web/,HIGH,1,r/passive_income score:136 comments:58,
reddit_signal,competitive_intel,"Elon Musk Requires Banks Behind SpaceX IPO To Buy Grok Subscriptions, Report Say",,,69.0,,2026-04-04T21:23:21,1,22,reddit/artificial,https://www.reddit.com/r/artificial/comments/1sbxms5/elon_musk_requires_banks_behind_spacex_ipo_to_buy/,MEDIUM,1,r/artificial score:69 comments:22,
reddit_signal,competitive_intel,"Solo-dev founders, how are you actually getting users with $0 marketing budget? ",,,23.0,,2026-04-04T21:23:21,0,65,reddit/startups,https://www.reddit.com/r/startups/comments/1sbdpwi/solodev_founders_how_are_you_actually_getting/,HIGH,0,r/startups score:23 comments:65,
reddit_signal,competitive_intel,[TASK] Online Educators - Earn $500-600/Week,,,13.0,,2026-04-04T21:23:21,0,55,reddit/slavelabour,https://www.reddit.com/r/slavelabour/comments/1sbimfz/task_online_educators_earn_500600week/,HIGH,0,r/slavelabour score:13 comments:55,
reddit_signal,competitive_intel,[Task] Full time position - Hiring 3* VA's - $400p/m,,,8.0,,2026-04-04T21:23:21,0,3,reddit/slavelabour,https://www.reddit.com/r/slavelabour/comments/1sblvy5/task_full_time_position_hiring_3_vas_400pm/,HIGH,0,r/slavelabour score:8 comments:3,
reddit_signal,competitive_intel,$10k/Month after 3 Years: Here Is my Simple Strategy,,,7.0,,2026-04-04T21:23:21,0,6,reddit/Affiliatemarketing,https://www.reddit.com/r/Affiliatemarketing/comments/1scgju5/10kmonth_after_3_years_here_is_my_simple_strategy/,HIGH,0,r/Affiliatemarketing score:7 comments:6,
reddit_signal,competitive_intel,obviously not from Dall-E but still a hilarious example of what CGPT slop coukd ,,,3944.0,,2026-04-06T08:27:30,0,331,reddit/ChatGPT,https://www.reddit.com/r/ChatGPT/comments/1scvrgd/obviously_not_from_dalle_but_still_a_hilarious/,HIGHEST,0,r/ChatGPT score:3944 comments:331,
reddit_signal,competitive_intel,Automated pigeon defense system,,,2490.0,,2026-04-06T08:27:30,1,142,reddit/SideProject,https://www.reddit.com/r/SideProject/comments/1s9ywir/automated_pigeon_defense_system/,HIGHEST,1,r/SideProject score:2490 comments:142,
reddit_signal,competitive_intel,I built an AI job search system with Claude Code that scored 740+ offers and lan,,,1945.0,,2026-04-06T08:27:30,1,149,reddit/ClaudeAI,https://www.reddit.com/r/ClaudeAI/comments/1sd2f37/i_built_an_ai_job_search_system_with_claude_code/,HIGHEST,1,r/ClaudeAI score:1945 comments:149,
reddit_signal,competitive_intel,I built an alarm clock that won’t stop ringing until you go to the toilet to tur,,,1512.0,,2026-04-06T08:27:30,1,277,reddit/SideProject,https://www.reddit.com/r/SideProject/comments/1s9kov9/i_built_an_alarm_clock_that_wont_stop_ringing/,HIGHEST,1,r/SideProject score:1512 comments:277,
reddit_signal,competitive_intel,Introducing Zperiod — A beautifully interactive chemistry app.,,,1390.0,,2026-04-06T08:27:30,1,169,reddit/SideProject,https://www.reddit.com/r/SideProject/comments/1sb02fr/introducing_zperiod_a_beautifully_interactive/,HIGHEST,1,r/SideProject score:1390 comments:169,
reddit_signal,competitive_intel,How it started vs How it's going,,,1173.0,,2026-04-06T08:27:30,1,111,reddit/LocalLLaMA,https://www.reddit.com/r/LocalLLaMA/comments/1s8r3w3/how_it_started_vs_how_its_going/,HIGHEST,1,r/LocalLLaMA score:1173 comments:111,
reddit_signal,competitive_intel,Gemma 4 just casually destroyed every model on our leaderboard except Opus 4.6 a,,,1034.0,,2026-04-06T08:27:30,0,206,reddit/LocalLLaMA,https://www.reddit.com/r/LocalLLaMA/comments/1sdcotc/gemma_4_just_casually_destroyed_every_model_on/,HIGHEST,0,r/LocalLLaMA score:1034 comments:206,
reddit_signal,competitive_intel,I built a Mac app for 12 years. Apple killed it overnight. Here's what happened ,,,599.0,,2026-04-06T08:27:30,1,97,reddit/SideProject,https://www.reddit.com/r/SideProject/comments/1s7uv22/i_built_a_mac_app_for_12_years_apple_killed_it/,HIGHEST,1,r/SideProject score:599 comments:97,
reddit_signal,competitive_intel,One man built $1.8 Billion company . The Medvi Story,,,151.0,,2026-04-06T08:27:30,0,118,reddit/Entrepreneur,https://www.reddit.com/r/Entrepreneur/comments/1scnhm5/one_man_built_18_billion_company_the_medvi_story/,HIGHEST,0,r/Entrepreneur score:151 comments:118,
reddit_signal,competitive_intel,"Is it better to have a $50k salary at a job you love, or a $150k salary at a job",,,141.0,,2026-04-06T08:27:30,0,185,reddit/passive_income,https://www.reddit.com/r/passive_income/comments/1scmamt/is_it_better_to_have_a_50k_salary_at_a_job_you/,HIGHEST,0,r/passive_income score:141 comments:185,
reddit_signal,competitive_intel,"I got tired of hiding my screen in cafés. So, I scrambled my entire Gmail inbox.",,,468.0,,2026-04-06T08:27:30,1,91,reddit/SideProject,https://www.reddit.com/r/SideProject/comments/1s7q11s/i_got_tired_of_hiding_my_screen_in_cafés_so_i/,HIGH,1,r/SideProject score:468 comments:91,
reddit_signal,competitive_intel,[Requested] Nobody wants to talk about buying a septic business. Thats exactly w,,,314.0,,2026-04-06T08:27:30,0,84,reddit/Entrepreneur,https://www.reddit.com/r/Entrepreneur/comments/1sb2zxs/requested_nobody_wants_to_talk_about_buying_a/,HIGH,0,r/Entrepreneur score:314 comments:84,
reddit_signal,competitive_intel,Algerian car dealerships run their business on paper and WhatsApp. I spent 6 mon,,,287.0,,2026-04-06T08:27:30,1,98,reddit/SideProject,https://www.reddit.com/r/SideProject/comments/1s9tdfb/algerian_car_dealerships_run_their_business_on/,HIGH,1,r/SideProject score:287 comments:98,
reddit_signal,competitive_intel,I built an NSFW playlist builder: you can now create a playlist in 2 taps!!,,,251.0,,2026-04-06T08:27:30,1,71,reddit/SideProject,https://www.reddit.com/r/SideProject/comments/1s8c2t7/i_built_an_nsfw_playlist_builder_you_can_now/,HIGH,1,r/SideProject score:251 comments:71,
reddit_signal,competitive_intel,Building a digital cat to live on your desktop!,,,228.0,,2026-04-06T08:27:30,1,53,reddit/SideProject,https://www.reddit.com/r/SideProject/comments/1s8dok2/building_a_digital_cat_to_live_on_your_desktop/,HIGH,1,r/SideProject score:228 comments:53,
blue_ocean,app_niche,Daily SDT Autonomy Needs,$7.99-$12.99/mo,,,,2026-04-06T14:49:27.112980+00:00,1,0,competitive_intel_cycle,,48200000,25,cycle:167 | priority:P0 | competitors:0 | strategy:SELF-DETERMINATION THEORY + AUTONOMY MOTIVATION + INTRINSIC ,2026-04-06T14:49:27.112980+00:00
blue_ocean,app_niche,Daily Intrinsic Motivation Diagnostics,$8.99-$13.99/mo,,,,2026-04-06T14:49:27.112980+00:00,1,0,competitive_intel_cycle,,52100000,25,cycle:167 | priority:P0 | competitors:0 | strategy:SELF-DETERMINATION THEORY + AUTONOMY MOTIVATION + INTRINSIC ,2026-04-06T14:49:27.112980+00:00
blue_ocean,app_niche,Daily Self-Concordance Goals Science,$7.99-$11.99/mo,,,,2026-04-06T14:49:27.112980+00:00,1,0,competitive_intel_cycle,,44800000,25,cycle:167 | priority:P0 | competitors:0 | strategy:SELF-DETERMINATION THEORY + AUTONOMY MOTIVATION + INTRINSIC ,2026-04-06T14:49:27.112980+00:00
blue_ocean,app_niche,Daily Autonomy-Support Language Training,$6.99-$10.99/mo,,,,2026-04-06T14:49:27.112980+00:00,1,0,competitive_intel_cycle,,39500000,24,cycle:167 | priority:P0 | competitors:0 | strategy:SELF-DETERMINATION THEORY + AUTONOMY MOTIVATION + INTRINSIC ,2026-04-06T14:49:27.112980+00:00
blue_ocean,app_niche,Daily Motivation Internalization Science,$7.99-$11.99/mo,,,,2026-04-06T14:49:27.112980+00:00,1,0,competitive_intel_cycle,,41700000,24,cycle:167 | priority:P0 | competitors:0 | strategy:SELF-DETERMINATION THEORY + AUTONOMY MOTIVATION + INTRINSIC ,2026-04-06T14:49:27.112980+00:00
blue_ocean,app_niche,Daily Competence Need Science,$6.99-$10.99/mo,,,,2026-04-06T14:49:27.112980+00:00,1,0,competitive_intel_cycle,,46300000,24,cycle:167 | priority:P0 | competitors:0 | strategy:SELF-DETERMINATION THEORY + AUTONOMY MOTIVATION + INTRINSIC ,2026-04-06T14:49:27.112980+00:00
blue_ocean,app_niche,Daily Relatedness Need Science,$7.99-$12.99/mo,,,,2026-04-06T14:49:27.112980+00:00,1,0,competitive_intel_cycle,,53900000,24,cycle:167 | priority:P0 | competitors:0 | strategy:SELF-DETERMINATION THEORY + AUTONOMY MOTIVATION + INTRINSIC ,2026-04-06T14:49:27.112980+00:00
blue_ocean,app_niche,Daily Drive Autonomy-Mastery-Purpose Practice,$6.99-$10.99/mo,,,,2026-04-06T14:49:27.112980+00:00,1,0,competitive_intel_cycle,,57400000,23,cycle:167 | priority:P1 | competitors:1 | strategy:SELF-DETERMINATION THEORY + AUTONOMY MOTIVATION + INTRINSIC ,2026-04-06T14:49:27.112980+00:00
blue_ocean,app_niche,Daily Psychological Need Thwarting Detection,$6.99-$10.99/mo,,,,2026-04-06T14:49:27.112980+00:00,1,0,competitive_intel_cycle,,35800000,23,cycle:167 | priority:P1 | competitors:0 | strategy:SELF-DETERMINATION THEORY + AUTONOMY MOTIVATION + INTRINSIC ,2026-04-06T14:49:27.112980+00:00
blue_ocean,app_niche,Daily Creativity Intrinsic Motivation Science,$6.99-$9.99/mo,,,,2026-04-06T14:49:27.112980+00:00,1,0,competitive_intel_cycle,,43200000,23,cycle:167 | priority:P1 | competitors:0 | strategy:SELF-DETERMINATION THEORY + AUTONOMY MOTIVATION + INTRINSIC ,2026-04-06T14:49:27.112980+00:00
blue_ocean,app_niche,Daily SDT Exercise Motivation Science,$5.99-$9.99/mo,,,,2026-04-06T14:49:27.112980+00:00,1,0,competitive_intel_cycle,,61500000,23,cycle:167 | priority:P1 | competitors:0 | strategy:SELF-DETERMINATION THEORY + AUTONOMY MOTIVATION + INTRINSIC ,2026-04-06T14:49:27.112980+00:00
blue_ocean,app_niche,Daily Controlled vs Autonomous Motivation Tracker,$5.99-$8.99/mo,,,,2026-04-06T14:49:27.112980+00:00,1,0,competitive_intel_cycle,,38700000,22,cycle:167 | priority:P1 | competitors:0 | strategy:SELF-DETERMINATION THEORY + AUTONOMY MOTIVATION + INTRINSIC ,2026-04-06T14:49:27.112980+00:00
blue_ocean,app_niche,Daily Flow State Science Streak,$5.99-$9.99/mo,,,,2026-04-06T14:52:18.823855+00:00,1,0,competitive_intel_cycle,,55200000,25,cycle:167 | priority:P0 | competitors:0 | strategy:SELF-DETERMINATION THEORY + AUTONOMY MOTIVATION + INTRINSIC ,2026-04-06T14:52:18.823855+00:00
blue_ocean,app_niche,Daily Growth Mindset Neuroscience Streak,$5.99-$8.99/mo,,,,2026-04-06T14:52:18.823855+00:00,1,0,competitive_intel_cycle,,42310000,25,cycle:167 | priority:P0 | competitors:0 | strategy:SELF-DETERMINATION THEORY + AUTONOMY MOTIVATION + INTRINSIC ,2026-04-06T14:52:18.823855+00:00
blue_ocean,app_niche,Daily Self-Determination Theory Streak,$5.99-$8.99/mo,,,,2026-04-06T14:52:18.823855+00:00,1,0,competitive_intel_cycle,,58580000,24,cycle:167 | priority:P0 | competitors:0 | strategy:SELF-DETERMINATION THEORY + AUTONOMY MOTIVATION + INTRINSIC ,2026-04-06T14:52:18.823855+00:00
blue_ocean,app_niche,Daily Intrinsic Motivation Science Streak,$5.99-$8.99/mo,,,,2026-04-06T14:52:18.823855+00:00,1,0,competitive_intel_cycle,,38210000,23,cycle:167 | priority:P1 | competitors:0 | strategy:SELF-DETERMINATION THEORY + AUTONOMY MOTIVATION + INTRINSIC ,2026-04-06T14:52:18.823855+00:00
blue_ocean,app_niche,Daily Tiny Habits Environment Science Streak,$4.99-$6.99/mo,,,,2026-04-06T14:52:18.823855+00:00,1,0,competitive_intel_cycle,,10100000,23,cycle:167 | priority:P1 | competitors:0 | strategy:SELF-DETERMINATION THEORY + AUTONOMY MOTIVATION + INTRINSIC ,2026-04-06T14:52:18.823855+00:00
blue_ocean,app_niche,Daily Self-Efficacy Science Streak,$5.99-$8.99/mo,,,,2026-04-06T14:52:18.823855+00:00,1,0,competitive_intel_cycle,,41900000,23,cycle:167 | priority:P1 | competitors:0 | strategy:SELF-DETERMINATION THEORY + AUTONOMY MOTIVATION + INTRINSIC ,2026-04-06T14:52:18.823855+00:00
blue_ocean,app_niche,Daily Implementation Intentions Science Streak,$4.99-$6.99/mo,,,,2026-04-06T14:52:18.823855+00:00,1,0,competitive_intel_cycle,,10380000,22,cycle:167 | priority:P1 | competitors:0 | strategy:SELF-DETERMINATION THEORY + AUTONOMY MOTIVATION + INTRINSIC ,2026-04-06T14:52:18.823855+00:00
blue_ocean,app_niche,Daily Behavior Change Stages Science Streak,$4.99-$7.99/mo,,,,2026-04-06T14:52:18.823855+00:00,1,0,competitive_intel_cycle,,11690000,22,cycle:167 | priority:P1 | competitors:0 | strategy:SELF-DETERMINATION THEORY + AUTONOMY MOTIVATION + INTRINSIC ,2026-04-06T14:52:18.823855+00:00
blue_ocean,app_niche,Daily Psychological Needs Audit Streak,$5.99-$8.99/mo,,,,2026-04-06T14:52:18.823855+00:00,1,0,competitive_intel_cycle,,12030000,22,cycle:167 | priority:P1 | competitors:0 | strategy:SELF-DETERMINATION THEORY + AUTONOMY MOTIVATION + INTRINSIC ,2026-04-06T14:52:18.823855+00:00
blue_ocean,app_niche,Daily Attention Science Streak,$5.99-$9.99/mo,,,,2026-04-06T16:59:56.165568+00:00,1,0,competitive_intel_cycle,,39500000,25,cycle:168 | priority:P0 | competitors:0 | strategy:COGNITIVE LOAD THEORY + WORKING MEMORY + ATTENTION SCIENCE,2026-04-06T16:59:56.165568+00:00
blue_ocean,app_niche,Daily Multitasking Myth Science Streak,$5.99-$9.99/mo,,,,2026-04-06T16:59:56.165568+00:00,1,0,competitive_intel_cycle,,59700000,25,cycle:168 | priority:P0 | competitors:0 | strategy:COGNITIVE LOAD THEORY + WORKING MEMORY + ATTENTION SCIENCE,2026-04-06T16:59:56.165568+00:00
blue_ocean,app_niche,Daily Executive Function Science Streak,$5.99-$9.99/mo,,,,2026-04-06T16:59:56.165568+00:00,1,0,competitive_intel_cycle,,37970000,25,cycle:168 | priority:P0 | competitors:0 | strategy:COGNITIVE LOAD THEORY + WORKING MEMORY + ATTENTION SCIENCE,2026-04-06T16:59:56.165568+00:00
blue_ocean,app_niche,Daily Focus Protocol Science Streak,$6.99-$10.99/mo,,,,2026-04-06T16:59:56.165568+00:00,1,0,competitive_intel_cycle,,61700000,25,cycle:168 | priority:P0 | competitors:0 | strategy:COGNITIVE LOAD THEORY + WORKING MEMORY + ATTENTION SCIENCE,2026-04-06T16:59:56.165568+00:00
blue_ocean,app_niche,Daily Cognitive Load Theory Streak,$5.99-$8.99/mo,,,,2026-04-06T16:59:56.165568+00:00,1,0,competitive_intel_cycle,,39940000,24,cycle:168 | priority:P0 | competitors:0 | strategy:COGNITIVE LOAD THEORY + WORKING MEMORY + ATTENTION SCIENCE,2026-04-06T16:59:56.165568+00:00
blue_ocean,app_niche,Daily Working Memory Science Streak,$5.99-$8.99/mo,,,,2026-04-06T16:59:56.165568+00:00,1,0,competitive_intel_cycle,,41000000,24,cycle:168 | priority:P0 | competitors:0 | strategy:COGNITIVE LOAD THEORY + WORKING MEMORY + ATTENTION SCIENCE,2026-04-06T16:59:56.165568+00:00
blue_ocean,app_niche,Daily Attention Restoration Theory Streak,$5.99-$8.99/mo,,,,2026-04-06T16:59:56.165568+00:00,1,0,competitive_intel_cycle,,42500000,23,cycle:168 | priority:P1 | competitors:0 | strategy:COGNITIVE LOAD THEORY + WORKING MEMORY + ATTENTION SCIENCE,2026-04-06T16:59:56.165568+00:00
blue_ocean,app_niche,Daily Sustained Attention Science Streak,$5.99-$8.99/mo,,,,2026-04-06T16:59:56.165568+00:00,1,0,competitive_intel_cycle,,39900000,23,cycle:168 | priority:P1 | competitors:0 | strategy:COGNITIVE LOAD THEORY + WORKING MEMORY + ATTENTION SCIENCE,2026-04-06T16:59:56.165568+00:00
blue_ocean,app_niche,Daily Dual Coding Learning Streak,$4.99-$7.99/mo,,,,2026-04-06T16:59:56.165568+00:00,1,0,competitive_intel_cycle,,38590000,22,cycle:168 | priority:P1 | competitors:0 | strategy:COGNITIVE LOAD THEORY + WORKING MEMORY + ATTENTION SCIENCE,2026-04-06T16:59:56.165568+00:00
blue_ocean,app_niche,Daily Cognitive Bias Science Streak,$6.99-$10.99/mo,,,,2026-04-06T19:06:07.337950+00:00,1,0,competitive_intel_cycle,,82000000,25,cycle:169 | priority:P0 | competitors:0 | strategy:DECISION MAKING SCIENCE + JUDGMENT UNDER UNCERTAINTY + HEURISTICS & BIASES,2026-04-06T19:06:07.337950+00:00
blue_ocean,app_niche,Daily Mental Models Science Streak,$6.99-$10.99/mo,,,,2026-04-06T19:06:07.337950+00:00,1,0,competitive_intel_cycle,,71500000,25,cycle:169 | priority:P0 | competitors:0 | strategy:DECISION MAKING SCIENCE + JUDGMENT UNDER UNCERTAINTY + HEURISTICS & BIASES,2026-04-06T19:06:07.337950+00:00
blue_ocean,app_niche,Daily Confirmation Bias Science Streak,$5.99-$9.99/mo,,,,2026-04-06T19:06:07.337950+00:00,1,0,competitive_intel_cycle,,67000000,24,cycle:169 | priority:P0 | competitors:0 | strategy:DECISION MAKING SCIENCE + JUDGMENT UNDER UNCERTAINTY + HEURISTICS & BIASES,2026-04-06T19:06:07.337950+00:00
blue_ocean,app_niche,Daily Decision Fatigue Science Streak,$5.99-$9.99/mo,,,,2026-04-06T19:06:07.337950+00:00,1,0,competitive_intel_cycle,,52000000,24,cycle:169 | priority:P0 | competitors:0 | strategy:DECISION MAKING SCIENCE + JUDGMENT UNDER UNCERTAINTY + HEURISTICS & BIASES,2026-04-06T19:06:07.337950+00:00
blue_ocean,app_niche,Daily Anchoring Bias Science Streak,$5.99-$8.99/mo,,,,2026-04-06T19:06:07.337950+00:00,1,0,competitive_intel_cycle,,44000000,23,cycle:169 | priority:P0 | competitors:0 | strategy:DECISION MAKING SCIENCE + JUDGMENT UNDER UNCERTAINTY + HEURISTICS & BIASES,2026-04-06T19:06:07.337950+00:00
blue_ocean,app_niche,Daily Heuristics Science Streak,$5.99-$8.99/mo,,,,2026-04-06T19:06:07.337950+00:00,1,0,competitive_intel_cycle,,35500000,23,cycle:169 | priority:P0 | competitors:0 | strategy:DECISION MAKING SCIENCE + JUDGMENT UNDER UNCERTAINTY + HEURISTICS & BIASES,2026-04-06T19:06:07.337950+00:00
blue_ocean,app_niche,Daily Choice Architecture Science Streak,$4.99-$7.99/mo,,,,2026-04-06T19:06:07.337950+00:00,1,0,competitive_intel_cycle,,31000000,22,cycle:169 | priority:P1 | competitors:0 | strategy:DECISION MAKING SCIENCE + JUDGMENT UNDER UNCERTAINTY + HEURISTICS & BIASES,2026-04-06T19:06:07.337950+00:00
blue_ocean,app_niche,Daily Superforecasting Science Streak,$4.99-$7.99/mo,,,,2026-04-06T19:06:07.337950+00:00,1,0,competitive_intel_cycle,,28000000,22,cycle:169 | priority:P1 | competitors:0 | strategy:DECISION MAKING SCIENCE + JUDGMENT UNDER UNCERTAINTY + HEURISTICS & BIASES,2026-04-06T19:06:07.337950+00:00
blue_ocean,app_niche,Daily Base Rate Neglect Science Streak,$4.99-$7.99/mo,,,,2026-04-06T19:06:07.337950+00:00,1,0,competitive_intel_cycle,,22500000,21,cycle:169 | priority:P1 | competitors:0 | strategy:DECISION MAKING SCIENCE + JUDGMENT UNDER UNCERTAINTY + HEURISTICS & BIASES,2026-04-06T19:06:07.337950+00:00
blue_ocean,app_niche,Daily Signal Detection Science Streak,$3.99-$6.99/mo,,,,2026-04-06T19:06:07.337950+00:00,1,0,competitive_intel_cycle,,18000000,19,cycle:169 | priority:P1 | competitors:0 | strategy:DECISION MAKING SCIENCE + JUDGMENT UNDER UNCERTAINTY + HEURISTICS & BIASES,2026-04-06T19:06:07.337950+00:00
reddit_signal,competitive_intel,Taught Claude to talk like a caveman to use 75% less tokens.,,,10417,,2026-04-06T18:19:45,0,461,reddit/ClaudeAI,https://www.reddit.com/r/ClaudeAI/comments/1sble09/taught_claude_to_talk_like_a_caveman_to_use_75/,HIGHEST,0,r/ClaudeAI score:10417 comments:461,2026-04-06T18:19:45
reddit_signal,competitive_intel,Snap chat Bots are easily spotted.,,,6092,,2026-04-06T18:19:45,1,258,reddit/ChatGPT,https://reddit.com/r/ChatGPT/comments/1s8a8aj/snap_chat_bots_are_easily_spotted/,HIGHEST,1,r/ChatGPT score:6092 comments:258,2026-04-06T18:19:45
reddit_signal,competitive_intel,"I tracked every ""passive income"" idea I tried over 2 years. Here's what actually",,,4989,,2026-04-06T18:19:45,1,344,reddit/passive_income,https://reddit.com/r/passive_income/comments/1s92wwq/i_tracked_every_passive_income_idea_i_tried_over/,HIGHEST,1,r/passive_income score:4989 comments:344,2026-04-06T18:19:45
reddit_signal,competitive_intel,obviously not from Dall-E but still a hilarious example of what CGPT slop coukd ,,,3944,,2026-04-06T18:19:45,0,331,reddit/ChatGPT,https://www.reddit.com/r/ChatGPT/comments/1scvrgd/obviously_not_from_dalle_but_still_a_hilarious/,HIGHEST,0,r/ChatGPT score:3944 comments:331,2026-04-06T18:19:45
reddit_signal,competitive_intel,Automated pigeon defense system,,,2490,,2026-04-06T18:19:45,1,142,reddit/SideProject,https://www.reddit.com/r/SideProject/comments/1s9ywir/automated_pigeon_defense_system/,HIGHEST,1,r/SideProject score:2490 comments:142,2026-04-06T18:19:45
reddit_signal,competitive_intel,I built an AI job search system with Claude Code that scored 740+ offers and lan,,,2112,,2026-04-06T18:19:45,1,160,reddit/ClaudeAI,https://reddit.com/r/ClaudeAI/comments/1sd2f37/i_built_an_ai_job_search_system_with_claude_code/,HIGHEST,1,r/ClaudeAI score:2112 comments:160,2026-04-06T18:19:45
reddit_signal,competitive_intel,I built an AI job search system with Claude Code that scored 740+ offers and lan,,,1945,,2026-04-06T18:19:45,1,149,reddit/ClaudeAI,https://www.reddit.com/r/ClaudeAI/comments/1sd2f37/i_built_an_ai_job_search_system_with_claude_code/,HIGHEST,1,r/ClaudeAI score:1945 comments:149,2026-04-06T18:19:45
reddit_signal,competitive_intel,I gave Claude its own computer and let it run 24/7. Here's what it built.,,,1620,,2026-04-06T18:19:45,2,272,reddit/ClaudeAI,https://reddit.com/r/ClaudeAI/comments/1s84l18/i_gave_claude_its_own_computer_and_let_it_run_247/,HIGHEST,2,r/ClaudeAI score:1620 comments:272,2026-04-06T18:19:45
reddit_signal,competitive_intel,You can now build a fully functional Claude Code executable directly from source,,,1534,,2026-04-06T18:19:45,1,144,reddit/ClaudeAI,https://reddit.com/r/ClaudeAI/comments/1s98srg/you_can_now_build_a_fully_functional_claude_code/,HIGHEST,1,r/ClaudeAI score:1534 comments:144,2026-04-06T18:19:45
reddit_signal,competitive_intel,I built an alarm clock that won’t stop ringing until you go to the toilet to tur,,,1524,,2026-04-06T18:19:45,1,278,reddit/SideProject,https://reddit.com/r/SideProject/comments/1s9kov9/i_built_an_alarm_clock_that_wont_stop_ringing/,HIGHEST,1,r/SideProject score:1524 comments:278,2026-04-06T18:19:45
reddit_signal,competitive_intel,I built an alarm clock that won’t stop ringing until you go to the toilet to tur,,,1512,,2026-04-06T18:19:45,1,277,reddit/SideProject,https://www.reddit.com/r/SideProject/comments/1s9kov9/i_built_an_alarm_clock_that_wont_stop_ringing/,HIGHEST,1,r/SideProject score:1512 comments:277,2026-04-06T18:19:45
reddit_signal,competitive_intel,I built a tool that tracks how many times someone posts a Claude usage limit tra,,,1394,,2026-04-06T18:19:45,1,80,reddit/ClaudeAI,https://reddit.com/r/ClaudeAI/comments/1sdee3e/i_built_a_tool_that_tracks_how_many_times_someone/,HIGHEST,1,r/ClaudeAI score:1394 comments:80,2026-04-06T18:19:45
reddit_signal,competitive_intel,Introducing Zperiod — A beautifully interactive chemistry app.,,,1390,,2026-04-06T18:19:45,1,169,reddit/SideProject,https://www.reddit.com/r/SideProject/comments/1sb02fr/introducing_zperiod_a_beautifully_interactive/,HIGHEST,1,r/SideProject score:1390 comments:169,2026-04-06T18:19:45
reddit_signal,competitive_intel,Gemma 4 just casually destroyed every model on our leaderboard except Opus 4.6 a,,,1356,,2026-04-06T18:19:45,1,258,reddit/LocalLLaMA,https://reddit.com/r/LocalLLaMA/comments/1sdcotc/gemma_4_just_casually_destroyed_every_model_on/,HIGHEST,1,r/LocalLLaMA score:1356 comments:258,2026-04-06T18:19:45
reddit_signal,competitive_intel,Anthropic just gave us 1 month worth of subscription value as usage,,,1324,,2026-04-06T18:19:45,1,350,reddit/ClaudeAI,https://reddit.com/r/ClaudeAI/comments/1sbshwj/anthropic_just_gave_us_1_month_worth_of/,HIGHEST,1,r/ClaudeAI score:1324 comments:350,2026-04-06T18:19:45
reddit_signal,competitive_intel,How it started vs How it's going,,,1180,,2026-04-06T18:19:45,1,109,reddit/LocalLLaMA,https://reddit.com/r/LocalLLaMA/comments/1s8r3w3/how_it_started_vs_how_its_going/,HIGHEST,1,r/LocalLLaMA score:1180 comments:109,2026-04-06T18:19:45
reddit_signal,competitive_intel,How it started vs How it's going,,,1173,,2026-04-06T18:19:45,1,111,reddit/LocalLLaMA,https://www.reddit.com/r/LocalLLaMA/comments/1s8r3w3/how_it_started_vs_how_its_going/,HIGHEST,1,r/LocalLLaMA score:1173 comments:111,2026-04-06T18:19:45
reddit_signal,competitive_intel,I mass deleted 3 months of AI generated code last week. Here is what I learned.,,,1137,,2026-04-06T18:19:45,1,187,reddit/ChatGPT,https://reddit.com/r/ChatGPT/comments/1sbuyeg/i_mass_deleted_3_months_of_ai_generated_code_last/,HIGHEST,1,r/ChatGPT score:1137 comments:187,2026-04-06T18:19:45
reddit_signal,competitive_intel,I built a library that lets you control web maps with hand gestures like Tom Cru,,,1086,,2026-04-06T18:19:45,1,73,reddit/webdev,https://reddit.com/r/webdev/comments/1sc9x7s/i_built_a_library_that_lets_you_control_web_maps/,HIGHEST,1,r/webdev score:1086 comments:73,2026-04-06T18:19:45
reddit_signal,competitive_intel,Gemma 4 just casually destroyed every model on our leaderboard except Opus 4.6 a,,,1034,,2026-04-06T18:19:45,0,206,reddit/LocalLLaMA,https://www.reddit.com/r/LocalLLaMA/comments/1sdcotc/gemma_4_just_casually_destroyed_every_model_on/,HIGHEST,0,r/LocalLLaMA score:1034 comments:206,2026-04-06T18:19:45
blue_ocean,app_niche,Daily Self-Determination Theory Streak,$6.99-$10.99/mo,,,,2026-04-07T00:43:48.666540+00:00,1,0,competitive_intel_cycle,,51100000,25,cycle:170 | priority:P0 | competitors:0 | strategy:MOTIVATION SCIENCE + SELF-DETERMINATION THEORY + GOAL PURSUI,2026-04-07T00:43:48.666540+00:00
blue_ocean,app_niche,Daily Goal Setting Science Streak,$6.99-$10.99/mo,,,,2026-04-07T00:43:48.666540+00:00,1,0,competitive_intel_cycle,,41800000,25,cycle:170 | priority:P0 | competitors:0 | strategy:MOTIVATION SCIENCE + SELF-DETERMINATION THEORY + GOAL PURSUI,2026-04-07T00:43:48.666540+00:00
blue_ocean,app_niche,Daily Intrinsic Motivation Science Streak,$5.99-$9.99/mo,,,,2026-04-07T00:43:48.666540+00:00,1,0,competitive_intel_cycle,,38270000,25,cycle:170 | priority:P0 | competitors:0 | strategy:MOTIVATION SCIENCE + SELF-DETERMINATION THEORY + GOAL PURSUI,2026-04-07T00:43:48.666540+00:00
blue_ocean,app_niche,Daily Habit Formation Science Streak,$6.99-$10.99/mo,,,,2026-04-07T00:43:48.666540+00:00,1,0,competitive_intel_cycle,,51100000,25,cycle:170 | priority:P0 | competitors:0 | strategy:MOTIVATION SCIENCE + SELF-DETERMINATION THEORY + GOAL PURSUI,2026-04-07T00:43:48.666540+00:00
blue_ocean,app_niche,Daily Procrastination Science Streak,$5.99-$9.99/mo,,,,2026-04-07T00:43:48.666540+00:00,1,0,competitive_intel_cycle,,39900000,24,cycle:170 | priority:P0 | competitors:0 | strategy:MOTIVATION SCIENCE + SELF-DETERMINATION THEORY + GOAL PURSUI,2026-04-07T00:43:48.666540+00:00
blue_ocean,app_niche,Daily Willpower Science Streak,$5.99-$9.99/mo,,,,2026-04-07T00:43:48.666540+00:00,1,0,competitive_intel_cycle,,51100000,24,cycle:170 | priority:P0 | competitors:0 | strategy:MOTIVATION SCIENCE + SELF-DETERMINATION THEORY + GOAL PURSUI,2026-04-07T00:43:48.666540+00:00
blue_ocean,app_niche,Daily Reward System Neuroscience Streak,$6.99-$10.99/mo,,,,2026-04-07T00:43:48.666540+00:00,1,0,competitive_intel_cycle,,38600000,24,cycle:170 | priority:P0 | competitors:0 | strategy:MOTIVATION SCIENCE + SELF-DETERMINATION THEORY + GOAL PURSUI,2026-04-07T00:43:48.666540+00:00
blue_ocean,app_niche,Daily Growth Mindset Science Streak,$5.99-$9.99/mo,,,,2026-04-07T00:43:48.666540+00:00,1,0,competitive_intel_cycle,,38270000,23,cycle:170 | priority:P1 | competitors:0 | strategy:MOTIVATION SCIENCE + SELF-DETERMINATION THEORY + GOAL PURSUI,2026-04-07T00:43:48.666540+00:00
blue_ocean,app_niche,Daily Self-Efficacy Science Streak,$5.99-$8.99/mo,,,,2026-04-07T00:43:48.666540+00:00,1,0,competitive_intel_cycle,,39700000,23,cycle:170 | priority:P1 | competitors:0 | strategy:MOTIVATION SCIENCE + SELF-DETERMINATION THEORY + GOAL PURSUI,2026-04-07T00:43:48.666540+00:00
blue_ocean,app_niche,Daily Grit Science Streak,$5.99-$8.99/mo,,,,2026-04-07T00:43:48.666540+00:00,1,0,competitive_intel_cycle,,42600000,22,cycle:170 | priority:P1 | competitors:0 | strategy:MOTIVATION SCIENCE + SELF-DETERMINATION THEORY + GOAL PURSUI,2026-04-07T00:43:48.666540+00:00
blue_ocean,app_niche,Daily Emotional Intelligence Streak,$6.99-$10.99/mo,,,,2026-04-07T02:21:40.328949+00:00,1,0,competitive_intel_cycle,,35940000,25,cycle:171 | priority:P0 | competitors:0 | strategy:EMOTIONAL INTELLIGENCE + EMPATHY SCIENCE + SOCIAL COGNITION,2026-04-07T02:21:40.328949+00:00
blue_ocean,app_niche,Daily Emotional Regulation Streak,$6.99-$10.99/mo,,,,2026-04-07T02:21:40.328949+00:00,1,0,competitive_intel_cycle,,36250000,25,cycle:171 | priority:P0 | competitors:0 | strategy:EMOTIONAL INTELLIGENCE + EMPATHY SCIENCE + SOCIAL COGNITION,2026-04-07T02:21:40.328949+00:00
blue_ocean,app_niche,Daily Empathy Science Streak,$5.99-$9.99/mo,,,,2026-04-07T02:21:40.328949+00:00,1,0,competitive_intel_cycle,,36810000,24,cycle:171 | priority:P0 | competitors:0 | strategy:EMOTIONAL INTELLIGENCE + EMPATHY SCIENCE + SOCIAL COGNITION,2026-04-07T02:21:40.328949+00:00
blue_ocean,app_niche,Daily Emotional Granularity Streak,$5.99-$9.99/mo,,,,2026-04-07T02:21:40.328949+00:00,1,0,competitive_intel_cycle,,36622000,24,cycle:171 | priority:P0 | competitors:0 | strategy:EMOTIONAL INTELLIGENCE + EMPATHY SCIENCE + SOCIAL COGNITION,2026-04-07T02:21:40.328949+00:00
blue_ocean,app_niche,Daily Social Cognition Streak,$5.99-$8.99/mo,,,,2026-04-07T02:21:40.328949+00:00,1,0,competitive_intel_cycle,,36960000,23,cycle:171 | priority:P1 | competitors:0 | strategy:EMOTIONAL INTELLIGENCE + EMPATHY SCIENCE + SOCIAL COGNITION,2026-04-07T02:21:40.328949+00:00
blue_ocean,app_niche,Daily Theory of Mind Streak,$5.99-$8.99/mo,,,,2026-04-07T02:21:40.328949+00:00,1,0,competitive_intel_cycle,,33095000,23,cycle:171 | priority:P1 | competitors:0 | strategy:EMOTIONAL INTELLIGENCE + EMPATHY SCIENCE + SOCIAL COGNITION,2026-04-07T02:21:40.328949+00:00
blue_ocean,app_niche,Daily Interpersonal Neuroscience Streak,$5.99-$8.99/mo,,,,2026-04-07T02:21:40.328949+00:00,1,0,competitive_intel_cycle,,36200000,22,cycle:171 | priority:P1 | competitors:0 | strategy:EMOTIONAL INTELLIGENCE + EMPATHY SCIENCE + SOCIAL COGNITION,2026-04-07T02:21:40.328949+00:00
blue_ocean,app_niche,Daily Attachment Theory Streak,$6.99-$10.99/mo,,,,2026-04-07T02:51:01.639640,1,0,competitive_intel_cycle,,68400000,25,cycle:172 | priority:P0 | competitors:0 | strategy:ATTACHMENT THEORY + RELATIONSHIP SCIENCE + INTERPERSONAL NEU,2026-04-07T02:51:01.639640
blue_ocean,app_niche,Daily Secure Attachment Streak,$6.99-$10.99/mo,,,,2026-04-07T02:51:01.639640,1,0,competitive_intel_cycle,,72300000,25,cycle:172 | priority:P0 | competitors:0 | strategy:ATTACHMENT THEORY + RELATIONSHIP SCIENCE + INTERPERSONAL NEU,2026-04-07T02:51:01.639640
blue_ocean,app_niche,Daily Anxious Avoidant Attachment Streak,$6.99-$10.99/mo,,,,2026-04-07T02:51:01.639640,1,0,competitive_intel_cycle,,63700000,25,cycle:172 | priority:P0 | competitors:0 | strategy:ATTACHMENT THEORY + RELATIONSHIP SCIENCE + INTERPERSONAL NEU,2026-04-07T02:51:01.639640
blue_ocean,app_niche,Daily Relationship Neuroscience Streak,$5.99-$9.99/mo,,,,2026-04-07T02:51:01.639640,1,0,competitive_intel_cycle,,58100000,24,cycle:172 | priority:P0 | competitors:0 | strategy:ATTACHMENT THEORY + RELATIONSHIP SCIENCE + INTERPERSONAL NEU,2026-04-07T02:51:01.639640
blue_ocean,app_niche,Daily Polyvagal Theory Streak,$5.99-$9.99/mo,,,,2026-04-07T02:51:01.639640,1,0,competitive_intel_cycle,,44200000,24,cycle:172 | priority:P0 | competitors:0 | strategy:ATTACHMENT THEORY + RELATIONSHIP SCIENCE + INTERPERSONAL NEU,2026-04-07T02:51:01.639640
blue_ocean,app_niche,Daily Earned Security Streak,$5.99-$8.99/mo,,,,2026-04-07T02:51:01.639640,1,0,competitive_intel_cycle,,39500000,23,cycle:172 | priority:P1 | competitors:0 | strategy:ATTACHMENT THEORY + RELATIONSHIP SCIENCE + INTERPERSONAL NEU,2026-04-07T02:51:01.639640
blue_ocean,app_niche,Daily Interpersonal Neurobiology Streak,$5.99-$8.99/mo,,,,2026-04-07T02:51:01.639640,1,0,competitive_intel_cycle,,41800000,23,cycle:172 | priority:P1 | competitors:0 | strategy:ATTACHMENT THEORY + RELATIONSHIP SCIENCE + INTERPERSONAL NEU,2026-04-07T02:51:01.639640
blue_ocean,app_niche,Daily Adult Attachment Styles Streak,$5.99-$9.99/mo,,,,2026-04-07T02:51:01.639640,1,0,competitive_intel_cycle,,66900000,24,cycle:172 | priority:P0 | competitors:0 | strategy:ATTACHMENT THEORY + RELATIONSHIP SCIENCE + INTERPERSONAL NEU,2026-04-07T02:51:01.639640
reddit_signal,competitive_intel,"I am a solo founder with no money, no team and no famous college. I built someth",,,,,2026-04-07T02:51:49.874387+00:00,0,0,r/SaaS,https://www.reddit.com/r/SaaS/comments/1sbxmlj,,,cycle:172 | tag:validation_story,2026-04-07T02:51:49.874387+00:00
reddit_signal,competitive_intel,"You can now give an AI agent its own email, phone number, wallet, computer, and ",,,,,2026-04-07T02:51:49.874387+00:00,1,0,r/artificial,https://www.reddit.com/r/artificial/comments/1sdiugx,,,cycle:172 | tag:ai_agent_tooling,2026-04-07T02:51:49.874387+00:00
reddit_signal,competitive_intel,"I quit big 4 consulting to build a Youtube channel for consulting prep, now earn",,,,,2026-04-07T02:51:49.874387+00:00,1,0,r/passive_income,https://www.reddit.com/r/passive_income/comments/1seezqs,,,cycle:172 | tag:creator_economy,2026-04-07T02:51:49.874387+00:00
blue_ocean,app_niche,Daily Complex Trauma Science Streak,$6.99-$10.99/mo,,,,2026-04-07T05:15:33.583874+00:00,1,0,competitive_intel_cycle,,32690000,25,cycle:173 | priority:P0 | competitors:0 | strategy:TRAUMA SCIENCE + POLYVAGAL THEORY + NERVOUS SYSTEM REGULATIO,2026-04-07T05:15:33.583874+00:00
blue_ocean,app_niche,Daily Nervous System Regulation Science,$6.99-$10.99/mo,,,,2026-04-07T05:15:33.583874+00:00,1,0,competitive_intel_cycle,,37210000,25,cycle:173 | priority:P0 | competitors:0 | strategy:TRAUMA SCIENCE + POLYVAGAL THEORY + NERVOUS SYSTEM REGULATIO,2026-04-07T05:15:33.583874+00:00
blue_ocean,app_niche,Daily Somatic Therapy Science Streak,$5.99-$9.99/mo,,,,2026-04-07T05:15:33.583874+00:00,1,0,competitive_intel_cycle,,35910000,24,cycle:173 | priority:P0 | competitors:0 | strategy:TRAUMA SCIENCE + POLYVAGAL THEORY + NERVOUS SYSTEM REGULATIO,2026-04-07T05:15:33.583874+00:00
blue_ocean,app_niche,Daily Trauma-Informed Neuroscience Streak,$5.99-$9.99/mo,,,,2026-04-07T05:15:33.583874+00:00,1,0,competitive_intel_cycle,,33170000,24,cycle:173 | priority:P0 | competitors:0 | strategy:TRAUMA SCIENCE + POLYVAGAL THEORY + NERVOUS SYSTEM REGULATIO,2026-04-07T05:15:33.583874+00:00
blue_ocean,app_niche,Daily Window of Tolerance Science,$5.99-$8.99/mo,,,,2026-04-07T05:15:33.583874+00:00,1,0,competitive_intel_cycle,,32820000,23,cycle:173 | priority:P1 | competitors:0 | strategy:TRAUMA SCIENCE + POLYVAGAL THEORY + NERVOUS SYSTEM REGULATIO,2026-04-07T05:15:33.583874+00:00
blue_ocean,app_niche,Daily Dissociation Science Streak,$4.99-$7.99/mo,,,,2026-04-07T05:15:33.583874+00:00,1,0,competitive_intel_cycle,,33130000,22,cycle:173 | priority:P1 | competitors:0 | strategy:TRAUMA SCIENCE + POLYVAGAL THEORY + NERVOUS SYSTEM REGULATIO,2026-04-07T05:15:33.583874+00:00
reddit_signal,competitive_intel,NEW RULES for the IndieHackers subreddit. - Getting the quality back.,,,,,2026-04-07T05:15:33.583874+00:00,0,0,r/indiehackers,https://www.reddit.com/r/indiehackers/comments/1pj44es/new_rules_for_the_indiehackers_subreddit_getting/,,,cycle:173 | tag:indie_hacker_method,2026-04-07T05:15:33.583874+00:00
reddit_signal,competitive_intel,"I quit big 4 consulting to build a Youtube channel for consulting prep, now making 9k/month passively",,,,,2026-04-07T05:15:33.583874+00:00,1,0,r/passive_income,https://www.reddit.com/r/passive_income/comments/1seezqs/i_quit_big_4_consulting_to_build_a_youtube/,,,cycle:173 | tag:creator_economy,2026-04-07T05:15:33.583874+00:00
reddit_signal,competitive_intel,I built 3 small games with Cursor and Claude Code the results surprised me,,,,,2026-04-07T05:15:33.583874+00:00,1,0,r/passive_income,https://www.reddit.com/r/passive_income/comments/1sdwj6k/i_built_3_small_games_with_cursor_and_claude_code/,,,cycle:173 | tag:creator_economy,2026-04-07T05:15:33.583874+00:00
reddit_signal,competitive_intel,"""Cognitive surrender"" leads AI users to abandon logical thinking, research finds",,,,,2026-04-07T05:15:33.583874+00:00,0,0,r/artificial,https://www.reddit.com/r/artificial/comments/1se2nxm/cognitive_surrender_leads_ai_users_to_abandon/,,,cycle:173 | tag:ai_agent_tooling,2026-04-07T05:15:33.583874+00:00
blue_ocean,app_niche,Daily Trauma Bonding Science Streak,$6.99-$10.99/mo,,,,2026-04-07T07:21:37.289621+00:00,1,0,competitive_intel_cycle,,38805000,25,cycle:174 | priority:P0 | competitors:0 | strategy:TRAUMA BONDING + CODEPENDENCY SCIENCE + RELATIONAL HEALING,2026-04-07T07:21:37.289621+00:00
blue_ocean,app_niche,Daily Narcissistic Abuse Neuroscience Streak,$6.99-$10.99/mo,,,,2026-04-07T07:21:37.289621+00:00,1,0,competitive_intel_cycle,,39630000,25,cycle:174 | priority:P0 | competitors:0 | strategy:TRAUMA BONDING + CODEPENDENCY SCIENCE + RELATIONAL HEALING,2026-04-07T07:21:37.289621+00:00
blue_ocean,app_niche,Daily Codependency Recovery Science,$6.99-$10.99/mo,,,,2026-04-07T07:21:37.289621+00:00,1,0,competitive_intel_cycle,,41010000,25,cycle:174 | priority:P0 | competitors:0 | strategy:TRAUMA BONDING + CODEPENDENCY SCIENCE + RELATIONAL HEALING,2026-04-07T07:21:37.289621+00:00
blue_ocean,app_niche,Daily Love Addiction Science Streak,$5.99-$9.99/mo,,,,2026-04-07T07:21:37.289621+00:00,1,0,competitive_intel_cycle,,42200000,24,cycle:174 | priority:P0 | competitors:0 | strategy:TRAUMA BONDING + CODEPENDENCY SCIENCE + RELATIONAL HEALING,2026-04-07T07:21:37.289621+00:00
blue_ocean,app_niche,Daily People Pleasing Recovery Science,$5.99-$9.99/mo,,,,2026-04-07T07:21:37.289621+00:00,1,0,competitive_intel_cycle,,41650000,24,cycle:174 | priority:P0 | competitors:0 | strategy:TRAUMA BONDING + CODEPENDENCY SCIENCE + RELATIONAL HEALING,2026-04-07T07:21:37.289621+00:00
blue_ocean,app_niche,Daily Enmeshment Recovery Science,$5.99-$8.99/mo,,,,2026-04-07T07:21:37.289621+00:00,1,0,competitive_intel_cycle,,38605000,23,cycle:174 | priority:P1 | competitors:0 | strategy:TRAUMA BONDING + CODEPENDENCY SCIENCE + RELATIONAL HEALING,2026-04-07T07:21:37.289621+00:00
blue_ocean,app_niche,Daily Relational Healing Neuroscience Streak,$5.99-$8.99/mo,,,,2026-04-07T07:21:37.289621+00:00,1,0,competitive_intel_cycle,,41730000,23,cycle:174 | priority:P1 | competitors:0 | strategy:TRAUMA BONDING + CODEPENDENCY SCIENCE + RELATIONAL HEALING,2026-04-07T07:21:37.289621+00:00
blue_ocean,app_niche,Daily Fawn Response Science Streak,$4.99-$7.99/mo,,,,2026-04-07T07:21:37.289621+00:00,1,0,competitive_intel_cycle,,38630000,22,cycle:174 | priority:P1 | competitors:0 | strategy:TRAUMA BONDING + CODEPENDENCY SCIENCE + RELATIONAL HEALING,2026-04-07T07:21:37.289621+00:00
reddit_signal,competitive_intel,NEW RULES for the IndieHackers subreddit. - Getting the quality back.,,,,,2026-04-07T07:21:37.289621+00:00,0,0,r/indiehackers,https://www.reddit.com/r/indiehackers/comments/1pj44es/new_rules_for_the_indiehackers_subreddit_getting/,,,cycle:174 | tag:indie_hacker_method,2026-04-07T07:21:37.289621+00:00
reddit_signal,competitive_intel,"I quit big 4 consulting to build a Youtube channel for consulting prep, now making 9k/month passively",,,,,2026-04-07T07:21:37.289621+00:00,1,0,r/passive_income,https://www.reddit.com/r/passive_income/comments/1seezqs/i_quit_big_4_consulting_to_build_a_youtube/,,,cycle:174 | tag:creator_economy,2026-04-07T07:21:37.289621+00:00
reddit_signal,competitive_intel,"""Cognitive surrender"" leads AI users to abandon logical thinking, research finds",,,,,2026-04-07T07:21:37.289621+00:00,0,0,r/artificial,https://www.reddit.com/r/artificial/comments/1se2nxm/cognitive_surrender_leads_ai_users_to_abandon/,,,cycle:174 | tag:ai_agent_tooling,2026-04-07T07:21:37.289621+00:00
