source_file,queue_file,platform,content_type,niche,style_check_passed,status,routed_date,reviewed_date,review_decision
CONTENT/medium_articles/facebook-reels-pays-440x-more-than-tiktok.md,OPS/CONTENT_QA_QUEUE/QA_2026-02-02_facebook-reels-pays-440x-more-than-tiktok.md,medium,article,general,True,PENDING_REVIEW,2026-02-02T09:17:42.427973,,
CONTENT/medium_articles/niche-apps-are-the-new-gold-rush.md,OPS/CONTENT_QA_QUEUE/QA_2026-02-02_niche-apps-are-the-new-gold-rush.md,medium,article,general,False,NEEDS_STYLE_FIX,2026-02-02T09:17:42.428638,,
CONTENT/medium_articles/grip-strength-predicts-longevity-the-science.md,OPS/CONTENT_QA_QUEUE/QA_2026-02-02_grip-strength-predicts-longevity-the-science.md,medium,article,general,True,PENDING_REVIEW,2026-02-02T09:17:42.429141,,
CONTENT/medium_articles/i-replaced-a-5-person-marketing-team-with-ai.md,OPS/CONTENT_QA_QUEUE/QA_2026-02-02_i-replaced-a-5-person-marketing-team-with-ai.md,medium,article,general,True,PENDING_REVIEW,2026-02-02T09:17:42.429715,,
CONTENT/medium_articles/i-tracked-prayer-habits-365-days-heres-the-data.md,OPS/CONTENT_QA_QUEUE/QA_2026-02-02_i-tracked-prayer-habits-365-days-heres-the-data.md,medium,article,general,True,PENDING_REVIEW,2026-02-02T09:17:42.430511,,
CONTENT/medium_articles/cold-email-150x-roi-the-exact-system.md,OPS/CONTENT_QA_QUEUE/QA_2026-02-02_cold-email-150x-roi-the-exact-system.md,medium,article,general,True,PENDING_REVIEW,2026-02-02T09:17:42.431137,,
MONEY_METHODS/CONTENT_FARM/NICHE_ACCOUNTS/generated_content/tech_reels_scripts_30.md,OPS/CONTENT_QA_QUEUE/QA_2026-02-02_tech_reels_scripts_30.md,x_twitter,post,content_farm,False,NEEDS_STYLE_FIX,2026-02-02T09:17:42.432060,,
MONEY_METHODS/CONTENT_FARM/NICHE_ACCOUNTS/generated_content/fitness_reels_scripts_30.md,OPS/CONTENT_QA_QUEUE/QA_2026-02-02_fitness_reels_scripts_30.md,x_twitter,post,content_farm,False,NEEDS_STYLE_FIX,2026-02-02T09:17:42.433005,,
MONEY_METHODS/CONTENT_FARM/NICHE_ACCOUNTS/generated_content/faith_reels_scripts_30.md,OPS/CONTENT_QA_QUEUE/QA_2026-02-02_faith_reels_scripts_30.md,x_twitter,post,content_farm,True,PENDING_REVIEW,2026-02-02T09:17:42.433827,,
MONEY_METHODS/CONTENT_FARM/NICHE_ACCOUNTS/generated_content/tech_linkedin_20.md,OPS/CONTENT_QA_QUEUE/QA_2026-02-02_tech_linkedin_20.md,x_twitter,post,content_farm,False,NEEDS_STYLE_FIX,2026-02-02T09:17:42.434613,,
CONTENT/social/ai/printmaxxer_antiguru_010.md,OPS/CONTENT_QA_QUEUE/QA_2026-02-02_printmaxxer_antiguru_010.md,x_twitter,post,tech,True,PENDING_REVIEW,2026-02-02T10:59:33.167737,,
CONTENT/social/ai/printmaxxer_antiguru_009.md,OPS/CONTENT_QA_QUEUE/QA_2026-02-02_printmaxxer_antiguru_009.md,x_twitter,post,tech,True,PENDING_REVIEW,2026-02-02T10:59:33.168734,,
CONTENT/social/ai/printmaxxer_antiguru_008.md,OPS/CONTENT_QA_QUEUE/QA_2026-02-02_printmaxxer_antiguru_008.md,x_twitter,post,tech,True,PENDING_REVIEW,2026-02-02T10:59:33.169310,,
CONTENT/social/ai/printmaxxer_antiguru_007.md,OPS/CONTENT_QA_QUEUE/QA_2026-02-02_printmaxxer_antiguru_007.md,x_twitter,post,tech,True,PENDING_REVIEW,2026-02-02T10:59:33.169839,,
CONTENT/social/ai/printmaxxer_antiguru_006.md,OPS/CONTENT_QA_QUEUE/QA_2026-02-02_printmaxxer_antiguru_006.md,x_twitter,post,tech,True,PENDING_REVIEW,2026-02-02T10:59:33.170479,,
CONTENT/social/ai/printmaxxer_antiguru_005.md,OPS/CONTENT_QA_QUEUE/QA_2026-02-02_printmaxxer_antiguru_005.md,x_twitter,post,tech,True,PENDING_REVIEW,2026-02-02T10:59:33.171219,,
CONTENT/social/ai/printmaxxer_antiguru_004.md,OPS/CONTENT_QA_QUEUE/QA_2026-02-02_printmaxxer_antiguru_004.md,x_twitter,post,tech,True,PENDING_REVIEW,2026-02-02T10:59:33.171824,,
CONTENT/social/ai/printmaxxer_antiguru_003.md,OPS/CONTENT_QA_QUEUE/QA_2026-02-02_printmaxxer_antiguru_003.md,x_twitter,post,tech,True,PENDING_REVIEW,2026-02-02T10:59:33.172257,,
CONTENT/social/ai/printmaxxer_antiguru_002.md,OPS/CONTENT_QA_QUEUE/QA_2026-02-02_printmaxxer_antiguru_002.md,x_twitter,post,tech,True,PENDING_REVIEW,2026-02-02T10:59:33.172787,,
CONTENT/social/ai/printmaxxer_antiguru_001.md,OPS/CONTENT_QA_QUEUE/QA_2026-02-02_printmaxxer_antiguru_001.md,x_twitter,post,tech,True,PENDING_REVIEW,2026-02-02T10:59:33.173257,,
CONTENT/email_sequences/cold/saas_founders.md,OPS/CONTENT_QA_QUEUE/QA_2026-02-02_saas_founders.md,email,email_sequence,outbound,False,NEEDS_STYLE_FIX,2026-02-02T10:59:33.174496,,
MONEY_METHODS/CONTENT_FARM/NICHE_ACCOUNTS/generated_content/fitness_linkedin_20.md,OPS/CONTENT_QA_QUEUE/QA_2026-02-02_fitness_linkedin_20.md,x_twitter,post,content_farm,False,NEEDS_STYLE_FIX,2026-02-02T10:59:33.175314,,
MONEY_METHODS/CONTENT_FARM/NICHE_ACCOUNTS/generated_content/faith_linkedin_20.md,OPS/CONTENT_QA_QUEUE/QA_2026-02-02_faith_linkedin_20.md,x_twitter,post,content_farm,True,PENDING_REVIEW,2026-02-02T10:59:33.176000,,
MONEY_METHODS/CONTENT_FARM/NICHE_ACCOUNTS/generated_content/tech_twitter_50.md,OPS/CONTENT_QA_QUEUE/QA_2026-02-02_tech_twitter_50.md,x_twitter,post,content_farm,False,NEEDS_STYLE_FIX,2026-02-02T10:59:33.176930,,
MONEY_METHODS/CONTENT_FARM/NICHE_ACCOUNTS/generated_content/fitness_twitter_50.md,OPS/CONTENT_QA_QUEUE/QA_2026-02-02_fitness_twitter_50.md,x_twitter,post,content_farm,False,NEEDS_STYLE_FIX,2026-02-02T10:59:33.177877,,
MONEY_METHODS/CONTENT_FARM/NICHE_ACCOUNTS/generated_content/faith_twitter_50.md,OPS/CONTENT_QA_QUEUE/QA_2026-02-02_faith_twitter_50.md,x_twitter,post,content_farm,True,PENDING_REVIEW,2026-02-02T10:59:33.178993,,
CONTENT/reddit/tech_r_indiehackers_portfolio_approach.md,OPS/CONTENT_QA_QUEUE/QA_2026-02-02_tech_r_indiehackers_portfolio_approach.md,reddit,post,general,False,NEEDS_STYLE_FIX,2026-02-02T10:59:33.179797,,
CONTENT/reddit/tech_r_sideproject_hard_paywall_8x.md,OPS/CONTENT_QA_QUEUE/QA_2026-02-02_tech_r_sideproject_hard_paywall_8x.md,reddit,post,general,True,PENDING_REVIEW,2026-02-02T10:59:33.180625,,
CONTENT/reddit/fitness_r_getdisciplined_phone_lock_steps.md,OPS/CONTENT_QA_QUEUE/QA_2026-02-02_fitness_r_getdisciplined_phone_lock_steps.md,reddit,post,general,False,NEEDS_STYLE_FIX,2026-02-02T10:59:33.181283,,
CONTENT/reddit/fitness_r_loseit_walking_jama_data.md,OPS/CONTENT_QA_QUEUE/QA_2026-02-02_fitness_r_loseit_walking_jama_data.md,reddit,post,general,True,PENDING_REVIEW,2026-02-02T10:59:33.182016,,
CONTENT/reddit/faith_r_nosurf_prayer_phone_lock.md,OPS/CONTENT_QA_QUEUE/QA_2026-02-02_faith_r_nosurf_prayer_phone_lock.md,reddit,post,general,True,PENDING_REVIEW,2026-02-02T10:59:33.182642,,
CONTENT/reddit/faith_r_christianity_prayer_consistency.md,OPS/CONTENT_QA_QUEUE/QA_2026-02-02_faith_r_christianity_prayer_consistency.md,reddit,post,general,True,PENDING_REVIEW,2026-02-02T10:59:33.183388,,
CONTENT/substack_posts/the-freemium-trap-is-costing-you-8x-revenue.md,OPS/CONTENT_QA_QUEUE/QA_2026-02-02_the-freemium-trap-is-costing-you-8x-revenue.md,substack,article,general,True,PENDING_REVIEW,2026-02-02T10:59:33.184337,,
CONTENT/medium_articles/why-hard-paywalls-generate-8x-more-app-revenue.md,OPS/CONTENT_QA_QUEUE/QA_2026-02-02_why-hard-paywalls-generate-8x-more-app-revenue.md,medium,article,general,True,PENDING_REVIEW,2026-02-02T10:59:33.185330,,
CONTENT/email_sequences/cold/healthcare_dental.md,OPS/CONTENT_QA_QUEUE/QA_2026-02-02_healthcare_dental.md,email,email_sequence,outbound,True,PENDING_REVIEW,2026-02-02T10:59:33.186362,,
MONEY_METHODS/CONTENT_FARM/NICHE_ACCOUNTS/generated_content/CROSS_NICHE_LOCK_APP_CONTENT.md,OPS/CONTENT_QA_QUEUE/QA_2026-02-02_CROSS_NICHE_LOCK_APP_CONTENT.md,x_twitter,post,content_farm,False,NEEDS_STYLE_FIX,2026-02-02T10:59:33.187399,,
MONEY_METHODS/CONTENT_FARM/NICHE_ACCOUNTS/generated_content/REDDIT_POST_DRAFTS_LOCK_APP.md,OPS/CONTENT_QA_QUEUE/QA_2026-02-02_REDDIT_POST_DRAFTS_LOCK_APP.md,x_twitter,post,content_farm,False,NEEDS_STYLE_FIX,2026-02-02T10:59:33.188621,,
MONEY_METHODS/CONTENT_FARM/NICHE_ACCOUNTS/generated_content/X_ARTICLES_LOCK_APP_SERIES.md,OPS/CONTENT_QA_QUEUE/QA_2026-02-02_X_ARTICLES_LOCK_APP_SERIES.md,x_twitter,post,content_farm,False,NEEDS_STYLE_FIX,2026-02-02T10:59:33.189756,,
MONEY_METHODS/CONTENT_FARM/NICHE_ACCOUNTS/generated_content/DIGITAL_MINIMALISM_LOCK_APP_POSTS.md,OPS/CONTENT_QA_QUEUE/QA_2026-02-02_DIGITAL_MINIMALISM_LOCK_APP_POSTS.md,x_twitter,post,content_farm,False,NEEDS_STYLE_FIX,2026-02-02T10:59:33.190798,,
CONTENT/social/ai/printmaxxer_buildinpublic_010.md,OPS/CONTENT_QA_QUEUE/QA_2026-02-02_printmaxxer_buildinpublic_010.md,x_twitter,post,tech,True,PENDING_REVIEW,2026-02-02T10:59:33.191594,,
CONTENT/social/ai/printmaxxer_buildinpublic_009.md,OPS/CONTENT_QA_QUEUE/QA_2026-02-02_printmaxxer_buildinpublic_009.md,x_twitter,post,tech,True,PENDING_REVIEW,2026-02-02T10:59:33.192186,,
CONTENT/social/ai/printmaxxer_buildinpublic_008.md,OPS/CONTENT_QA_QUEUE/QA_2026-02-02_printmaxxer_buildinpublic_008.md,x_twitter,post,tech,True,PENDING_REVIEW,2026-02-02T10:59:33.192717,,
CONTENT/social/ai/printmaxxer_buildinpublic_007.md,OPS/CONTENT_QA_QUEUE/QA_2026-02-02_printmaxxer_buildinpublic_007.md,x_twitter,post,tech,True,PENDING_REVIEW,2026-02-02T10:59:33.194937,,
CONTENT/social/ai/printmaxxer_buildinpublic_006.md,OPS/CONTENT_QA_QUEUE/QA_2026-02-02_printmaxxer_buildinpublic_006.md,x_twitter,post,tech,True,PENDING_REVIEW,2026-02-02T10:59:33.195576,,
CONTENT/social/ai/printmaxxer_buildinpublic_005.md,OPS/CONTENT_QA_QUEUE/QA_2026-02-02_printmaxxer_buildinpublic_005.md,x_twitter,post,tech,True,PENDING_REVIEW,2026-02-02T10:59:33.196022,,
CONTENT/social/ai/printmaxxer_buildinpublic_004.md,OPS/CONTENT_QA_QUEUE/QA_2026-02-02_printmaxxer_buildinpublic_004.md,x_twitter,post,tech,True,PENDING_REVIEW,2026-02-02T10:59:33.196520,,
CONTENT/social/ai/printmaxxer_buildinpublic_003.md,OPS/CONTENT_QA_QUEUE/QA_2026-02-02_printmaxxer_buildinpublic_003.md,x_twitter,post,tech,True,PENDING_REVIEW,2026-02-02T10:59:33.197118,,
CONTENT/social/ai/printmaxxer_buildinpublic_002.md,OPS/CONTENT_QA_QUEUE/QA_2026-02-02_printmaxxer_buildinpublic_002.md,x_twitter,post,tech,True,PENDING_REVIEW,2026-02-02T10:59:33.197566,,
CONTENT/social/ai/printmaxxer_buildinpublic_001.md,OPS/CONTENT_QA_QUEUE/QA_2026-02-02_printmaxxer_buildinpublic_001.md,x_twitter,post,tech,True,PENDING_REVIEW,2026-02-02T10:59:33.198349,,
CONTENT/social/fitness/walktounlock_launch_010.md,OPS/CONTENT_QA_QUEUE/QA_2026-02-02_walktounlock_launch_010.md,x_twitter,post,fitness,False,NEEDS_STYLE_FIX,2026-02-02T10:59:33.198881,,
CONTENT/social/fitness/walktounlock_launch_009.md,OPS/CONTENT_QA_QUEUE/QA_2026-02-02_walktounlock_launch_009.md,x_twitter,post,fitness,False,NEEDS_STYLE_FIX,2026-02-02T10:59:33.199449,,
CONTENT/social/fitness/walktounlock_launch_008.md,OPS/CONTENT_QA_QUEUE/QA_2026-02-02_walktounlock_launch_008.md,x_twitter,post,fitness,False,NEEDS_STYLE_FIX,2026-02-02T10:59:33.199925,,
CONTENT/social/fitness/walktounlock_launch_007.md,OPS/CONTENT_QA_QUEUE/QA_2026-02-02_walktounlock_launch_007.md,x_twitter,post,fitness,False,NEEDS_STYLE_FIX,2026-02-02T10:59:33.200460,,
CONTENT/social/fitness/walktounlock_launch_006.md,OPS/CONTENT_QA_QUEUE/QA_2026-02-02_walktounlock_launch_006.md,x_twitter,post,fitness,False,NEEDS_STYLE_FIX,2026-02-02T10:59:33.200953,,
CONTENT/social/fitness/walktounlock_launch_005.md,OPS/CONTENT_QA_QUEUE/QA_2026-02-02_walktounlock_launch_005.md,x_twitter,post,fitness,False,NEEDS_STYLE_FIX,2026-02-02T10:59:33.201639,,
CONTENT/social/fitness/walktounlock_launch_004.md,OPS/CONTENT_QA_QUEUE/QA_2026-02-02_walktounlock_launch_004.md,x_twitter,post,fitness,False,NEEDS_STYLE_FIX,2026-02-02T10:59:33.202488,,
CONTENT/social/fitness/walktounlock_launch_003.md,OPS/CONTENT_QA_QUEUE/QA_2026-02-02_walktounlock_launch_003.md,x_twitter,post,fitness,False,NEEDS_STYLE_FIX,2026-02-02T10:59:33.203129,,
CONTENT/social/fitness/walktounlock_launch_002.md,OPS/CONTENT_QA_QUEUE/QA_2026-02-02_walktounlock_launch_002.md,x_twitter,post,fitness,False,NEEDS_STYLE_FIX,2026-02-02T10:59:33.203664,,
CONTENT/social/fitness/walktounlock_launch_001.md,OPS/CONTENT_QA_QUEUE/QA_2026-02-02_walktounlock_launch_001.md,x_twitter,post,fitness,False,NEEDS_STYLE_FIX,2026-02-02T10:59:33.204408,,
CONTENT/email_sequences/cold/legal_services.md,OPS/CONTENT_QA_QUEUE/QA_2026-02-02_legal_services.md,email,email_sequence,outbound,True,PENDING_REVIEW,2026-02-02T10:59:33.205497,,
CONTENT/social/faith/prayerlock_launch_010.md,OPS/CONTENT_QA_QUEUE/QA_2026-02-02_prayerlock_launch_010.md,x_twitter,post,faith,False,NEEDS_STYLE_FIX,2026-02-02T10:59:33.206097,,
CONTENT/social/faith/prayerlock_launch_009.md,OPS/CONTENT_QA_QUEUE/QA_2026-02-02_prayerlock_launch_009.md,x_twitter,post,faith,True,PENDING_REVIEW,2026-02-02T10:59:33.208175,,
CONTENT/social/faith/prayerlock_launch_008.md,OPS/CONTENT_QA_QUEUE/QA_2026-02-02_prayerlock_launch_008.md,x_twitter,post,faith,False,NEEDS_STYLE_FIX,2026-02-02T10:59:33.209662,,
CONTENT/social/faith/prayerlock_launch_007.md,OPS/CONTENT_QA_QUEUE/QA_2026-02-02_prayerlock_launch_007.md,x_twitter,post,faith,True,PENDING_REVIEW,2026-02-02T10:59:33.210233,,
CONTENT/social/faith/prayerlock_launch_006.md,OPS/CONTENT_QA_QUEUE/QA_2026-02-02_prayerlock_launch_006.md,x_twitter,post,faith,False,NEEDS_STYLE_FIX,2026-02-02T10:59:33.210619,,
CONTENT/social/faith/prayerlock_launch_005.md,OPS/CONTENT_QA_QUEUE/QA_2026-02-02_prayerlock_launch_005.md,x_twitter,post,faith,True,PENDING_REVIEW,2026-02-02T10:59:33.211060,,
CONTENT/social/faith/prayerlock_launch_004.md,OPS/CONTENT_QA_QUEUE/QA_2026-02-02_prayerlock_launch_004.md,x_twitter,post,faith,True,PENDING_REVIEW,2026-02-02T10:59:33.211600,,
CONTENT/social/faith/prayerlock_launch_003.md,OPS/CONTENT_QA_QUEUE/QA_2026-02-02_prayerlock_launch_003.md,x_twitter,post,faith,True,PENDING_REVIEW,2026-02-02T10:59:33.212305,,
CONTENT/social/faith/prayerlock_launch_002.md,OPS/CONTENT_QA_QUEUE/QA_2026-02-02_prayerlock_launch_002.md,x_twitter,post,faith,False,NEEDS_STYLE_FIX,2026-02-02T10:59:33.213172,,
CONTENT/social/faith/prayerlock_launch_001.md,OPS/CONTENT_QA_QUEUE/QA_2026-02-02_prayerlock_launch_001.md,x_twitter,post,faith,True,PENDING_REVIEW,2026-02-02T10:59:33.213660,,
MONEY_METHODS/CONTENT_FARM/NICHE_ACCOUNTS/generated_content/YOUTUBE_INTEL_POSTS.md,OPS/CONTENT_QA_QUEUE/QA_2026-02-02_YOUTUBE_INTEL_POSTS.md,x_twitter,post,content_farm,True,PENDING_REVIEW,2026-02-02T10:59:33.214619,,
MONEY_METHODS/CONTENT_FARM/NICHE_ACCOUNTS/generated_content/clavvicular_funnel_carousel.md,OPS/CONTENT_QA_QUEUE/QA_2026-02-02_clavvicular_funnel_carousel.md,x_twitter,post,content_farm,True,PENDING_REVIEW,2026-02-02T10:59:33.215298,,
CONTENT/substack_posts/funnel-teardown-clipping-army-distribution.md,OPS/CONTENT_QA_QUEUE/QA_2026-02-02_funnel-teardown-clipping-army-distribution.md,substack,article,general,False,NEEDS_STYLE_FIX,2026-02-02T10:59:33.216016,,
CONTENT/medium_articles/how-a-22-year-old-built-70k-month-community-funnel.md,OPS/CONTENT_QA_QUEUE/QA_2026-02-02_how-a-22-year-old-built-70k-month-community-funnel.md,medium,article,general,False,NEEDS_STYLE_FIX,2026-02-02T10:59:33.216772,,
MONEY_METHODS/CONTENT_FARM/NICHE_ACCOUNTS/generated_content/funnel_teardown_clavvicular_posts.md,OPS/CONTENT_QA_QUEUE/QA_2026-02-02_funnel_teardown_clavvicular_posts.md,x_twitter,post,content_farm,False,NEEDS_STYLE_FIX,2026-02-02T10:59:33.217609,,
MONEY_METHODS/CONTENT_FARM/NICHE_ACCOUNTS/generated_content/tech_carousel_10.md,OPS/CONTENT_QA_QUEUE/QA_2026-02-02_tech_carousel_10.md,x_twitter,post,content_farm,False,NEEDS_STYLE_FIX,2026-02-02T10:59:33.220088,,
MONEY_METHODS/CONTENT_FARM/NICHE_ACCOUNTS/generated_content/tech_tiktok_10.md,OPS/CONTENT_QA_QUEUE/QA_2026-02-02_tech_tiktok_10.md,x_twitter,post,content_farm,False,NEEDS_STYLE_FIX,2026-02-02T10:59:33.220946,,
MONEY_METHODS/CONTENT_FARM/NICHE_ACCOUNTS/generated_content/tech_twitter_30.md,OPS/CONTENT_QA_QUEUE/QA_2026-02-02_tech_twitter_30.md,x_twitter,post,content_farm,True,PENDING_REVIEW,2026-02-02T10:59:33.221777,,
MONEY_METHODS/CONTENT_FARM/NICHE_ACCOUNTS/generated_content/fitness_carousel_10.md,OPS/CONTENT_QA_QUEUE/QA_2026-02-02_fitness_carousel_10.md,x_twitter,post,content_farm,True,PENDING_REVIEW,2026-02-02T10:59:33.222653,,
MONEY_METHODS/CONTENT_FARM/NICHE_ACCOUNTS/generated_content/fitness_tiktok_10.md,OPS/CONTENT_QA_QUEUE/QA_2026-02-02_fitness_tiktok_10.md,x_twitter,post,content_farm,False,NEEDS_STYLE_FIX,2026-02-02T10:59:33.223491,,
MONEY_METHODS/CONTENT_FARM/NICHE_ACCOUNTS/generated_content/fitness_twitter_30.md,OPS/CONTENT_QA_QUEUE/QA_2026-02-02_fitness_twitter_30.md,x_twitter,post,content_farm,True,PENDING_REVIEW,2026-02-02T10:59:33.224342,,
MONEY_METHODS/CONTENT_FARM/NICHE_ACCOUNTS/generated_content/faith_carousel_10.md,OPS/CONTENT_QA_QUEUE/QA_2026-02-02_faith_carousel_10.md,x_twitter,post,content_farm,True,PENDING_REVIEW,2026-02-02T10:59:33.225393,,
MONEY_METHODS/CONTENT_FARM/NICHE_ACCOUNTS/generated_content/faith_tiktok_10.md,OPS/CONTENT_QA_QUEUE/QA_2026-02-02_faith_tiktok_10.md,x_twitter,post,content_farm,True,PENDING_REVIEW,2026-02-02T10:59:33.226104,,
MONEY_METHODS/CONTENT_FARM/NICHE_ACCOUNTS/generated_content/faith_twitter_30.md,OPS/CONTENT_QA_QUEUE/QA_2026-02-02_faith_twitter_30.md,x_twitter,post,content_farm,True,PENDING_REVIEW,2026-02-02T10:59:33.226857,,
CONTENT/social/ai/050.md,OPS/CONTENT_QA_QUEUE/QA_2026-02-02_050.md,x_twitter,post,tech,True,PENDING_REVIEW,2026-02-02T10:59:33.227553,,
CONTENT/social/ai/049.md,OPS/CONTENT_QA_QUEUE/QA_2026-02-02_049.md,x_twitter,post,tech,True,PENDING_REVIEW,2026-02-02T10:59:33.227951,,
CONTENT/social/ai/048.md,OPS/CONTENT_QA_QUEUE/QA_2026-02-02_048.md,x_twitter,post,tech,True,PENDING_REVIEW,2026-02-02T10:59:33.228350,,
CONTENT/social/ai/047.md,OPS/CONTENT_QA_QUEUE/QA_2026-02-02_047.md,x_twitter,post,tech,True,PENDING_REVIEW,2026-02-02T10:59:33.228987,,
CONTENT/social/ai/046.md,OPS/CONTENT_QA_QUEUE/QA_2026-02-02_046.md,x_twitter,post,tech,True,PENDING_REVIEW,2026-02-02T10:59:33.229371,,
CONTENT/social/ai/045.md,OPS/CONTENT_QA_QUEUE/QA_2026-02-02_045.md,x_twitter,post,tech,True,PENDING_REVIEW,2026-02-02T10:59:33.229722,,
CONTENT/social/ai/044.md,OPS/CONTENT_QA_QUEUE/QA_2026-02-02_044.md,x_twitter,post,tech,True,PENDING_REVIEW,2026-02-02T10:59:33.230136,,
CONTENT/social/ai/043.md,OPS/CONTENT_QA_QUEUE/QA_2026-02-02_043.md,x_twitter,post,tech,True,PENDING_REVIEW,2026-02-02T10:59:33.230756,,
CONTENT/social/ai/042.md,OPS/CONTENT_QA_QUEUE/QA_2026-02-02_042.md,x_twitter,post,tech,True,PENDING_REVIEW,2026-02-02T10:59:33.231148,,
CONTENT/social/ai/041.md,OPS/CONTENT_QA_QUEUE/QA_2026-02-02_041.md,x_twitter,post,tech,True,PENDING_REVIEW,2026-02-02T10:59:33.231755,,
CONTENT/social/ai/031.md,OPS/CONTENT_QA_QUEUE/QA_2026-02-02_031.md,x_twitter,post,tech,True,PENDING_REVIEW,2026-02-02T10:59:33.232384,,
CONTENT/social/ai/040.md,OPS/CONTENT_QA_QUEUE/QA_2026-02-02_040.md,x_twitter,post,tech,True,PENDING_REVIEW,2026-02-02T10:59:33.233163,,
CONTENT/social/ai/039.md,OPS/CONTENT_QA_QUEUE/QA_2026-02-02_039.md,x_twitter,post,tech,True,PENDING_REVIEW,2026-02-02T10:59:33.233725,,
CONTENT/social/ai/038.md,OPS/CONTENT_QA_QUEUE/QA_2026-02-02_038.md,x_twitter,post,tech,True,PENDING_REVIEW,2026-02-02T10:59:33.234112,,
CONTENT/social/ai/037.md,OPS/CONTENT_QA_QUEUE/QA_2026-02-02_037.md,x_twitter,post,tech,True,PENDING_REVIEW,2026-02-02T10:59:33.234504,,
CONTENT/social/ai/036.md,OPS/CONTENT_QA_QUEUE/QA_2026-02-02_036.md,x_twitter,post,tech,True,PENDING_REVIEW,2026-02-02T10:59:33.234966,,
CONTENT/social/ai/035.md,OPS/CONTENT_QA_QUEUE/QA_2026-02-02_035.md,x_twitter,post,tech,True,PENDING_REVIEW,2026-02-02T10:59:33.235402,,
CONTENT/social/ai/034.md,OPS/CONTENT_QA_QUEUE/QA_2026-02-02_034.md,x_twitter,post,tech,True,PENDING_REVIEW,2026-02-02T10:59:33.236058,,
CONTENT/social/ai/033.md,OPS/CONTENT_QA_QUEUE/QA_2026-02-02_033.md,x_twitter,post,tech,True,PENDING_REVIEW,2026-02-02T10:59:33.236548,,
CONTENT/social/ai/032.md,OPS/CONTENT_QA_QUEUE/QA_2026-02-02_032.md,x_twitter,post,tech,True,PENDING_REVIEW,2026-02-02T10:59:33.237048,,
CONTENT/social/ai/030.md,OPS/CONTENT_QA_QUEUE/QA_2026-02-02_030.md,x_twitter,post,tech,True,PENDING_REVIEW,2026-02-02T10:59:33.237452,,
CONTENT/social/ai/029.md,OPS/CONTENT_QA_QUEUE/QA_2026-02-02_029.md,x_twitter,post,tech,True,PENDING_REVIEW,2026-02-02T10:59:33.237931,,
CONTENT/social/ai/028.md,OPS/CONTENT_QA_QUEUE/QA_2026-02-02_028.md,x_twitter,post,tech,True,PENDING_REVIEW,2026-02-02T10:59:33.238495,,
CONTENT/social/ai/027.md,OPS/CONTENT_QA_QUEUE/QA_2026-02-02_027.md,x_twitter,post,tech,True,PENDING_REVIEW,2026-02-02T10:59:33.238952,,
CONTENT/social/ai/026.md,OPS/CONTENT_QA_QUEUE/QA_2026-02-02_026.md,x_twitter,post,tech,True,PENDING_REVIEW,2026-02-02T10:59:33.239310,,
CONTENT/social/ai/025.md,OPS/CONTENT_QA_QUEUE/QA_2026-02-02_025.md,x_twitter,post,tech,True,PENDING_REVIEW,2026-02-02T10:59:33.239736,,
CONTENT/social/ai/024.md,OPS/CONTENT_QA_QUEUE/QA_2026-02-02_024.md,x_twitter,post,tech,True,PENDING_REVIEW,2026-02-02T10:59:33.240150,,
CONTENT/social/ai/023.md,OPS/CONTENT_QA_QUEUE/QA_2026-02-02_023.md,x_twitter,post,tech,True,PENDING_REVIEW,2026-02-02T10:59:33.240818,,
CONTENT/social/ai/022.md,OPS/CONTENT_QA_QUEUE/QA_2026-02-02_022.md,x_twitter,post,tech,True,PENDING_REVIEW,2026-02-02T10:59:33.241287,,
CONTENT/social/ai/021.md,OPS/CONTENT_QA_QUEUE/QA_2026-02-02_021.md,x_twitter,post,tech,True,PENDING_REVIEW,2026-02-02T10:59:33.243418,,
CONTENT/social/ai/020.md,OPS/CONTENT_QA_QUEUE/QA_2026-02-02_020.md,x_twitter,post,tech,True,PENDING_REVIEW,2026-02-02T10:59:33.245206,,
CONTENT/social/ai/019.md,OPS/CONTENT_QA_QUEUE/QA_2026-02-02_019.md,x_twitter,post,tech,True,PENDING_REVIEW,2026-02-02T10:59:33.245567,,
CONTENT/social/ai/018.md,OPS/CONTENT_QA_QUEUE/QA_2026-02-02_018.md,x_twitter,post,tech,True,PENDING_REVIEW,2026-02-02T10:59:33.246129,,
CONTENT/social/ai/017.md,OPS/CONTENT_QA_QUEUE/QA_2026-02-02_017.md,x_twitter,post,tech,True,PENDING_REVIEW,2026-02-02T10:59:33.246455,,
CONTENT/social/ai/016.md,OPS/CONTENT_QA_QUEUE/QA_2026-02-02_016.md,x_twitter,post,tech,True,PENDING_REVIEW,2026-02-02T10:59:33.246870,,
CONTENT/social/ai/015.md,OPS/CONTENT_QA_QUEUE/QA_2026-02-02_015.md,x_twitter,post,tech,True,PENDING_REVIEW,2026-02-02T10:59:33.247270,,
CONTENT/social/ai/014.md,OPS/CONTENT_QA_QUEUE/QA_2026-02-02_014.md,x_twitter,post,tech,True,PENDING_REVIEW,2026-02-02T10:59:33.247901,,
CONTENT/social/ai/013.md,OPS/CONTENT_QA_QUEUE/QA_2026-02-02_013.md,x_twitter,post,tech,True,PENDING_REVIEW,2026-02-02T10:59:33.248566,,
CONTENT/social/ai/012.md,OPS/CONTENT_QA_QUEUE/QA_2026-02-02_012.md,x_twitter,post,tech,True,PENDING_REVIEW,2026-02-02T10:59:33.249142,,
CONTENT/social/ai/011.md,OPS/CONTENT_QA_QUEUE/QA_2026-02-02_011.md,x_twitter,post,tech,True,PENDING_REVIEW,2026-02-02T10:59:33.249569,,
CONTENT/social/ai/010.md,OPS/CONTENT_QA_QUEUE/QA_2026-02-02_010.md,x_twitter,post,tech,True,PENDING_REVIEW,2026-02-02T10:59:33.250007,,
CONTENT/social/ai/009.md,OPS/CONTENT_QA_QUEUE/QA_2026-02-02_009.md,x_twitter,post,tech,True,PENDING_REVIEW,2026-02-02T10:59:33.250383,,
CONTENT/social/ai/008.md,OPS/CONTENT_QA_QUEUE/QA_2026-02-02_008.md,x_twitter,post,tech,True,PENDING_REVIEW,2026-02-02T10:59:33.250817,,
CONTENT/social/ai/007.md,OPS/CONTENT_QA_QUEUE/QA_2026-02-02_007.md,x_twitter,post,tech,True,PENDING_REVIEW,2026-02-02T10:59:33.251159,,
CONTENT/social/ai/006.md,OPS/CONTENT_QA_QUEUE/QA_2026-02-02_006.md,x_twitter,post,tech,True,PENDING_REVIEW,2026-02-02T10:59:33.251545,,
CONTENT/social/ai/005.md,OPS/CONTENT_QA_QUEUE/QA_2026-02-02_005.md,x_twitter,post,tech,True,PENDING_REVIEW,2026-02-02T10:59:33.251969,,
CONTENT/social/ai/004.md,OPS/CONTENT_QA_QUEUE/QA_2026-02-02_004.md,x_twitter,post,tech,True,PENDING_REVIEW,2026-02-02T10:59:33.252533,,
CONTENT/social/ai/003.md,OPS/CONTENT_QA_QUEUE/QA_2026-02-02_003.md,x_twitter,post,tech,True,PENDING_REVIEW,2026-02-02T10:59:33.253017,,
CONTENT/social/ai/002.md,OPS/CONTENT_QA_QUEUE/QA_2026-02-02_002.md,x_twitter,post,tech,True,PENDING_REVIEW,2026-02-02T10:59:33.253434,,
CONTENT/social/ai/001.md,OPS/CONTENT_QA_QUEUE/QA_2026-02-02_001.md,x_twitter,post,tech,True,PENDING_REVIEW,2026-02-02T10:59:33.253846,,
CONTENT/social/fitness/050.md,OPS/CONTENT_QA_QUEUE/QA_2026-02-02_050.md,x_twitter,post,fitness,True,PENDING_REVIEW,2026-02-02T10:59:33.254289,,
CONTENT/social/fitness/049.md,OPS/CONTENT_QA_QUEUE/QA_2026-02-02_049.md,x_twitter,post,fitness,True,PENDING_REVIEW,2026-02-02T10:59:33.254676,,
CONTENT/social/fitness/048.md,OPS/CONTENT_QA_QUEUE/QA_2026-02-02_048.md,x_twitter,post,fitness,True,PENDING_REVIEW,2026-02-02T10:59:33.255179,,
CONTENT/social/fitness/047.md,OPS/CONTENT_QA_QUEUE/QA_2026-02-02_047.md,x_twitter,post,fitness,True,PENDING_REVIEW,2026-02-02T10:59:33.255603,,
CONTENT/social/fitness/046.md,OPS/CONTENT_QA_QUEUE/QA_2026-02-02_046.md,x_twitter,post,fitness,True,PENDING_REVIEW,2026-02-02T10:59:33.256043,,
CONTENT/social/fitness/045.md,OPS/CONTENT_QA_QUEUE/QA_2026-02-02_045.md,x_twitter,post,fitness,True,PENDING_REVIEW,2026-02-02T10:59:33.256452,,
CONTENT/social/fitness/044.md,OPS/CONTENT_QA_QUEUE/QA_2026-02-02_044.md,x_twitter,post,fitness,True,PENDING_REVIEW,2026-02-02T10:59:33.257105,,
CONTENT/social/fitness/043.md,OPS/CONTENT_QA_QUEUE/QA_2026-02-02_043.md,x_twitter,post,fitness,True,PENDING_REVIEW,2026-02-02T10:59:33.259200,,
CONTENT/social/fitness/042.md,OPS/CONTENT_QA_QUEUE/QA_2026-02-02_042.md,x_twitter,post,fitness,True,PENDING_REVIEW,2026-02-02T10:59:33.259618,,
CONTENT/social/fitness/041.md,OPS/CONTENT_QA_QUEUE/QA_2026-02-02_041.md,x_twitter,post,fitness,True,PENDING_REVIEW,2026-02-02T10:59:33.260002,,
CONTENT/social/fitness/040.md,OPS/CONTENT_QA_QUEUE/QA_2026-02-02_040.md,x_twitter,post,fitness,True,PENDING_REVIEW,2026-02-02T10:59:33.260724,,
CONTENT/social/fitness/039.md,OPS/CONTENT_QA_QUEUE/QA_2026-02-02_039.md,x_twitter,post,fitness,True,PENDING_REVIEW,2026-02-02T10:59:33.261157,,
CONTENT/social/fitness/038.md,OPS/CONTENT_QA_QUEUE/QA_2026-02-02_038.md,x_twitter,post,fitness,True,PENDING_REVIEW,2026-02-02T10:59:33.261773,,
CONTENT/social/fitness/037.md,OPS/CONTENT_QA_QUEUE/QA_2026-02-02_037.md,x_twitter,post,fitness,True,PENDING_REVIEW,2026-02-02T10:59:33.262223,,
CONTENT/social/fitness/036.md,OPS/CONTENT_QA_QUEUE/QA_2026-02-02_036.md,x_twitter,post,fitness,True,PENDING_REVIEW,2026-02-02T10:59:33.262636,,
CONTENT/social/fitness/035.md,OPS/CONTENT_QA_QUEUE/QA_2026-02-02_035.md,x_twitter,post,fitness,True,PENDING_REVIEW,2026-02-02T10:59:33.263181,,
CONTENT/social/fitness/034.md,OPS/CONTENT_QA_QUEUE/QA_2026-02-02_034.md,x_twitter,post,fitness,True,PENDING_REVIEW,2026-02-02T10:59:33.263554,,
CONTENT/social/fitness/033.md,OPS/CONTENT_QA_QUEUE/QA_2026-02-02_033.md,x_twitter,post,fitness,True,PENDING_REVIEW,2026-02-02T10:59:33.264000,,
CONTENT/social/fitness/032.md,OPS/CONTENT_QA_QUEUE/QA_2026-02-02_032.md,x_twitter,post,fitness,True,PENDING_REVIEW,2026-02-02T10:59:33.264432,,
CONTENT/social/fitness/031.md,OPS/CONTENT_QA_QUEUE/QA_2026-02-02_031.md,x_twitter,post,fitness,True,PENDING_REVIEW,2026-02-02T10:59:33.264952,,
CONTENT/social/fitness/029.md,OPS/CONTENT_QA_QUEUE/QA_2026-02-02_029.md,x_twitter,post,fitness,True,PENDING_REVIEW,2026-02-02T10:59:33.265447,,
CONTENT/social/fitness/028.md,OPS/CONTENT_QA_QUEUE/QA_2026-02-02_028.md,x_twitter,post,fitness,True,PENDING_REVIEW,2026-02-02T10:59:33.265929,,
CONTENT/social/fitness/027.md,OPS/CONTENT_QA_QUEUE/QA_2026-02-02_027.md,x_twitter,post,fitness,True,PENDING_REVIEW,2026-02-02T10:59:33.266403,,
CONTENT/social/fitness/026.md,OPS/CONTENT_QA_QUEUE/QA_2026-02-02_026.md,x_twitter,post,fitness,True,PENDING_REVIEW,2026-02-02T10:59:33.266922,,
CONTENT/social/fitness/024.md,OPS/CONTENT_QA_QUEUE/QA_2026-02-02_024.md,x_twitter,post,fitness,True,PENDING_REVIEW,2026-02-02T10:59:33.267365,,
CONTENT/social/fitness/023.md,OPS/CONTENT_QA_QUEUE/QA_2026-02-02_023.md,x_twitter,post,fitness,True,PENDING_REVIEW,2026-02-02T10:59:33.267845,,
CONTENT/social/fitness/022.md,OPS/CONTENT_QA_QUEUE/QA_2026-02-02_022.md,x_twitter,post,fitness,True,PENDING_REVIEW,2026-02-02T10:59:33.268310,,
CONTENT/social/fitness/030.md,OPS/CONTENT_QA_QUEUE/QA_2026-02-02_030.md,x_twitter,post,fitness,True,PENDING_REVIEW,2026-02-02T10:59:33.268776,,
CONTENT/social/fitness/025.md,OPS/CONTENT_QA_QUEUE/QA_2026-02-02_025.md,x_twitter,post,fitness,True,PENDING_REVIEW,2026-02-02T10:59:33.270884,,
CONTENT/social/fitness/021.md,OPS/CONTENT_QA_QUEUE/QA_2026-02-02_021.md,x_twitter,post,fitness,True,PENDING_REVIEW,2026-02-02T10:59:33.272499,,
CONTENT/social/fitness/020.md,OPS/CONTENT_QA_QUEUE/QA_2026-02-02_020.md,x_twitter,post,fitness,False,NEEDS_STYLE_FIX,2026-02-02T10:59:33.272969,,
CONTENT/social/fitness/019.md,OPS/CONTENT_QA_QUEUE/QA_2026-02-02_019.md,x_twitter,post,fitness,True,PENDING_REVIEW,2026-02-02T10:59:33.273430,,
CONTENT/social/fitness/018.md,OPS/CONTENT_QA_QUEUE/QA_2026-02-02_018.md,x_twitter,post,fitness,False,NEEDS_STYLE_FIX,2026-02-02T10:59:33.273947,,
CONTENT/social/fitness/017.md,OPS/CONTENT_QA_QUEUE/QA_2026-02-02_017.md,x_twitter,post,fitness,True,PENDING_REVIEW,2026-02-02T10:59:33.274326,,
CONTENT/social/fitness/016.md,OPS/CONTENT_QA_QUEUE/QA_2026-02-02_016.md,x_twitter,post,fitness,False,NEEDS_STYLE_FIX,2026-02-02T10:59:33.274922,,
CONTENT/social/fitness/015.md,OPS/CONTENT_QA_QUEUE/QA_2026-02-02_015.md,x_twitter,post,fitness,False,NEEDS_STYLE_FIX,2026-02-02T10:59:33.275465,,
CONTENT/social/fitness/014.md,OPS/CONTENT_QA_QUEUE/QA_2026-02-02_014.md,x_twitter,post,fitness,False,NEEDS_STYLE_FIX,2026-02-02T10:59:33.275965,,
CONTENT/social/fitness/013.md,OPS/CONTENT_QA_QUEUE/QA_2026-02-02_013.md,x_twitter,post,fitness,False,NEEDS_STYLE_FIX,2026-02-02T10:59:33.276433,,
CONTENT/social/fitness/012.md,OPS/CONTENT_QA_QUEUE/QA_2026-02-02_012.md,x_twitter,post,fitness,False,NEEDS_STYLE_FIX,2026-02-02T10:59:33.276805,,
CONTENT/social/fitness/011.md,OPS/CONTENT_QA_QUEUE/QA_2026-02-02_011.md,x_twitter,post,fitness,False,NEEDS_STYLE_FIX,2026-02-02T10:59:33.277371,,
CONTENT/social/fitness/010.md,OPS/CONTENT_QA_QUEUE/QA_2026-02-02_010.md,x_twitter,post,fitness,True,PENDING_REVIEW,2026-02-02T10:59:33.277777,,
CONTENT/social/fitness/009.md,OPS/CONTENT_QA_QUEUE/QA_2026-02-02_009.md,x_twitter,post,fitness,True,PENDING_REVIEW,2026-02-02T10:59:33.278269,,
CONTENT/social/fitness/008.md,OPS/CONTENT_QA_QUEUE/QA_2026-02-02_008.md,x_twitter,post,fitness,True,PENDING_REVIEW,2026-02-02T10:59:33.278737,,
CONTENT/social/fitness/007.md,OPS/CONTENT_QA_QUEUE/QA_2026-02-02_007.md,x_twitter,post,fitness,True,PENDING_REVIEW,2026-02-02T10:59:33.279168,,
CONTENT/social/fitness/006.md,OPS/CONTENT_QA_QUEUE/QA_2026-02-02_006.md,x_twitter,post,fitness,True,PENDING_REVIEW,2026-02-02T10:59:33.281142,,
CONTENT/social/fitness/005.md,OPS/CONTENT_QA_QUEUE/QA_2026-02-02_005.md,x_twitter,post,fitness,True,PENDING_REVIEW,2026-02-02T10:59:33.281780,,
CONTENT/social/fitness/004.md,OPS/CONTENT_QA_QUEUE/QA_2026-02-02_004.md,x_twitter,post,fitness,True,PENDING_REVIEW,2026-02-02T10:59:33.282214,,
CONTENT/social/fitness/003.md,OPS/CONTENT_QA_QUEUE/QA_2026-02-02_003.md,x_twitter,post,fitness,True,PENDING_REVIEW,2026-02-02T10:59:33.282671,,
CONTENT/social/fitness/002.md,OPS/CONTENT_QA_QUEUE/QA_2026-02-02_002.md,x_twitter,post,fitness,True,PENDING_REVIEW,2026-02-02T10:59:33.283113,,
CONTENT/social/fitness/001.md,OPS/CONTENT_QA_QUEUE/QA_2026-02-02_001.md,x_twitter,post,fitness,True,PENDING_REVIEW,2026-02-02T10:59:33.283513,,
CONTENT/social/faith/050.md,OPS/CONTENT_QA_QUEUE/QA_2026-02-02_050.md,x_twitter,post,faith,True,PENDING_REVIEW,2026-02-02T10:59:33.283940,,
CONTENT/social/faith/049.md,OPS/CONTENT_QA_QUEUE/QA_2026-02-02_049.md,x_twitter,post,faith,True,PENDING_REVIEW,2026-02-02T10:59:33.284412,,
CONTENT/social/faith/048.md,OPS/CONTENT_QA_QUEUE/QA_2026-02-02_048.md,x_twitter,post,faith,True,PENDING_REVIEW,2026-02-02T10:59:33.284834,,
CONTENT/social/faith/047.md,OPS/CONTENT_QA_QUEUE/QA_2026-02-02_047.md,x_twitter,post,faith,True,PENDING_REVIEW,2026-02-02T10:59:33.285417,,
CONTENT/social/faith/046.md,OPS/CONTENT_QA_QUEUE/QA_2026-02-02_046.md,x_twitter,post,faith,True,PENDING_REVIEW,2026-02-02T10:59:33.285924,,
CONTENT/social/faith/045.md,OPS/CONTENT_QA_QUEUE/QA_2026-02-02_045.md,x_twitter,post,faith,True,PENDING_REVIEW,2026-02-02T10:59:33.286308,,
CONTENT/social/faith/044.md,OPS/CONTENT_QA_QUEUE/QA_2026-02-02_044.md,x_twitter,post,faith,True,PENDING_REVIEW,2026-02-02T10:59:33.286656,,
CONTENT/social/faith/043.md,OPS/CONTENT_QA_QUEUE/QA_2026-02-02_043.md,x_twitter,post,faith,True,PENDING_REVIEW,2026-02-02T10:59:33.287179,,
CONTENT/social/faith/042.md,OPS/CONTENT_QA_QUEUE/QA_2026-02-02_042.md,x_twitter,post,faith,True,PENDING_REVIEW,2026-02-02T10:59:33.287804,,
CONTENT/social/faith/041.md,OPS/CONTENT_QA_QUEUE/QA_2026-02-02_041.md,x_twitter,post,faith,True,PENDING_REVIEW,2026-02-02T10:59:33.288308,,
CONTENT/social/faith/040.md,OPS/CONTENT_QA_QUEUE/QA_2026-02-02_040.md,x_twitter,post,faith,True,PENDING_REVIEW,2026-02-02T10:59:33.290037,,
CONTENT/social/faith/039.md,OPS/CONTENT_QA_QUEUE/QA_2026-02-02_039.md,x_twitter,post,faith,False,NEEDS_STYLE_FIX,2026-02-02T10:59:33.290441,,
CONTENT/social/faith/038.md,OPS/CONTENT_QA_QUEUE/QA_2026-02-02_038.md,x_twitter,post,faith,True,PENDING_REVIEW,2026-02-02T10:59:33.290862,,
CONTENT/social/faith/037.md,OPS/CONTENT_QA_QUEUE/QA_2026-02-02_037.md,x_twitter,post,faith,True,PENDING_REVIEW,2026-02-02T10:59:33.291305,,
CONTENT/social/faith/036.md,OPS/CONTENT_QA_QUEUE/QA_2026-02-02_036.md,x_twitter,post,faith,True,PENDING_REVIEW,2026-02-02T10:59:33.291709,,
CONTENT/social/faith/035.md,OPS/CONTENT_QA_QUEUE/QA_2026-02-02_035.md,x_twitter,post,faith,True,PENDING_REVIEW,2026-02-02T10:59:33.292133,,
CONTENT/social/faith/034.md,OPS/CONTENT_QA_QUEUE/QA_2026-02-02_034.md,x_twitter,post,faith,True,PENDING_REVIEW,2026-02-02T10:59:33.292578,,
CONTENT/social/faith/033.md,OPS/CONTENT_QA_QUEUE/QA_2026-02-02_033.md,x_twitter,post,faith,True,PENDING_REVIEW,2026-02-02T10:59:33.292952,,
CONTENT/social/faith/032.md,OPS/CONTENT_QA_QUEUE/QA_2026-02-02_032.md,x_twitter,post,faith,True,PENDING_REVIEW,2026-02-02T10:59:33.293260,,
CONTENT/social/faith/031.md,OPS/CONTENT_QA_QUEUE/QA_2026-02-02_031.md,x_twitter,post,faith,True,PENDING_REVIEW,2026-02-02T10:59:33.293686,,
CONTENT/social/faith/030.md,OPS/CONTENT_QA_QUEUE/QA_2026-02-02_030.md,x_twitter,post,faith,True,PENDING_REVIEW,2026-02-02T10:59:33.294074,,
CONTENT/social/faith/029.md,OPS/CONTENT_QA_QUEUE/QA_2026-02-02_029.md,x_twitter,post,faith,True,PENDING_REVIEW,2026-02-02T10:59:33.294589,,
CONTENT/social/faith/028.md,OPS/CONTENT_QA_QUEUE/QA_2026-02-02_028.md,x_twitter,post,faith,True,PENDING_REVIEW,2026-02-02T10:59:33.295038,,
CONTENT/social/faith/027.md,OPS/CONTENT_QA_QUEUE/QA_2026-02-02_027.md,x_twitter,post,faith,True,PENDING_REVIEW,2026-02-02T10:59:33.295433,,
CONTENT/social/faith/026.md,OPS/CONTENT_QA_QUEUE/QA_2026-02-02_026.md,x_twitter,post,faith,True,PENDING_REVIEW,2026-02-02T10:59:33.295834,,
CONTENT/social/faith/025.md,OPS/CONTENT_QA_QUEUE/QA_2026-02-02_025.md,x_twitter,post,faith,True,PENDING_REVIEW,2026-02-02T10:59:33.296323,,
CONTENT/social/faith/024.md,OPS/CONTENT_QA_QUEUE/QA_2026-02-02_024.md,x_twitter,post,faith,True,PENDING_REVIEW,2026-02-02T10:59:33.296734,,
CONTENT/social/faith/023.md,OPS/CONTENT_QA_QUEUE/QA_2026-02-02_023.md,x_twitter,post,faith,True,PENDING_REVIEW,2026-02-02T10:59:33.297118,,
CONTENT/social/faith/022.md,OPS/CONTENT_QA_QUEUE/QA_2026-02-02_022.md,x_twitter,post,faith,True,PENDING_REVIEW,2026-02-02T10:59:33.297472,,
CONTENT/social/faith/021.md,OPS/CONTENT_QA_QUEUE/QA_2026-02-02_021.md,x_twitter,post,faith,True,PENDING_REVIEW,2026-02-02T10:59:33.298035,,
CONTENT/social/faith/020.md,OPS/CONTENT_QA_QUEUE/QA_2026-02-02_020.md,x_twitter,post,faith,True,PENDING_REVIEW,2026-02-02T10:59:33.298492,,
CONTENT/social/faith/019.md,OPS/CONTENT_QA_QUEUE/QA_2026-02-02_019.md,x_twitter,post,faith,True,PENDING_REVIEW,2026-02-02T10:59:33.298957,,
CONTENT/social/faith/018.md,OPS/CONTENT_QA_QUEUE/QA_2026-02-02_018.md,x_twitter,post,faith,True,PENDING_REVIEW,2026-02-02T10:59:33.299384,,
CONTENT/social/faith/017.md,OPS/CONTENT_QA_QUEUE/QA_2026-02-02_017.md,x_twitter,post,faith,False,NEEDS_STYLE_FIX,2026-02-02T10:59:33.299842,,
CONTENT/social/faith/016.md,OPS/CONTENT_QA_QUEUE/QA_2026-02-02_016.md,x_twitter,post,faith,True,PENDING_REVIEW,2026-02-02T10:59:33.300258,,
CONTENT/social/faith/015.md,OPS/CONTENT_QA_QUEUE/QA_2026-02-02_015.md,x_twitter,post,faith,True,PENDING_REVIEW,2026-02-02T10:59:33.300688,,
CONTENT/social/faith/014.md,OPS/CONTENT_QA_QUEUE/QA_2026-02-02_014.md,x_twitter,post,faith,True,PENDING_REVIEW,2026-02-02T10:59:33.301242,,
CONTENT/social/faith/013.md,OPS/CONTENT_QA_QUEUE/QA_2026-02-02_013.md,x_twitter,post,faith,True,PENDING_REVIEW,2026-02-02T10:59:33.301661,,
CONTENT/social/faith/012.md,OPS/CONTENT_QA_QUEUE/QA_2026-02-02_012.md,x_twitter,post,faith,True,PENDING_REVIEW,2026-02-02T10:59:33.302035,,
CONTENT/social/faith/011.md,OPS/CONTENT_QA_QUEUE/QA_2026-02-02_011.md,x_twitter,post,faith,True,PENDING_REVIEW,2026-02-02T10:59:33.302302,,
CONTENT/social/faith/010.md,OPS/CONTENT_QA_QUEUE/QA_2026-02-02_010.md,x_twitter,post,faith,True,PENDING_REVIEW,2026-02-02T10:59:33.303414,,
CONTENT/social/faith/009.md,OPS/CONTENT_QA_QUEUE/QA_2026-02-02_009.md,x_twitter,post,faith,True,PENDING_REVIEW,2026-02-02T10:59:33.303822,,
CONTENT/social/faith/008.md,OPS/CONTENT_QA_QUEUE/QA_2026-02-02_008.md,x_twitter,post,faith,True,PENDING_REVIEW,2026-02-02T10:59:33.304171,,
CONTENT/social/faith/007.md,OPS/CONTENT_QA_QUEUE/QA_2026-02-02_007.md,x_twitter,post,faith,True,PENDING_REVIEW,2026-02-02T10:59:33.304712,,
CONTENT/social/faith/006.md,OPS/CONTENT_QA_QUEUE/QA_2026-02-02_006.md,x_twitter,post,faith,True,PENDING_REVIEW,2026-02-02T10:59:33.305176,,
CONTENT/social/faith/005.md,OPS/CONTENT_QA_QUEUE/QA_2026-02-02_005.md,x_twitter,post,faith,True,PENDING_REVIEW,2026-02-02T10:59:33.305606,,
CONTENT/social/faith/004.md,OPS/CONTENT_QA_QUEUE/QA_2026-02-02_004.md,x_twitter,post,faith,True,PENDING_REVIEW,2026-02-02T10:59:33.306018,,
CONTENT/social/faith/003.md,OPS/CONTENT_QA_QUEUE/QA_2026-02-02_003.md,x_twitter,post,faith,True,PENDING_REVIEW,2026-02-02T10:59:33.306419,,
CONTENT/social/faith/002.md,OPS/CONTENT_QA_QUEUE/QA_2026-02-02_002.md,x_twitter,post,faith,True,PENDING_REVIEW,2026-02-02T10:59:33.307071,,
CONTENT/social/faith/001.md,OPS/CONTENT_QA_QUEUE/QA_2026-02-02_001.md,x_twitter,post,faith,True,PENDING_REVIEW,2026-02-02T10:59:33.307577,,
CONTENT/social/ai/BATCH_COMPLETE.md,OPS/CONTENT_QA_QUEUE/QA_2026-02-02_BATCH_COMPLETE.md,x_twitter,post,tech,False,NEEDS_STYLE_FIX,2026-02-02T10:59:33.308253,,
CONTENT/social/faith/BATCH_COMPLETE.md,OPS/CONTENT_QA_QUEUE/QA_2026-02-02_BATCH_COMPLETE.md,x_twitter,post,faith,True,PENDING_REVIEW,2026-02-02T10:59:33.308700,,
CONTENT/social/fitness/BATCH_COMPLETE.md,OPS/CONTENT_QA_QUEUE/QA_2026-02-02_BATCH_COMPLETE.md,x_twitter,post,fitness,True,PENDING_REVIEW,2026-02-02T10:59:33.309137,,
CONTENT/email_sequences/cold/SEQUENCES_COMPLETE.md,OPS/CONTENT_QA_QUEUE/QA_2026-02-02_SEQUENCES_COMPLETE.md,email,email_sequence,outbound,False,NEEDS_STYLE_FIX,2026-02-02T10:59:33.309980,,
CONTENT/email_sequences/cold/coaches.md,OPS/CONTENT_QA_QUEUE/QA_2026-02-02_coaches.md,email,email_sequence,outbound,True,PENDING_REVIEW,2026-02-02T10:59:33.312112,,
CONTENT/email_sequences/cold/ecommerce_brands.md,OPS/CONTENT_QA_QUEUE/QA_2026-02-02_ecommerce_brands.md,email,email_sequence,outbound,True,PENDING_REVIEW,2026-02-02T10:59:33.312782,,
CONTENT/email_sequences/cold/content_creators.md,OPS/CONTENT_QA_QUEUE/QA_2026-02-02_content_creators.md,email,email_sequence,outbound,True,PENDING_REVIEW,2026-02-02T10:59:33.313346,,
CONTENT/email_sequences/cold/agency_owners.md,OPS/CONTENT_QA_QUEUE/QA_2026-02-02_agency_owners.md,email,email_sequence,outbound,True,PENDING_REVIEW,2026-02-02T10:59:33.314037,,
CONTENT/social/faith/post_025.md,OPS/CONTENT_QA_QUEUE/QA_2026-02-02_post_025.md,x_twitter,post,faith,True,PENDING_REVIEW,2026-02-02T10:59:33.314447,,
CONTENT/social/faith/post_024.md,OPS/CONTENT_QA_QUEUE/QA_2026-02-02_post_024.md,x_twitter,post,faith,True,PENDING_REVIEW,2026-02-02T10:59:33.314855,,
CONTENT/social/faith/post_023.md,OPS/CONTENT_QA_QUEUE/QA_2026-02-02_post_023.md,x_twitter,post,faith,True,PENDING_REVIEW,2026-02-02T10:59:33.315516,,
CONTENT/social/faith/post_022.md,OPS/CONTENT_QA_QUEUE/QA_2026-02-02_post_022.md,x_twitter,post,faith,True,PENDING_REVIEW,2026-02-02T10:59:33.316029,,
CONTENT/social/faith/post_021.md,OPS/CONTENT_QA_QUEUE/QA_2026-02-02_post_021.md,x_twitter,post,faith,True,PENDING_REVIEW,2026-02-02T10:59:33.316616,,
CONTENT/social/faith/post_020.md,OPS/CONTENT_QA_QUEUE/QA_2026-02-02_post_020.md,x_twitter,post,faith,True,PENDING_REVIEW,2026-02-02T10:59:33.316987,,
CONTENT/social/faith/post_019.md,OPS/CONTENT_QA_QUEUE/QA_2026-02-02_post_019.md,x_twitter,post,faith,True,PENDING_REVIEW,2026-02-02T10:59:33.317695,,
CONTENT/social/faith/post_018.md,OPS/CONTENT_QA_QUEUE/QA_2026-02-02_post_018.md,x_twitter,post,faith,True,PENDING_REVIEW,2026-02-02T10:59:33.318251,,
CONTENT/social/faith/post_017.md,OPS/CONTENT_QA_QUEUE/QA_2026-02-02_post_017.md,x_twitter,post,faith,True,PENDING_REVIEW,2026-02-02T10:59:33.318754,,
CONTENT/social/faith/post_016.md,OPS/CONTENT_QA_QUEUE/QA_2026-02-02_post_016.md,x_twitter,post,faith,True,PENDING_REVIEW,2026-02-02T10:59:33.319336,,
CONTENT/social/faith/post_015.md,OPS/CONTENT_QA_QUEUE/QA_2026-02-02_post_015.md,x_twitter,post,faith,True,PENDING_REVIEW,2026-02-02T10:59:33.319738,,
CONTENT/social/faith/post_014.md,OPS/CONTENT_QA_QUEUE/QA_2026-02-02_post_014.md,x_twitter,post,faith,True,PENDING_REVIEW,2026-02-02T10:59:33.320628,,
CONTENT/social/faith/post_013.md,OPS/CONTENT_QA_QUEUE/QA_2026-02-02_post_013.md,x_twitter,post,faith,True,PENDING_REVIEW,2026-02-02T10:59:33.321035,,
CONTENT/social/faith/post_012.md,OPS/CONTENT_QA_QUEUE/QA_2026-02-02_post_012.md,x_twitter,post,faith,True,PENDING_REVIEW,2026-02-02T10:59:33.321426,,
CONTENT/social/faith/post_011.md,OPS/CONTENT_QA_QUEUE/QA_2026-02-02_post_011.md,x_twitter,post,faith,True,PENDING_REVIEW,2026-02-02T10:59:33.321876,,
CONTENT/social/faith/post_010.md,OPS/CONTENT_QA_QUEUE/QA_2026-02-02_post_010.md,x_twitter,post,faith,True,PENDING_REVIEW,2026-02-02T10:59:33.322340,,
CONTENT/social/faith/post_009.md,OPS/CONTENT_QA_QUEUE/QA_2026-02-02_post_009.md,x_twitter,post,faith,True,PENDING_REVIEW,2026-02-02T10:59:33.322831,,
CONTENT/social/faith/post_008.md,OPS/CONTENT_QA_QUEUE/QA_2026-02-02_post_008.md,x_twitter,post,faith,True,PENDING_REVIEW,2026-02-02T10:59:33.323238,,
CONTENT/social/faith/post_007.md,OPS/CONTENT_QA_QUEUE/QA_2026-02-02_post_007.md,x_twitter,post,faith,True,PENDING_REVIEW,2026-02-02T10:59:33.323718,,
CONTENT/social/faith/post_006.md,OPS/CONTENT_QA_QUEUE/QA_2026-02-02_post_006.md,x_twitter,post,faith,True,PENDING_REVIEW,2026-02-02T10:59:33.324092,,
CONTENT/social/faith/post_005.md,OPS/CONTENT_QA_QUEUE/QA_2026-02-02_post_005.md,x_twitter,post,faith,True,PENDING_REVIEW,2026-02-02T10:59:33.325786,,
CONTENT/social/faith/post_004.md,OPS/CONTENT_QA_QUEUE/QA_2026-02-02_post_004.md,x_twitter,post,faith,True,PENDING_REVIEW,2026-02-02T10:59:33.327615,,
CONTENT/social/faith/post_003.md,OPS/CONTENT_QA_QUEUE/QA_2026-02-02_post_003.md,x_twitter,post,faith,True,PENDING_REVIEW,2026-02-02T10:59:33.328075,,
CONTENT/social/faith/post_002.md,OPS/CONTENT_QA_QUEUE/QA_2026-02-02_post_002.md,x_twitter,post,faith,True,PENDING_REVIEW,2026-02-02T10:59:33.328584,,
CONTENT/social/faith/post_001.md,OPS/CONTENT_QA_QUEUE/QA_2026-02-02_post_001.md,x_twitter,post,faith,True,PENDING_REVIEW,2026-02-02T10:59:33.329059,,
CONTENT/social/fitness/post_025.md,OPS/CONTENT_QA_QUEUE/QA_2026-02-02_post_025.md,x_twitter,post,fitness,True,PENDING_REVIEW,2026-02-02T10:59:33.329661,,
CONTENT/social/fitness/post_024.md,OPS/CONTENT_QA_QUEUE/QA_2026-02-02_post_024.md,x_twitter,post,fitness,True,PENDING_REVIEW,2026-02-02T10:59:33.330109,,
CONTENT/social/fitness/post_023.md,OPS/CONTENT_QA_QUEUE/QA_2026-02-02_post_023.md,x_twitter,post,fitness,True,PENDING_REVIEW,2026-02-02T10:59:33.330570,,
CONTENT/social/fitness/post_022.md,OPS/CONTENT_QA_QUEUE/QA_2026-02-02_post_022.md,x_twitter,post,fitness,True,PENDING_REVIEW,2026-02-02T10:59:33.331072,,
CONTENT/social/fitness/post_021.md,OPS/CONTENT_QA_QUEUE/QA_2026-02-02_post_021.md,x_twitter,post,fitness,True,PENDING_REVIEW,2026-02-02T10:59:33.331565,,
CONTENT/social/fitness/post_020.md,OPS/CONTENT_QA_QUEUE/QA_2026-02-02_post_020.md,x_twitter,post,fitness,True,PENDING_REVIEW,2026-02-02T10:59:33.332059,,
CONTENT/social/fitness/post_019.md,OPS/CONTENT_QA_QUEUE/QA_2026-02-02_post_019.md,x_twitter,post,fitness,True,PENDING_REVIEW,2026-02-02T10:59:33.332463,,
CONTENT/social/fitness/post_018.md,OPS/CONTENT_QA_QUEUE/QA_2026-02-02_post_018.md,x_twitter,post,fitness,True,PENDING_REVIEW,2026-02-02T10:59:33.332935,,
CONTENT/social/fitness/post_017.md,OPS/CONTENT_QA_QUEUE/QA_2026-02-02_post_017.md,x_twitter,post,fitness,True,PENDING_REVIEW,2026-02-02T10:59:33.333448,,
CONTENT/social/ai/post_025.md,OPS/CONTENT_QA_QUEUE/QA_2026-02-02_post_025.md,x_twitter,post,tech,True,PENDING_REVIEW,2026-02-02T10:59:33.333891,,
CONTENT/social/ai/post_024.md,OPS/CONTENT_QA_QUEUE/QA_2026-02-02_post_024.md,x_twitter,post,tech,True,PENDING_REVIEW,2026-02-02T10:59:33.334318,,
CONTENT/social/fitness/post_016.md,OPS/CONTENT_QA_QUEUE/QA_2026-02-02_post_016.md,x_twitter,post,fitness,True,PENDING_REVIEW,2026-02-02T10:59:33.334746,,
CONTENT/social/fitness/post_015.md,OPS/CONTENT_QA_QUEUE/QA_2026-02-02_post_015.md,x_twitter,post,fitness,True,PENDING_REVIEW,2026-02-02T10:59:33.335133,,
CONTENT/social/ai/post_023.md,OPS/CONTENT_QA_QUEUE/QA_2026-02-02_post_023.md,x_twitter,post,tech,True,PENDING_REVIEW,2026-02-02T10:59:33.335539,,
CONTENT/social/fitness/post_014.md,OPS/CONTENT_QA_QUEUE/QA_2026-02-02_post_014.md,x_twitter,post,fitness,True,PENDING_REVIEW,2026-02-02T10:59:33.337183,,
CONTENT/social/ai/post_022.md,OPS/CONTENT_QA_QUEUE/QA_2026-02-02_post_022.md,x_twitter,post,tech,True,PENDING_REVIEW,2026-02-02T10:59:33.338609,,
CONTENT/social/fitness/post_013.md,OPS/CONTENT_QA_QUEUE/QA_2026-02-02_post_013.md,x_twitter,post,fitness,True,PENDING_REVIEW,2026-02-02T10:59:33.339042,,
CONTENT/social/ai/post_021.md,OPS/CONTENT_QA_QUEUE/QA_2026-02-02_post_021.md,x_twitter,post,tech,True,PENDING_REVIEW,2026-02-02T10:59:33.339726,,
CONTENT/social/fitness/post_012.md,OPS/CONTENT_QA_QUEUE/QA_2026-02-02_post_012.md,x_twitter,post,fitness,True,PENDING_REVIEW,2026-02-02T10:59:33.340367,,
CONTENT/social/ai/post_020.md,OPS/CONTENT_QA_QUEUE/QA_2026-02-02_post_020.md,x_twitter,post,tech,True,PENDING_REVIEW,2026-02-02T10:59:33.340875,,
CONTENT/social/fitness/post_011.md,OPS/CONTENT_QA_QUEUE/QA_2026-02-02_post_011.md,x_twitter,post,fitness,True,PENDING_REVIEW,2026-02-02T10:59:33.341386,,
CONTENT/social/ai/post_019.md,OPS/CONTENT_QA_QUEUE/QA_2026-02-02_post_019.md,x_twitter,post,tech,True,PENDING_REVIEW,2026-02-02T10:59:33.341850,,
CONTENT/social/fitness/post_010.md,OPS/CONTENT_QA_QUEUE/QA_2026-02-02_post_010.md,x_twitter,post,fitness,True,PENDING_REVIEW,2026-02-02T10:59:33.342305,,
CONTENT/social/ai/post_018.md,OPS/CONTENT_QA_QUEUE/QA_2026-02-02_post_018.md,x_twitter,post,tech,True,PENDING_REVIEW,2026-02-02T10:59:33.342663,,
CONTENT/social/fitness/post_009.md,OPS/CONTENT_QA_QUEUE/QA_2026-02-02_post_009.md,x_twitter,post,fitness,True,PENDING_REVIEW,2026-02-02T10:59:33.343225,,
CONTENT/social/ai/post_017.md,OPS/CONTENT_QA_QUEUE/QA_2026-02-02_post_017.md,x_twitter,post,tech,True,PENDING_REVIEW,2026-02-02T10:59:33.343651,,
CONTENT/social/fitness/post_008.md,OPS/CONTENT_QA_QUEUE/QA_2026-02-02_post_008.md,x_twitter,post,fitness,True,PENDING_REVIEW,2026-02-02T10:59:33.344113,,
CONTENT/social/ai/post_016.md,OPS/CONTENT_QA_QUEUE/QA_2026-02-02_post_016.md,x_twitter,post,tech,True,PENDING_REVIEW,2026-02-02T10:59:33.344625,,
CONTENT/social/fitness/post_007.md,OPS/CONTENT_QA_QUEUE/QA_2026-02-02_post_007.md,x_twitter,post,fitness,True,PENDING_REVIEW,2026-02-02T10:59:33.345025,,
CONTENT/social/ai/post_015.md,OPS/CONTENT_QA_QUEUE/QA_2026-02-02_post_015.md,x_twitter,post,tech,True,PENDING_REVIEW,2026-02-02T10:59:33.345724,,
CONTENT/social/fitness/post_006.md,OPS/CONTENT_QA_QUEUE/QA_2026-02-02_post_006.md,x_twitter,post,fitness,True,PENDING_REVIEW,2026-02-02T10:59:33.346106,,
CONTENT/social/ai/post_014.md,OPS/CONTENT_QA_QUEUE/QA_2026-02-02_post_014.md,x_twitter,post,tech,True,PENDING_REVIEW,2026-02-02T10:59:33.346622,,
CONTENT/social/fitness/post_005.md,OPS/CONTENT_QA_QUEUE/QA_2026-02-02_post_005.md,x_twitter,post,fitness,True,PENDING_REVIEW,2026-02-02T10:59:33.348594,,
CONTENT/social/ai/post_013.md,OPS/CONTENT_QA_QUEUE/QA_2026-02-02_post_013.md,x_twitter,post,tech,True,PENDING_REVIEW,2026-02-02T10:59:33.350040,,
CONTENT/social/fitness/post_004.md,OPS/CONTENT_QA_QUEUE/QA_2026-02-02_post_004.md,x_twitter,post,fitness,True,PENDING_REVIEW,2026-02-02T10:59:33.350559,,
CONTENT/social/ai/post_012.md,OPS/CONTENT_QA_QUEUE/QA_2026-02-02_post_012.md,x_twitter,post,tech,True,PENDING_REVIEW,2026-02-02T10:59:33.351180,,
CONTENT/social/fitness/post_003.md,OPS/CONTENT_QA_QUEUE/QA_2026-02-02_post_003.md,x_twitter,post,fitness,True,PENDING_REVIEW,2026-02-02T10:59:33.351539,,
CONTENT/social/ai/post_011.md,OPS/CONTENT_QA_QUEUE/QA_2026-02-02_post_011.md,x_twitter,post,tech,True,PENDING_REVIEW,2026-02-02T10:59:33.352007,,
CONTENT/social/fitness/post_002.md,OPS/CONTENT_QA_QUEUE/QA_2026-02-02_post_002.md,x_twitter,post,fitness,True,PENDING_REVIEW,2026-02-02T10:59:33.352614,,
CONTENT/social/ai/post_010.md,OPS/CONTENT_QA_QUEUE/QA_2026-02-02_post_010.md,x_twitter,post,tech,True,PENDING_REVIEW,2026-02-02T10:59:33.353196,,
CONTENT/social/fitness/post_001.md,OPS/CONTENT_QA_QUEUE/QA_2026-02-02_post_001.md,x_twitter,post,fitness,True,PENDING_REVIEW,2026-02-02T10:59:33.353726,,
CONTENT/social/ai/post_009.md,OPS/CONTENT_QA_QUEUE/QA_2026-02-02_post_009.md,x_twitter,post,tech,True,PENDING_REVIEW,2026-02-02T10:59:33.354045,,
CONTENT/social/ai/post_008.md,OPS/CONTENT_QA_QUEUE/QA_2026-02-02_post_008.md,x_twitter,post,tech,True,PENDING_REVIEW,2026-02-02T10:59:33.354450,,
CONTENT/social/ai/post_007.md,OPS/CONTENT_QA_QUEUE/QA_2026-02-02_post_007.md,x_twitter,post,tech,True,PENDING_REVIEW,2026-02-02T10:59:33.354891,,
CONTENT/social/ai/post_006.md,OPS/CONTENT_QA_QUEUE/QA_2026-02-02_post_006.md,x_twitter,post,tech,True,PENDING_REVIEW,2026-02-02T10:59:33.355358,,
CONTENT/social/ai/post_005.md,OPS/CONTENT_QA_QUEUE/QA_2026-02-02_post_005.md,x_twitter,post,tech,True,PENDING_REVIEW,2026-02-02T10:59:33.355698,,
CONTENT/social/ai/post_004.md,OPS/CONTENT_QA_QUEUE/QA_2026-02-02_post_004.md,x_twitter,post,tech,True,PENDING_REVIEW,2026-02-02T10:59:33.356461,,
CONTENT/social/ai/post_003.md,OPS/CONTENT_QA_QUEUE/QA_2026-02-02_post_003.md,x_twitter,post,tech,True,PENDING_REVIEW,2026-02-02T10:59:33.356947,,
CONTENT/social/ai/post_002.md,OPS/CONTENT_QA_QUEUE/QA_2026-02-02_post_002.md,x_twitter,post,tech,True,PENDING_REVIEW,2026-02-02T10:59:33.357724,,
CONTENT/social/ai/post_001.md,OPS/CONTENT_QA_QUEUE/QA_2026-02-02_post_001.md,x_twitter,post,tech,True,PENDING_REVIEW,2026-02-02T10:59:33.358105,,
CONTENT/social/ai_productivity/batch_2026-01-21.md,OPS/CONTENT_QA_QUEUE/QA_2026-02-02_batch_2026-01-21.md,x_twitter,post,tech,True,PENDING_REVIEW,2026-02-02T10:59:33.358825,,
CONTENT/social/fitness/batch_2026-01-21.md,OPS/CONTENT_QA_QUEUE/QA_2026-02-02_batch_2026-01-21.md,x_twitter,post,fitness,True,PENDING_REVIEW,2026-02-02T10:59:33.359300,,
CONTENT/social/faith/batch_2026-01-21.md,OPS/CONTENT_QA_QUEUE/QA_2026-02-02_batch_2026-01-21.md,x_twitter,post,faith,True,PENDING_REVIEW,2026-02-02T10:59:33.359952,,
CONTENT/social/fitness/motivation_10.md,OPS/CONTENT_QA_QUEUE/QA_2026-02-02_motivation_10.md,x_twitter,post,fitness,True,PENDING_REVIEW,2026-02-02T10:59:33.360454,,
CONTENT/social/fitness/motivation_09.md,OPS/CONTENT_QA_QUEUE/QA_2026-02-02_motivation_09.md,x_twitter,post,fitness,True,PENDING_REVIEW,2026-02-02T10:59:33.361079,,
CONTENT/social/fitness/motivation_08.md,OPS/CONTENT_QA_QUEUE/QA_2026-02-02_motivation_08.md,x_twitter,post,fitness,True,PENDING_REVIEW,2026-02-02T10:59:33.361486,,
CONTENT/social/fitness/motivation_07.md,OPS/CONTENT_QA_QUEUE/QA_2026-02-02_motivation_07.md,x_twitter,post,fitness,True,PENDING_REVIEW,2026-02-02T10:59:33.362116,,
CONTENT/social/fitness/motivation_06.md,OPS/CONTENT_QA_QUEUE/QA_2026-02-02_motivation_06.md,x_twitter,post,fitness,True,PENDING_REVIEW,2026-02-02T10:59:33.362540,,
CONTENT/social/fitness/motivation_05.md,OPS/CONTENT_QA_QUEUE/QA_2026-02-02_motivation_05.md,x_twitter,post,fitness,True,PENDING_REVIEW,2026-02-02T10:59:33.363563,,
CONTENT/social/fitness/motivation_04.md,OPS/CONTENT_QA_QUEUE/QA_2026-02-02_motivation_04.md,x_twitter,post,fitness,True,PENDING_REVIEW,2026-02-02T10:59:33.364185,,
CONTENT/social/fitness/motivation_03.md,OPS/CONTENT_QA_QUEUE/QA_2026-02-02_motivation_03.md,x_twitter,post,fitness,True,PENDING_REVIEW,2026-02-02T10:59:33.364701,,
CONTENT/social/fitness/motivation_02.md,OPS/CONTENT_QA_QUEUE/QA_2026-02-02_motivation_02.md,x_twitter,post,fitness,True,PENDING_REVIEW,2026-02-02T10:59:33.365304,,
CONTENT/social/fitness/motivation_01.md,OPS/CONTENT_QA_QUEUE/QA_2026-02-02_motivation_01.md,x_twitter,post,fitness,True,PENDING_REVIEW,2026-02-02T10:59:33.365901,,
CONTENT/social/ai/automation_win_010.md,OPS/CONTENT_QA_QUEUE/QA_2026-02-02_automation_win_010.md,x_twitter,post,tech,True,PENDING_REVIEW,2026-02-02T10:59:33.366569,,
CONTENT/social/ai/automation_win_009.md,OPS/CONTENT_QA_QUEUE/QA_2026-02-02_automation_win_009.md,x_twitter,post,tech,True,PENDING_REVIEW,2026-02-02T10:59:33.366947,,
CONTENT/social/ai/automation_win_008.md,OPS/CONTENT_QA_QUEUE/QA_2026-02-02_automation_win_008.md,x_twitter,post,tech,True,PENDING_REVIEW,2026-02-02T10:59:33.367666,,
CONTENT/social/ai/automation_win_007.md,OPS/CONTENT_QA_QUEUE/QA_2026-02-02_automation_win_007.md,x_twitter,post,tech,True,PENDING_REVIEW,2026-02-02T10:59:33.368293,,
CONTENT/social/ai/automation_win_006.md,OPS/CONTENT_QA_QUEUE/QA_2026-02-02_automation_win_006.md,x_twitter,post,tech,True,PENDING_REVIEW,2026-02-02T10:59:33.368870,,
CONTENT/social/ai/automation_win_005.md,OPS/CONTENT_QA_QUEUE/QA_2026-02-02_automation_win_005.md,x_twitter,post,tech,True,PENDING_REVIEW,2026-02-02T10:59:33.369546,,
CONTENT/social/ai/automation_win_004.md,OPS/CONTENT_QA_QUEUE/QA_2026-02-02_automation_win_004.md,x_twitter,post,tech,True,PENDING_REVIEW,2026-02-02T10:59:33.371471,,
CONTENT/social/ai/automation_win_003.md,OPS/CONTENT_QA_QUEUE/QA_2026-02-02_automation_win_003.md,x_twitter,post,tech,True,PENDING_REVIEW,2026-02-02T10:59:33.372211,,
CONTENT/social/ai/automation_win_002.md,OPS/CONTENT_QA_QUEUE/QA_2026-02-02_automation_win_002.md,x_twitter,post,tech,True,PENDING_REVIEW,2026-02-02T10:59:33.372756,,
CONTENT/social/ai/automation_win_001.md,OPS/CONTENT_QA_QUEUE/QA_2026-02-02_automation_win_001.md,x_twitter,post,tech,True,PENDING_REVIEW,2026-02-02T10:59:33.373146,,
CONTENT/social/ai/productivity_hack_010.md,OPS/CONTENT_QA_QUEUE/QA_2026-02-02_productivity_hack_010.md,x_twitter,post,tech,True,PENDING_REVIEW,2026-02-02T10:59:33.373639,,
CONTENT/social/ai/productivity_hack_009.md,OPS/CONTENT_QA_QUEUE/QA_2026-02-02_productivity_hack_009.md,x_twitter,post,tech,True,PENDING_REVIEW,2026-02-02T10:59:33.373991,,
CONTENT/social/ai/productivity_hack_008.md,OPS/CONTENT_QA_QUEUE/QA_2026-02-02_productivity_hack_008.md,x_twitter,post,tech,True,PENDING_REVIEW,2026-02-02T10:59:33.374604,,
CONTENT/social/ai/productivity_hack_007.md,OPS/CONTENT_QA_QUEUE/QA_2026-02-02_productivity_hack_007.md,x_twitter,post,tech,True,PENDING_REVIEW,2026-02-02T10:59:33.375105,,
CONTENT/social/ai/productivity_hack_006.md,OPS/CONTENT_QA_QUEUE/QA_2026-02-02_productivity_hack_006.md,x_twitter,post,tech,True,PENDING_REVIEW,2026-02-02T10:59:33.375559,,
CONTENT/social/ai/productivity_hack_005.md,OPS/CONTENT_QA_QUEUE/QA_2026-02-02_productivity_hack_005.md,x_twitter,post,tech,True,PENDING_REVIEW,2026-02-02T10:59:33.375998,,
CONTENT/social/ai/productivity_hack_004.md,OPS/CONTENT_QA_QUEUE/QA_2026-02-02_productivity_hack_004.md,x_twitter,post,tech,True,PENDING_REVIEW,2026-02-02T10:59:33.376577,,
CONTENT/social/ai/productivity_hack_003.md,OPS/CONTENT_QA_QUEUE/QA_2026-02-02_productivity_hack_003.md,x_twitter,post,tech,True,PENDING_REVIEW,2026-02-02T10:59:33.377021,,
CONTENT/social/ai/productivity_hack_002.md,OPS/CONTENT_QA_QUEUE/QA_2026-02-02_productivity_hack_002.md,x_twitter,post,tech,True,PENDING_REVIEW,2026-02-02T10:59:33.377413,,
CONTENT/social/ai/productivity_hack_001.md,OPS/CONTENT_QA_QUEUE/QA_2026-02-02_productivity_hack_001.md,x_twitter,post,tech,True,PENDING_REVIEW,2026-02-02T10:59:33.377793,,
CONTENT/social/ai/ai_tool_tip_010.md,OPS/CONTENT_QA_QUEUE/QA_2026-02-02_ai_tool_tip_010.md,x_twitter,post,tech,True,PENDING_REVIEW,2026-02-02T10:59:33.378314,,
CONTENT/social/ai/ai_tool_tip_009.md,OPS/CONTENT_QA_QUEUE/QA_2026-02-02_ai_tool_tip_009.md,x_twitter,post,tech,True,PENDING_REVIEW,2026-02-02T10:59:33.378877,,
CONTENT/social/ai/ai_tool_tip_008.md,OPS/CONTENT_QA_QUEUE/QA_2026-02-02_ai_tool_tip_008.md,x_twitter,post,tech,True,PENDING_REVIEW,2026-02-02T10:59:33.379366,,
CONTENT/social/ai/ai_tool_tip_007.md,OPS/CONTENT_QA_QUEUE/QA_2026-02-02_ai_tool_tip_007.md,x_twitter,post,tech,True,PENDING_REVIEW,2026-02-02T10:59:33.379750,,
CONTENT/social/ai/ai_tool_tip_006.md,OPS/CONTENT_QA_QUEUE/QA_2026-02-02_ai_tool_tip_006.md,x_twitter,post,tech,True,PENDING_REVIEW,2026-02-02T10:59:33.380417,,
CONTENT/social/ai/ai_tool_tip_005.md,OPS/CONTENT_QA_QUEUE/QA_2026-02-02_ai_tool_tip_005.md,x_twitter,post,tech,True,PENDING_REVIEW,2026-02-02T10:59:33.381005,,
CONTENT/social/ai/ai_tool_tip_004.md,OPS/CONTENT_QA_QUEUE/QA_2026-02-02_ai_tool_tip_004.md,x_twitter,post,tech,True,PENDING_REVIEW,2026-02-02T10:59:33.381386,,
CONTENT/social/ai/ai_tool_tip_003.md,OPS/CONTENT_QA_QUEUE/QA_2026-02-02_ai_tool_tip_003.md,x_twitter,post,tech,True,PENDING_REVIEW,2026-02-02T10:59:33.382241,,
CONTENT/social/ai/ai_tool_tip_002.md,OPS/CONTENT_QA_QUEUE/QA_2026-02-02_ai_tool_tip_002.md,x_twitter,post,tech,True,PENDING_REVIEW,2026-02-02T10:59:33.382920,,
CONTENT/social/ai/ai_tool_tip_001.md,OPS/CONTENT_QA_QUEUE/QA_2026-02-02_ai_tool_tip_001.md,x_twitter,post,tech,True,PENDING_REVIEW,2026-02-02T10:59:33.383509,,
CONTENT/social/fitness/nutrition_habit_10.md,OPS/CONTENT_QA_QUEUE/QA_2026-02-02_nutrition_habit_10.md,x_twitter,post,fitness,True,PENDING_REVIEW,2026-02-02T10:59:33.384234,,
CONTENT/social/fitness/nutrition_habit_09.md,OPS/CONTENT_QA_QUEUE/QA_2026-02-02_nutrition_habit_09.md,x_twitter,post,fitness,True,PENDING_REVIEW,2026-02-02T10:59:33.386607,,
CONTENT/social/fitness/nutrition_habit_08.md,OPS/CONTENT_QA_QUEUE/QA_2026-02-02_nutrition_habit_08.md,x_twitter,post,fitness,True,PENDING_REVIEW,2026-02-02T10:59:33.387314,,
CONTENT/social/fitness/nutrition_habit_07.md,OPS/CONTENT_QA_QUEUE/QA_2026-02-02_nutrition_habit_07.md,x_twitter,post,fitness,True,PENDING_REVIEW,2026-02-02T10:59:33.388214,,
CONTENT/social/fitness/nutrition_habit_06.md,OPS/CONTENT_QA_QUEUE/QA_2026-02-02_nutrition_habit_06.md,x_twitter,post,fitness,True,PENDING_REVIEW,2026-02-02T10:59:33.388850,,
CONTENT/social/fitness/nutrition_habit_05.md,OPS/CONTENT_QA_QUEUE/QA_2026-02-02_nutrition_habit_05.md,x_twitter,post,fitness,True,PENDING_REVIEW,2026-02-02T10:59:33.389572,,
CONTENT/social/fitness/nutrition_habit_04.md,OPS/CONTENT_QA_QUEUE/QA_2026-02-02_nutrition_habit_04.md,x_twitter,post,fitness,True,PENDING_REVIEW,2026-02-02T10:59:33.390352,,
CONTENT/social/fitness/nutrition_habit_03.md,OPS/CONTENT_QA_QUEUE/QA_2026-02-02_nutrition_habit_03.md,x_twitter,post,fitness,True,PENDING_REVIEW,2026-02-02T10:59:33.390964,,
CONTENT/social/fitness/nutrition_habit_02.md,OPS/CONTENT_QA_QUEUE/QA_2026-02-02_nutrition_habit_02.md,x_twitter,post,fitness,True,PENDING_REVIEW,2026-02-02T10:59:33.391551,,
CONTENT/social/fitness/nutrition_habit_01.md,OPS/CONTENT_QA_QUEUE/QA_2026-02-02_nutrition_habit_01.md,x_twitter,post,fitness,True,PENDING_REVIEW,2026-02-02T10:59:33.392159,,
CONTENT/social/faith/practical_10.md,OPS/CONTENT_QA_QUEUE/QA_2026-02-02_practical_10.md,x_twitter,post,faith,True,PENDING_REVIEW,2026-02-02T10:59:33.392721,,
CONTENT/social/faith/practical_09.md,OPS/CONTENT_QA_QUEUE/QA_2026-02-02_practical_09.md,x_twitter,post,faith,True,PENDING_REVIEW,2026-02-02T10:59:33.393188,,
CONTENT/social/faith/practical_08.md,OPS/CONTENT_QA_QUEUE/QA_2026-02-02_practical_08.md,x_twitter,post,faith,True,PENDING_REVIEW,2026-02-02T10:59:33.393671,,
CONTENT/social/faith/practical_07.md,OPS/CONTENT_QA_QUEUE/QA_2026-02-02_practical_07.md,x_twitter,post,faith,True,PENDING_REVIEW,2026-02-02T10:59:33.394143,,
CONTENT/social/faith/practical_06.md,OPS/CONTENT_QA_QUEUE/QA_2026-02-02_practical_06.md,x_twitter,post,faith,True,PENDING_REVIEW,2026-02-02T10:59:33.394563,,
CONTENT/social/faith/practical_05.md,OPS/CONTENT_QA_QUEUE/QA_2026-02-02_practical_05.md,x_twitter,post,faith,True,PENDING_REVIEW,2026-02-02T10:59:33.395038,,
CONTENT/social/faith/practical_04.md,OPS/CONTENT_QA_QUEUE/QA_2026-02-02_practical_04.md,x_twitter,post,faith,True,PENDING_REVIEW,2026-02-02T10:59:33.395664,,
CONTENT/social/faith/practical_03.md,OPS/CONTENT_QA_QUEUE/QA_2026-02-02_practical_03.md,x_twitter,post,faith,True,PENDING_REVIEW,2026-02-02T10:59:33.396209,,
CONTENT/social/faith/practical_02.md,OPS/CONTENT_QA_QUEUE/QA_2026-02-02_practical_02.md,x_twitter,post,faith,True,PENDING_REVIEW,2026-02-02T10:59:33.396614,,
CONTENT/social/faith/practical_01.md,OPS/CONTENT_QA_QUEUE/QA_2026-02-02_practical_01.md,x_twitter,post,faith,True,PENDING_REVIEW,2026-02-02T10:59:33.397160,,
CONTENT/social/faith/encouragement_10.md,OPS/CONTENT_QA_QUEUE/QA_2026-02-02_encouragement_10.md,x_twitter,post,faith,True,PENDING_REVIEW,2026-02-02T10:59:33.399346,,
CONTENT/social/faith/encouragement_09.md,OPS/CONTENT_QA_QUEUE/QA_2026-02-02_encouragement_09.md,x_twitter,post,faith,True,PENDING_REVIEW,2026-02-02T10:59:33.399959,,
CONTENT/social/faith/encouragement_08.md,OPS/CONTENT_QA_QUEUE/QA_2026-02-02_encouragement_08.md,x_twitter,post,faith,True,PENDING_REVIEW,2026-02-02T10:59:33.400471,,
CONTENT/social/faith/encouragement_07.md,OPS/CONTENT_QA_QUEUE/QA_2026-02-02_encouragement_07.md,x_twitter,post,faith,True,PENDING_REVIEW,2026-02-02T10:59:33.401065,,
CONTENT/social/faith/encouragement_06.md,OPS/CONTENT_QA_QUEUE/QA_2026-02-02_encouragement_06.md,x_twitter,post,faith,True,PENDING_REVIEW,2026-02-02T10:59:33.401410,,
CONTENT/social/faith/encouragement_05.md,OPS/CONTENT_QA_QUEUE/QA_2026-02-02_encouragement_05.md,x_twitter,post,faith,True,PENDING_REVIEW,2026-02-02T10:59:33.401735,,
CONTENT/social/faith/encouragement_04.md,OPS/CONTENT_QA_QUEUE/QA_2026-02-02_encouragement_04.md,x_twitter,post,faith,True,PENDING_REVIEW,2026-02-02T10:59:33.402287,,
CONTENT/social/faith/encouragement_03.md,OPS/CONTENT_QA_QUEUE/QA_2026-02-02_encouragement_03.md,x_twitter,post,faith,True,PENDING_REVIEW,2026-02-02T10:59:33.402865,,
CONTENT/social/faith/encouragement_02.md,OPS/CONTENT_QA_QUEUE/QA_2026-02-02_encouragement_02.md,x_twitter,post,faith,True,PENDING_REVIEW,2026-02-02T10:59:33.403408,,
CONTENT/social/faith/encouragement_01.md,OPS/CONTENT_QA_QUEUE/QA_2026-02-02_encouragement_01.md,x_twitter,post,faith,True,PENDING_REVIEW,2026-02-02T10:59:33.403953,,
CONTENT/social/faith/devotional_10.md,OPS/CONTENT_QA_QUEUE/QA_2026-02-02_devotional_10.md,x_twitter,post,faith,True,PENDING_REVIEW,2026-02-02T10:59:33.404611,,
CONTENT/social/faith/devotional_09.md,OPS/CONTENT_QA_QUEUE/QA_2026-02-02_devotional_09.md,x_twitter,post,faith,True,PENDING_REVIEW,2026-02-02T10:59:33.404992,,
CONTENT/social/faith/devotional_08.md,OPS/CONTENT_QA_QUEUE/QA_2026-02-02_devotional_08.md,x_twitter,post,faith,True,PENDING_REVIEW,2026-02-02T10:59:33.405497,,
CONTENT/social/faith/devotional_07.md,OPS/CONTENT_QA_QUEUE/QA_2026-02-02_devotional_07.md,x_twitter,post,faith,True,PENDING_REVIEW,2026-02-02T10:59:33.406091,,
CONTENT/social/faith/devotional_06.md,OPS/CONTENT_QA_QUEUE/QA_2026-02-02_devotional_06.md,x_twitter,post,faith,True,PENDING_REVIEW,2026-02-02T10:59:33.406462,,
CONTENT/social/faith/devotional_05.md,OPS/CONTENT_QA_QUEUE/QA_2026-02-02_devotional_05.md,x_twitter,post,faith,True,PENDING_REVIEW,2026-02-02T10:59:33.406952,,
CONTENT/social/faith/devotional_04.md,OPS/CONTENT_QA_QUEUE/QA_2026-02-02_devotional_04.md,x_twitter,post,faith,True,PENDING_REVIEW,2026-02-02T10:59:33.409081,,
CONTENT/social/faith/devotional_03.md,OPS/CONTENT_QA_QUEUE/QA_2026-02-02_devotional_03.md,x_twitter,post,faith,True,PENDING_REVIEW,2026-02-02T10:59:33.409589,,
CONTENT/social/faith/devotional_02.md,OPS/CONTENT_QA_QUEUE/QA_2026-02-02_devotional_02.md,x_twitter,post,faith,True,PENDING_REVIEW,2026-02-02T10:59:33.410601,,
CONTENT/social/faith/devotional_01.md,OPS/CONTENT_QA_QUEUE/QA_2026-02-02_devotional_01.md,x_twitter,post,faith,True,PENDING_REVIEW,2026-02-02T10:59:33.411248,,
CONTENT/social/fitness/workout_tip_10.md,OPS/CONTENT_QA_QUEUE/QA_2026-02-02_workout_tip_10.md,x_twitter,post,fitness,True,PENDING_REVIEW,2026-02-02T10:59:33.411830,,
CONTENT/social/fitness/workout_tip_09.md,OPS/CONTENT_QA_QUEUE/QA_2026-02-02_workout_tip_09.md,x_twitter,post,fitness,True,PENDING_REVIEW,2026-02-02T10:59:33.412288,,
CONTENT/social/fitness/workout_tip_08.md,OPS/CONTENT_QA_QUEUE/QA_2026-02-02_workout_tip_08.md,x_twitter,post,fitness,True,PENDING_REVIEW,2026-02-02T10:59:33.412747,,
CONTENT/social/fitness/workout_tip_07.md,OPS/CONTENT_QA_QUEUE/QA_2026-02-02_workout_tip_07.md,x_twitter,post,fitness,True,PENDING_REVIEW,2026-02-02T10:59:33.413115,,
CONTENT/social/fitness/workout_tip_06.md,OPS/CONTENT_QA_QUEUE/QA_2026-02-02_workout_tip_06.md,x_twitter,post,fitness,True,PENDING_REVIEW,2026-02-02T10:59:33.413538,,
CONTENT/social/fitness/workout_tip_05.md,OPS/CONTENT_QA_QUEUE/QA_2026-02-02_workout_tip_05.md,x_twitter,post,fitness,True,PENDING_REVIEW,2026-02-02T10:59:33.414044,,
CONTENT/social/fitness/workout_tip_04.md,OPS/CONTENT_QA_QUEUE/QA_2026-02-02_workout_tip_04.md,x_twitter,post,fitness,True,PENDING_REVIEW,2026-02-02T10:59:33.414623,,
CONTENT/social/fitness/workout_tip_03.md,OPS/CONTENT_QA_QUEUE/QA_2026-02-02_workout_tip_03.md,x_twitter,post,fitness,True,PENDING_REVIEW,2026-02-02T10:59:33.415074,,
CONTENT/social/fitness/workout_tip_02.md,OPS/CONTENT_QA_QUEUE/QA_2026-02-02_workout_tip_02.md,x_twitter,post,fitness,True,PENDING_REVIEW,2026-02-02T10:59:33.415553,,
CONTENT/social/fitness/workout_tip_01.md,OPS/CONTENT_QA_QUEUE/QA_2026-02-02_workout_tip_01.md,x_twitter,post,fitness,True,PENDING_REVIEW,2026-02-02T10:59:33.416245,,
CONTENT/social/threads/PRINTMAXXER_THREADS_20.md,OPS/CONTENT_QA_QUEUE/QA_2026-02-15_PRINTMAXXER_THREADS_20.md,x_twitter,thread,general,True,PENDING_REVIEW,2026-02-15T01:33:57.960212,,
CONTENT/social/fitness/FITNESS_CONTENT_50.md,OPS/CONTENT_QA_QUEUE/QA_2026-02-15_FITNESS_CONTENT_50.md,x_twitter,post,fitness,True,PENDING_REVIEW,2026-02-15T01:33:57.961591,,
CONTENT/social/ai/TWEETS_FEB12_SESSION2.md,OPS/CONTENT_QA_QUEUE/QA_2026-02-15_TWEETS_FEB12_SESSION2.md,x_twitter,post,tech,True,PENDING_REVIEW,2026-02-15T01:33:57.963825,,
CONTENT/social/ai/TWEETS_FEB12.md,OPS/CONTENT_QA_QUEUE/QA_2026-02-15_TWEETS_FEB12.md,x_twitter,post,tech,True,PENDING_REVIEW,2026-02-15T01:33:57.965456,,
CONTENT/substack_posts/SUBSTACK_LAUNCH_GUIDE.md,OPS/CONTENT_QA_QUEUE/QA_2026-02-15_SUBSTACK_LAUNCH_GUIDE.md,substack,article,general,True,PENDING_REVIEW,2026-02-15T01:33:57.966739,,
CONTENT/substack_posts/SUBSTACK_BATCH_10.md,OPS/CONTENT_QA_QUEUE/QA_2026-02-15_SUBSTACK_BATCH_10.md,substack,article,general,True,PENDING_REVIEW,2026-02-15T01:33:57.968016,,
CONTENT/medium_articles/MEDIUM_BATCH_NEW_5.md,OPS/CONTENT_QA_QUEUE/QA_2026-02-15_MEDIUM_BATCH_NEW_5.md,medium,article,general,True,PENDING_REVIEW,2026-02-15T01:33:57.969459,,
CONTENT/medium_articles/MEDIUM_BATCH_10.md,OPS/CONTENT_QA_QUEUE/QA_2026-02-15_MEDIUM_BATCH_10.md,medium,article,general,True,PENDING_REVIEW,2026-02-15T01:33:57.971170,,
CONTENT/email_sequences/cold/INDUSTRY_SEQUENCES_5.md,OPS/CONTENT_QA_QUEUE/QA_2026-02-15_INDUSTRY_SEQUENCES_5.md,email,email_sequence,outbound,True,PENDING_REVIEW,2026-02-15T01:33:57.972738,,
CONTENT/social/faith/FAITH_CONTENT_50.md,OPS/CONTENT_QA_QUEUE/QA_2026-02-15_FAITH_CONTENT_50.md,x_twitter,post,faith,True,PENDING_REVIEW,2026-02-15T01:33:57.974161,,
CONTENT/email_sequences/cold/COLD_EMAIL_SEQUENCES_3_INDUSTRIES.md,OPS/CONTENT_QA_QUEUE/QA_2026-02-15_COLD_EMAIL_SEQUENCES_3_INDUSTRIES.md,email,email_sequence,outbound,True,PENDING_REVIEW,2026-02-15T01:33:57.975381,,
CONTENT/medium_articles/MEDIUM_PUBLISHING_GUIDE.md,OPS/CONTENT_QA_QUEUE/QA_2026-02-15_MEDIUM_PUBLISHING_GUIDE.md,medium,article,general,True,PENDING_REVIEW,2026-02-15T01:33:57.976661,,
CONTENT/social/ai/sam_altman_best_time_thread.md,OPS/CONTENT_QA_QUEUE/QA_2026-02-15_sam_altman_best_time_thread.md,x_twitter,post,tech,True,PENDING_REVIEW,2026-02-15T01:33:57.977861,,
CONTENT/social/carousels/aria-pmx-car-003-20260215-040623.md,OPS/CONTENT_QA_QUEUE/QA_2026-02-15_aria-pmx-car-003-20260215-040623.md,instagram,carousel,general,True,APPROVED,2026-02-15T04:06:42.754288,2026-02-15T04:55:05.773591,APPROVED_AUTO
CONTENT/social/carousels/rhea-pmx-car-003-20260215-045859.md,OPS/CONTENT_QA_QUEUE/QA_2026-02-15_rhea-pmx-car-003-20260215-045859.md,instagram,carousel,general,True,APPROVED,2026-02-15T04:58:59.795580,2026-02-15T04:58:59.883415,APPROVED_AUTO
CONTENT/social/carousels/selah-pmx-car-001-20260215-045859.md,OPS/CONTENT_QA_QUEUE/QA_2026-02-15_selah-pmx-car-001-20260215-045859.md,instagram,carousel,general,True,APPROVED,2026-02-15T04:58:59.796080,2026-02-15T04:58:59.876490,APPROVED_AUTO
CONTENT/social/carousels/rhea-pmx-car-003-20260216-000003.md,OPS/CONTENT_QA_QUEUE/QA_2026-02-16_rhea-pmx-car-003-20260216-000003.md,instagram,carousel,general,True,APPROVED,2026-02-16T00:00:04.571710,2026-02-16T00:00:04.759049,APPROVED_AUTO
CONTENT/social/carousels/selah-pmx-car-001-20260216-000003.md,OPS/CONTENT_QA_QUEUE/QA_2026-02-16_selah-pmx-car-001-20260216-000003.md,instagram,carousel,general,True,APPROVED,2026-02-16T00:00:04.572489,2026-02-16T00:00:04.750038,APPROVED_AUTO
CONTENT/social/carousels/aria-pmx-car-001-20260216-000003.md,OPS/CONTENT_QA_QUEUE/QA_2026-02-16_aria-pmx-car-001-20260216-000003.md,instagram,carousel,general,True,APPROVED,2026-02-16T00:00:04.573054,2026-02-16T00:00:04.743385,APPROVED_AUTO
CONTENT/social/carousels/rhea-pmx-fit-002-20260217-000002.md,OPS/CONTENT_QA_QUEUE/QA_2026-02-17_rhea-pmx-fit-002-20260217-000002.md,instagram,carousel,general,True,APPROVED,2026-02-17T00:00:03.136976,2026-02-17T00:00:03.441639,APPROVED_AUTO
CONTENT/social/carousels/selah-pmx-car-001-20260217-000002.md,OPS/CONTENT_QA_QUEUE/QA_2026-02-17_selah-pmx-car-001-20260217-000002.md,instagram,carousel,general,True,APPROVED,2026-02-17T00:00:03.137984,2026-02-17T00:00:03.432434,APPROVED_AUTO
CONTENT/social/carousels/aria-pmx-car-002-20260217-000002.md,OPS/CONTENT_QA_QUEUE/QA_2026-02-17_aria-pmx-car-002-20260217-000002.md,instagram,carousel,general,True,APPROVED,2026-02-17T00:00:03.138510,2026-02-17T00:00:03.423710,APPROVED_AUTO
CONTENT/social/carousels/rhea-pmx-fit-001-20260218-000002.md,OPS/CONTENT_QA_QUEUE/QA_2026-02-18_rhea-pmx-fit-001-20260218-000002.md,instagram,carousel,general,True,APPROVED,2026-02-18T00:00:03.088854,2026-02-18T00:00:03.530016,APPROVED_AUTO
CONTENT/social/carousels/selah-pmx-faith-002-20260218-000002.md,OPS/CONTENT_QA_QUEUE/QA_2026-02-18_selah-pmx-faith-002-20260218-000002.md,instagram,carousel,general,True,APPROVED,2026-02-18T00:00:03.089092,2026-02-18T00:00:03.514432,APPROVED_AUTO
CONTENT/social/carousels/aria-pmx-car-001-20260218-000002.md,OPS/CONTENT_QA_QUEUE/QA_2026-02-18_aria-pmx-car-001-20260218-000002.md,instagram,carousel,general,True,APPROVED,2026-02-18T00:00:03.089260,2026-02-18T00:00:03.485806,APPROVED_AUTO
