timestamp,coin_name,pattern_match,score,confidence,twitter_mentions,reddit_score,high_profile_mentions,time_since_catalyst,entry_window,recommended_action,risk_level,exit_targets,notes
2026-02-02T21:48:43.408727+00:00,ANTHROPIC_ART,PAT001: AI_TREND_VIRAL,100,HIGH,3500,850,"['Elon Musk', 'Sam Altman']",8,CLOSING,"BUY - Enter quickly, window closing",EXTREME,1) 2x minimum (6% hit this) 2) 10x aggressive exit (1% hit this) 3) Time-based: 24h hold max 4) Trailing stop: 50% from peak,Pattern win rate: 100%. Avg ROI: 30382%. Sample size: 1.
2026-02-02T21:48:43.409207+00:00,PROTEIN_SHAKE_COIN,PAT002: VIRAL_MOMENT_FITNESS,100,HIGH,1800,620,[],0,IMMEDIATE,STRONG BUY - Enter now with defined stops,HIGH,1) 2x exit for 66% of stack 2) 5x exit for remaining 33% 3) Time-based: 72h hold max 4) Trailing stop: 40% from peak,Pattern win rate: 100%. Avg ROI: 1650%. Sample size: 2.
2026-02-02T21:48:43.409289+00:00,AGENT_FORUM,PAT003: AI_AGENT_PLATFORM,100,HIGH,4200,720,[],6,IMMEDIATE,STRONG BUY - Enter now with defined stops,EXTREME,1) 3x exit for 50% of stack (high volatility) 2) 10x exit for 25% 3) Keep 25% for potential 50x+ 4) Trailing stop: 60% from peak (crashes common),Pattern win rate: 100%. Avg ROI: 7000%. Sample size: 1.
2026-02-03T12:00:00,MOLT_COIN,PAT001: AI_AGENT_VIRAL,95,HIGH,1400000,2847,"['Peter Steinberger (creator)']",18,CLOSED,MISSED - Track for patterns only,EXTREME,Already established. Peak likely passed.,Moltbot/OpenClaw rebranding. 1.4M agent social network. Crustafarianism religion. Backtest only.
2026-02-03T12:00:00,CHILLGUY_COIN,PAT004: CHARACTER_VIRAL,92,HIGH,2800000,5341,[],960,CLOSED,CASE STUDY - 13366% pump in days,EXTREME,Peaked at $0.56. Historical data only.,$CHILLGUY from viral meditation cartoon on TikTok. Oct 2023 launch. Backtest pattern.
2026-02-03T12:00:00,HAWK_TUAH_COIN,PAT005: VIRAL_MOMENT,90,HIGH,5200000,4892,"['Haliey Welch']",564,CLOSED,CASE STUDY - Viral interview spawned coin,EXTREME,Historical reference only.,Hawk Tuah viral TikTok interview 100M+ views. Coin launched 48h later. June 2024 event. Backtest.
2026-02-03T12:00:00,SLEEP_COZY_COIN,PAT006: WELLNESS_AESTHETIC,75,MEDIUM,31000,147,[],0,OPENING,WATCH - Early signal monitor TikTok,HIGH,1) 3x exit 50% 2) 5x exit 25% 3) Hold 25% for 10x 4) 72h window,Cozy sleep aesthetic trending. Potential $SLEEP or $COZY launch. Wholesome community forming. Early.
2026-02-03T12:00:00,COZY_AI_COIN,PAT007: AI_COMPANION,78,MEDIUM,47000,189,[],0,OPENING,WATCH - Monitor for launch signals,HIGH,1) 2x exit 66% 2) 5x exit 33% 3) Trailing stop 40%,AI companion apps going viral. Aesthetic branding. Community on TikTok. Watch for coin announcements.
2026-02-03T12:00:00,75HARD_COIN,PAT008: CHALLENGE_BRAND,82,MEDIUM,2100000,234,[],0,WATCH,MONITOR - Huge community potential launch,MEDIUM,1) 2x exit conservative 2) 5x aggressive 3) Community strong = hold longer,2.1B+ searches. Massive fitness community. Could spawn motivational coin. Monitor fitness crypto channels.
2026-02-03T12:00:00,OOPS_COIN,PAT009: BRAND_VIRALITY,72,MEDIUM,180000,156,[],0,WATCH,EARLY - GenZ app going viral,MEDIUM,1) 3x exit 50% 2) 7x exit 50% 3) Young crypto-native audience,Oops anti-budgeting app trending. GenZ audience crypto-aware. Brand could spawn finance meme coin.
2026-02-03T12:00:00,PRAYER_COIN,PAT010: FAITH_COMMUNITY,65,LOW,2000000,98,[],0,WATCH,NICHE - Faith-based crypto potential,LOW,1) 2x exit conservative 2) Long hold for community,Pray40 2M people. Christian/Catholic community. Niche but loyal. Faith-based crypto gaining traction.
2026-02-06T12:00:00,MOLT_UPDATE_V2,PAT001: AI_AGENT_VIRAL,85,HIGH,1600000,3200,"['Peter Steinberger']",168,POST_PEAK,"SKIP - Already pumped 7000%. Down 25.82% in 24h correction. Entry only if drops below $20M mcap.",EXTREME,"$42M mcap. Correction phase. MCP becoming Linux Foundation standard. 160K+ GitHub stars. 1.5M agents on Moltbook. ClawCon physical meetup Feb 4. Late entry likely loses money.","DEEP DIVE VALIDATED: Star growth decelerating from 16K/day peak to 3-5K/day. Community solidifying but speculative peak passed. Infrastructure play (MCP) better than token play."
2026-02-06T12:00:00,PUMPSWAP_META,PAT013: DEX_PLATFORM_META,90,HIGH,500000,1500,[],48,ACTIVE,"PLATFORM PLAY - Trade analytics not individual tokens. 37K+ tokens deployed daily. 98% fail.",EXTREME,"PumpSwap DEX volume $2B ATH. PUMP ICO raised $1.3B ($600M in 12 min). 50%+ wallets are new users. $3M Build in Public hackathon open Feb 18.","Don't buy random pump.fun tokens. Build analytics/signal tools. Sell shovels in gold rush."
2026-02-06T12:00:00,AI_AGENT_TOKENS,PAT014: AI_AGENT_CONVERGENCE,92,HIGH,800000,2000,[],72,OPEN,"MONITOR - Highest velocity crypto category. Watch for next $MOLT-style breakout from AI agent platforms.",HIGH,"VIRTUAL $103M daily vol. TAO $235. RNDR $1.36. FET $0.17. Virtuals Protocol launching decentralized AI agent marketplace. $MOLT surged 7000% Jan 30.","AI + crypto convergence = defining meta of Q1 2026. Monitor new AI agent social platforms for token launches. DeepSnitch AI signals breakout potential."
2026-02-06T12:00:00,RWA_TOKENS,PAT015: INSTITUTIONAL_CRYPTO,88,HIGH,300000,800,[],180,OPEN,"ACCUMULATE - Most profitable narrative 2025 (185.8% avg returns). Institutional backing = lower risk than memecoins.",MEDIUM,"On-chain RWAs tripled $5.5B to $18.6B. BlackRock BUIDL $1.7B+ AUM. Keeta +1794.9% YTD. Maple +123% YTD. Shift from treasuries to private credit.","Lower risk crypto play. BlackRock + major institutions entering. Real yield from real assets. Longer hold periods but more sustainable than memecoins."
2026-02-06T12:00:00,DEEPSEEK_ADJACENT,PAT016: MODEL_RELEASE_PUMP,85,MEDIUM,400000,600,[],0,IMMINENT,"TIME-SENSITIVE - R2/V4 expected mid-Feb. Last release crashed tech stocks. Adjacent AI tokens pump on announcement day.",HIGH,"DeepSeek R2 multimodal reasoning + V4-thinking integration. Manifold prediction market tracking release date. Front-run with small position in AI tokens (TAO/FET/RNDR).","Pattern: major model release -> 24-48hr AI token pump -> correction. Position before announcement not after."
2026-02-06T12:00:00,BASE_CHAIN_MEMES,PAT017: ECOSYSTEM_MEMES,75,MEDIUM,200000,400,[],120,OPEN,"SELECTIVE - Brett $173M + Toshi $142M = blue chips of Base. Ponke +90% in 7 days shows momentum.",HIGH,"$585M combined mcap ~330 tokens. Coinbase ecosystem on-ramp for retail. Low fees + quick swaps. Monitor for new launches with strong social distribution.","Base = Coinbase ecosystem. Retail on-ramp advantage. Focus on top 5 by mcap not micro-caps."
2026-02-06T12:00:00,TRUMP_COIN,PAT018: POLITICAL_CRYPTO,70,MEDIUM,1000000,500,[],365,TRACKS_CYCLE,"MONITOR ONLY - Tracks political news cycle. DOJ investigation demanded. Constitutional concerns. Dinner controversy.",EXTREME,"$5.37B peak mcap. $3.80 low to $9.50 high volatile year. Currently ~$5.13. Elizabeth Warren 'orgy of corruption' quote. Foreign access concerns.","Pure political speculation. Tracks news cycle not fundamentals. Only for traders with high risk tolerance and political news edge."
2026-02-06T12:00:00,PINKFONG_IP_TOKEN,PAT019: LICENSED_IP_TOKEN,60,LOW,150000,200,[],168,CLOSED,"DEAD - Pinkfong disowned token. Crashed 90% from $519M to $6.3M. Pattern study: unauthorized IP tokens = pump and dump.",EXTREME,"Baby Shark (16B YouTube views) tokenized on Story Protocol. Company disowned. Crashed 90%. Watch for AUTHORIZED IP token launches instead.","Key learning: unauthorized IP tokens are traps. Wait for officially licensed tokens only. Story Protocol is the platform to monitor."
2026-02-06T12:00:00,GOLD_BACKED_CRYPTO,PAT020: HARD_ASSET_NARRATIVE,72,MEDIUM,100000,300,[],30,OPEN,"WATCH - Gold at $5595 ATH driving sovereignty narrative. Gold-backed tokens benefit from safe haven flows.",MEDIUM,"Goldman forecast $5400+ by Dec 2026. Some analysts $7615-$8491. Central banks buying 585 tonnes/quarter. 71% retail investors bullish.","Sovereignty Doctrine + tariff wars + currency debasement = hard asset narrative. Gold-backed crypto tokens as proxy play."
2026-02-06T12:00:00,FRIEREN_ANIME_TOKEN,PAT021: ANIME_IP_POTENTIAL,55,LOW,50000,100,[],0,WATCH,"SPECULATIVE - #1 MAL all-time. No token yet. If tokenized on Story Protocol could follow Pinkfong pattern (explosive pump then likely dump).",HIGH,"Frieren S2 scored 9.32 MAL. 35M manga copies. 6.44M viewers premiere. First to hold #1 AND #2 simultaneously. Character virality = GHIBLI pattern match.","No token exists. Pure speculation. Monitor Story Protocol and anime crypto channels for launch announcements."
2026-02-10T15:32:52.485154+00:00,ANTHROPIC_ART,PAT001: AI_TREND_VIRAL,100,HIGH,3500,850,"['Elon Musk', 'Sam Altman']",8,CLOSING,"BUY - Enter quickly, window closing",EXTREME,1) 2x minimum (6% hit this) 2) 10x aggressive exit (1% hit this) 3) Time-based: 24h hold max 4) Trailing stop: 50% from peak,Pattern win rate: 100%. Avg ROI: 30382%. Sample size: 1.
2026-02-10T15:32:52.485759+00:00,PROTEIN_SHAKE_COIN,PAT002: VIRAL_MOMENT_FITNESS,100,HIGH,1800,620,[],0,IMMEDIATE,STRONG BUY - Enter now with defined stops,HIGH,1) 2x exit for 66% of stack 2) 5x exit for remaining 33% 3) Time-based: 72h hold max 4) Trailing stop: 40% from peak,Pattern win rate: 100%. Avg ROI: 1650%. Sample size: 2.
2026-02-10T15:32:52.485834+00:00,AGENT_FORUM,PAT003: AI_AGENT_PLATFORM,100,HIGH,4200,720,[],6,IMMEDIATE,STRONG BUY - Enter now with defined stops,EXTREME,1) 3x exit for 50% of stack (high volatility) 2) 10x exit for 25% 3) Keep 25% for potential 50x+ 4) Trailing stop: 60% from peak (crashes common),Pattern win rate: 100%. Avg ROI: 7000%. Sample size: 1.
2026-02-18T17:00:00.648232+00:00,ANTHROPIC_ART,PAT001: AI_TREND_VIRAL,100,HIGH,3500,850,"['Elon Musk', 'Sam Altman']",8,CLOSING,"BUY - Enter quickly, window closing",EXTREME,1) 2x minimum (6% hit this) 2) 10x aggressive exit (1% hit this) 3) Time-based: 24h hold max 4) Trailing stop: 50% from peak,Pattern win rate: 100%. Avg ROI: 30382%. Sample size: 1.
2026-02-18T17:00:00.649110+00:00,PROTEIN_SHAKE_COIN,PAT002: VIRAL_MOMENT_FITNESS,100,HIGH,1800,620,[],0,IMMEDIATE,STRONG BUY - Enter now with defined stops,HIGH,1) 2x exit for 66% of stack 2) 5x exit for remaining 33% 3) Time-based: 72h hold max 4) Trailing stop: 40% from peak,Pattern win rate: 100%. Avg ROI: 1650%. Sample size: 2.
2026-02-18T17:00:00.649251+00:00,AGENT_FORUM,PAT003: AI_AGENT_PLATFORM,100,HIGH,4200,720,[],6,IMMEDIATE,STRONG BUY - Enter now with defined stops,EXTREME,1) 3x exit for 50% of stack (high volatility) 2) 10x exit for 25% 3) Keep 25% for potential 50x+ 4) Trailing stop: 60% from peak (crashes common),Pattern win rate: 100%. Avg ROI: 7000%. Sample size: 1.
2026-02-19T11:00:00.817548+00:00,ANTHROPIC_ART,PAT001: AI_TREND_VIRAL,100,HIGH,3500,850,"['Elon Musk', 'Sam Altman']",8,CLOSING,"BUY - Enter quickly, window closing",EXTREME,1) 2x minimum (6% hit this) 2) 10x aggressive exit (1% hit this) 3) Time-based: 24h hold max 4) Trailing stop: 50% from peak,Pattern win rate: 100%. Avg ROI: 30382%. Sample size: 1.
2026-02-19T11:00:00.817869+00:00,PROTEIN_SHAKE_COIN,PAT002: VIRAL_MOMENT_FITNESS,100,HIGH,1800,620,[],0,IMMEDIATE,STRONG BUY - Enter now with defined stops,HIGH,1) 2x exit for 66% of stack 2) 5x exit for remaining 33% 3) Time-based: 72h hold max 4) Trailing stop: 40% from peak,Pattern win rate: 100%. Avg ROI: 1650%. Sample size: 2.
2026-02-19T11:00:00.817957+00:00,AGENT_FORUM,PAT003: AI_AGENT_PLATFORM,100,HIGH,4200,720,[],6,IMMEDIATE,STRONG BUY - Enter now with defined stops,EXTREME,1) 3x exit for 50% of stack (high volatility) 2) 10x exit for 25% 3) Keep 25% for potential 50x+ 4) Trailing stop: 60% from peak (crashes common),Pattern win rate: 100%. Avg ROI: 7000%. Sample size: 1.
2026-02-19T17:00:00.846103+00:00,ANTHROPIC_ART,PAT001: AI_TREND_VIRAL,100,HIGH,3500,850,"['Elon Musk', 'Sam Altman']",8,CLOSING,"BUY - Enter quickly, window closing",EXTREME,1) 2x minimum (6% hit this) 2) 10x aggressive exit (1% hit this) 3) Time-based: 24h hold max 4) Trailing stop: 50% from peak,Pattern win rate: 100%. Avg ROI: 30382%. Sample size: 1.
2026-02-19T17:00:00.847081+00:00,PROTEIN_SHAKE_COIN,PAT002: VIRAL_MOMENT_FITNESS,100,HIGH,1800,620,[],0,IMMEDIATE,STRONG BUY - Enter now with defined stops,HIGH,1) 2x exit for 66% of stack 2) 5x exit for remaining 33% 3) Time-based: 72h hold max 4) Trailing stop: 40% from peak,Pattern win rate: 100%. Avg ROI: 1650%. Sample size: 2.
2026-02-19T17:00:00.847241+00:00,AGENT_FORUM,PAT003: AI_AGENT_PLATFORM,100,HIGH,4200,720,[],6,IMMEDIATE,STRONG BUY - Enter now with defined stops,EXTREME,1) 3x exit for 50% of stack (high volatility) 2) 10x exit for 25% 3) Keep 25% for potential 50x+ 4) Trailing stop: 60% from peak (crashes common),Pattern win rate: 100%. Avg ROI: 7000%. Sample size: 1.
2026-02-19T23:00:00.647675+00:00,ANTHROPIC_ART,PAT001: AI_TREND_VIRAL,100,HIGH,3500,850,"['Elon Musk', 'Sam Altman']",8,CLOSING,"BUY - Enter quickly, window closing",EXTREME,1) 2x minimum (6% hit this) 2) 10x aggressive exit (1% hit this) 3) Time-based: 24h hold max 4) Trailing stop: 50% from peak,Pattern win rate: 100%. Avg ROI: 30382%. Sample size: 1.
2026-02-19T23:00:00.648478+00:00,PROTEIN_SHAKE_COIN,PAT002: VIRAL_MOMENT_FITNESS,100,HIGH,1800,620,[],0,IMMEDIATE,STRONG BUY - Enter now with defined stops,HIGH,1) 2x exit for 66% of stack 2) 5x exit for remaining 33% 3) Time-based: 72h hold max 4) Trailing stop: 40% from peak,Pattern win rate: 100%. Avg ROI: 1650%. Sample size: 2.
2026-02-19T23:00:00.648634+00:00,AGENT_FORUM,PAT003: AI_AGENT_PLATFORM,100,HIGH,4200,720,[],6,IMMEDIATE,STRONG BUY - Enter now with defined stops,EXTREME,1) 3x exit for 50% of stack (high volatility) 2) 10x exit for 25% 3) Keep 25% for potential 50x+ 4) Trailing stop: 60% from peak (crashes common),Pattern win rate: 100%. Avg ROI: 7000%. Sample size: 1.
2026-02-20T05:00:01.319423+00:00,ANTHROPIC_ART,PAT001: AI_TREND_VIRAL,100,HIGH,3500,850,"['Elon Musk', 'Sam Altman']",8,CLOSING,"BUY - Enter quickly, window closing",EXTREME,1) 2x minimum (6% hit this) 2) 10x aggressive exit (1% hit this) 3) Time-based: 24h hold max 4) Trailing stop: 50% from peak,Pattern win rate: 100%. Avg ROI: 30382%. Sample size: 1.
2026-02-20T05:00:01.320172+00:00,PROTEIN_SHAKE_COIN,PAT002: VIRAL_MOMENT_FITNESS,100,HIGH,1800,620,[],0,IMMEDIATE,STRONG BUY - Enter now with defined stops,HIGH,1) 2x exit for 66% of stack 2) 5x exit for remaining 33% 3) Time-based: 72h hold max 4) Trailing stop: 40% from peak,Pattern win rate: 100%. Avg ROI: 1650%. Sample size: 2.
2026-02-20T05:00:01.320266+00:00,AGENT_FORUM,PAT003: AI_AGENT_PLATFORM,100,HIGH,4200,720,[],6,IMMEDIATE,STRONG BUY - Enter now with defined stops,EXTREME,1) 3x exit for 50% of stack (high volatility) 2) 10x exit for 25% 3) Keep 25% for potential 50x+ 4) Trailing stop: 60% from peak (crashes common),Pattern win rate: 100%. Avg ROI: 7000%. Sample size: 1.
2026-02-20T17:00:00.829535+00:00,ANTHROPIC_ART,PAT001: AI_TREND_VIRAL,100,HIGH,3500,850,"['Elon Musk', 'Sam Altman']",8,CLOSING,"BUY - Enter quickly, window closing",EXTREME,1) 2x minimum (6% hit this) 2) 10x aggressive exit (1% hit this) 3) Time-based: 24h hold max 4) Trailing stop: 50% from peak,Pattern win rate: 100%. Avg ROI: 30382%. Sample size: 1.
2026-02-20T17:00:00.830302+00:00,PROTEIN_SHAKE_COIN,PAT002: VIRAL_MOMENT_FITNESS,100,HIGH,1800,620,[],0,IMMEDIATE,STRONG BUY - Enter now with defined stops,HIGH,1) 2x exit for 66% of stack 2) 5x exit for remaining 33% 3) Time-based: 72h hold max 4) Trailing stop: 40% from peak,Pattern win rate: 100%. Avg ROI: 1650%. Sample size: 2.
2026-02-20T17:00:00.830513+00:00,AGENT_FORUM,PAT003: AI_AGENT_PLATFORM,100,HIGH,4200,720,[],6,IMMEDIATE,STRONG BUY - Enter now with defined stops,EXTREME,1) 3x exit for 50% of stack (high volatility) 2) 10x exit for 25% 3) Keep 25% for potential 50x+ 4) Trailing stop: 60% from peak (crashes common),Pattern win rate: 100%. Avg ROI: 7000%. Sample size: 1.
2026-02-20T23:00:00.400256+00:00,ANTHROPIC_ART,PAT001: AI_TREND_VIRAL,100,HIGH,3500,850,"['Elon Musk', 'Sam Altman']",8,CLOSING,"BUY - Enter quickly, window closing",EXTREME,1) 2x minimum (6% hit this) 2) 10x aggressive exit (1% hit this) 3) Time-based: 24h hold max 4) Trailing stop: 50% from peak,Pattern win rate: 100%. Avg ROI: 30382%. Sample size: 1.
2026-02-20T23:00:00.400822+00:00,PROTEIN_SHAKE_COIN,PAT002: VIRAL_MOMENT_FITNESS,100,HIGH,1800,620,[],0,IMMEDIATE,STRONG BUY - Enter now with defined stops,HIGH,1) 2x exit for 66% of stack 2) 5x exit for remaining 33% 3) Time-based: 72h hold max 4) Trailing stop: 40% from peak,Pattern win rate: 100%. Avg ROI: 1650%. Sample size: 2.
2026-02-20T23:00:00.400946+00:00,AGENT_FORUM,PAT003: AI_AGENT_PLATFORM,100,HIGH,4200,720,[],6,IMMEDIATE,STRONG BUY - Enter now with defined stops,EXTREME,1) 3x exit for 50% of stack (high volatility) 2) 10x exit for 25% 3) Keep 25% for potential 50x+ 4) Trailing stop: 60% from peak (crashes common),Pattern win rate: 100%. Avg ROI: 7000%. Sample size: 1.
2026-02-21T05:00:00.885226+00:00,ANTHROPIC_ART,PAT001: AI_TREND_VIRAL,100,HIGH,3500,850,"['Elon Musk', 'Sam Altman']",8,CLOSING,"BUY - Enter quickly, window closing",EXTREME,1) 2x minimum (6% hit this) 2) 10x aggressive exit (1% hit this) 3) Time-based: 24h hold max 4) Trailing stop: 50% from peak,Pattern win rate: 100%. Avg ROI: 30382%. Sample size: 1.
2026-02-21T05:00:00.886473+00:00,PROTEIN_SHAKE_COIN,PAT002: VIRAL_MOMENT_FITNESS,100,HIGH,1800,620,[],0,IMMEDIATE,STRONG BUY - Enter now with defined stops,HIGH,1) 2x exit for 66% of stack 2) 5x exit for remaining 33% 3) Time-based: 72h hold max 4) Trailing stop: 40% from peak,Pattern win rate: 100%. Avg ROI: 1650%. Sample size: 2.
2026-02-21T05:00:00.886771+00:00,AGENT_FORUM,PAT003: AI_AGENT_PLATFORM,100,HIGH,4200,720,[],6,IMMEDIATE,STRONG BUY - Enter now with defined stops,EXTREME,1) 3x exit for 50% of stack (high volatility) 2) 10x exit for 25% 3) Keep 25% for potential 50x+ 4) Trailing stop: 60% from peak (crashes common),Pattern win rate: 100%. Avg ROI: 7000%. Sample size: 1.
2026-02-21T11:00:01.592159+00:00,ANTHROPIC_ART,PAT001: AI_TREND_VIRAL,100,HIGH,3500,850,"['Elon Musk', 'Sam Altman']",8,CLOSING,"BUY - Enter quickly, window closing",EXTREME,1) 2x minimum (6% hit this) 2) 10x aggressive exit (1% hit this) 3) Time-based: 24h hold max 4) Trailing stop: 50% from peak,Pattern win rate: 100%. Avg ROI: 30382%. Sample size: 1.
2026-02-21T11:00:01.593849+00:00,PROTEIN_SHAKE_COIN,PAT002: VIRAL_MOMENT_FITNESS,100,HIGH,1800,620,[],0,IMMEDIATE,STRONG BUY - Enter now with defined stops,HIGH,1) 2x exit for 66% of stack 2) 5x exit for remaining 33% 3) Time-based: 72h hold max 4) Trailing stop: 40% from peak,Pattern win rate: 100%. Avg ROI: 1650%. Sample size: 2.
2026-02-21T11:00:01.596260+00:00,AGENT_FORUM,PAT003: AI_AGENT_PLATFORM,100,HIGH,4200,720,[],6,IMMEDIATE,STRONG BUY - Enter now with defined stops,EXTREME,1) 3x exit for 50% of stack (high volatility) 2) 10x exit for 25% 3) Keep 25% for potential 50x+ 4) Trailing stop: 60% from peak (crashes common),Pattern win rate: 100%. Avg ROI: 7000%. Sample size: 1.
2026-02-21T17:00:01.543624+00:00,ANTHROPIC_ART,PAT001: AI_TREND_VIRAL,100,HIGH,3500,850,"['Elon Musk', 'Sam Altman']",8,CLOSING,"BUY - Enter quickly, window closing",EXTREME,1) 2x minimum (6% hit this) 2) 10x aggressive exit (1% hit this) 3) Time-based: 24h hold max 4) Trailing stop: 50% from peak,Pattern win rate: 100%. Avg ROI: 30382%. Sample size: 1.
2026-02-21T17:00:01.544739+00:00,PROTEIN_SHAKE_COIN,PAT002: VIRAL_MOMENT_FITNESS,100,HIGH,1800,620,[],0,IMMEDIATE,STRONG BUY - Enter now with defined stops,HIGH,1) 2x exit for 66% of stack 2) 5x exit for remaining 33% 3) Time-based: 72h hold max 4) Trailing stop: 40% from peak,Pattern win rate: 100%. Avg ROI: 1650%. Sample size: 2.
2026-02-21T17:00:01.544944+00:00,AGENT_FORUM,PAT003: AI_AGENT_PLATFORM,100,HIGH,4200,720,[],6,IMMEDIATE,STRONG BUY - Enter now with defined stops,EXTREME,1) 3x exit for 50% of stack (high volatility) 2) 10x exit for 25% 3) Keep 25% for potential 50x+ 4) Trailing stop: 60% from peak (crashes common),Pattern win rate: 100%. Avg ROI: 7000%. Sample size: 1.
2026-02-22T17:00:00.928054+00:00,ANTHROPIC_ART,PAT001: AI_TREND_VIRAL,100,HIGH,3500,850,"['Elon Musk', 'Sam Altman']",8,CLOSING,"BUY - Enter quickly, window closing",EXTREME,1) 2x minimum (6% hit this) 2) 10x aggressive exit (1% hit this) 3) Time-based: 24h hold max 4) Trailing stop: 50% from peak,Pattern win rate: 100%. Avg ROI: 30382%. Sample size: 1.
2026-02-22T17:00:00.928972+00:00,PROTEIN_SHAKE_COIN,PAT002: VIRAL_MOMENT_FITNESS,100,HIGH,1800,620,[],0,IMMEDIATE,STRONG BUY - Enter now with defined stops,HIGH,1) 2x exit for 66% of stack 2) 5x exit for remaining 33% 3) Time-based: 72h hold max 4) Trailing stop: 40% from peak,Pattern win rate: 100%. Avg ROI: 1650%. Sample size: 2.
2026-02-22T17:00:00.929120+00:00,AGENT_FORUM,PAT003: AI_AGENT_PLATFORM,100,HIGH,4200,720,[],6,IMMEDIATE,STRONG BUY - Enter now with defined stops,EXTREME,1) 3x exit for 50% of stack (high volatility) 2) 10x exit for 25% 3) Keep 25% for potential 50x+ 4) Trailing stop: 60% from peak (crashes common),Pattern win rate: 100%. Avg ROI: 7000%. Sample size: 1.
2026-02-22T23:00:00.908537+00:00,ANTHROPIC_ART,PAT001: AI_TREND_VIRAL,100,HIGH,3500,850,"['Elon Musk', 'Sam Altman']",8,CLOSING,"BUY - Enter quickly, window closing",EXTREME,1) 2x minimum (6% hit this) 2) 10x aggressive exit (1% hit this) 3) Time-based: 24h hold max 4) Trailing stop: 50% from peak,Pattern win rate: 100%. Avg ROI: 30382%. Sample size: 1.
2026-02-22T23:00:00.909623+00:00,PROTEIN_SHAKE_COIN,PAT002: VIRAL_MOMENT_FITNESS,100,HIGH,1800,620,[],0,IMMEDIATE,STRONG BUY - Enter now with defined stops,HIGH,1) 2x exit for 66% of stack 2) 5x exit for remaining 33% 3) Time-based: 72h hold max 4) Trailing stop: 40% from peak,Pattern win rate: 100%. Avg ROI: 1650%. Sample size: 2.
2026-02-22T23:00:00.909734+00:00,AGENT_FORUM,PAT003: AI_AGENT_PLATFORM,100,HIGH,4200,720,[],6,IMMEDIATE,STRONG BUY - Enter now with defined stops,EXTREME,1) 3x exit for 50% of stack (high volatility) 2) 10x exit for 25% 3) Keep 25% for potential 50x+ 4) Trailing stop: 60% from peak (crashes common),Pattern win rate: 100%. Avg ROI: 7000%. Sample size: 1.
