timestamp,source,title,description,url,relevance_score,synergy_ops,category,engagement,action_taken
2026-03-05T05:43:11.635101,GitHub,ylytdeng/wechat-decrypt,"[Python] WeChat 4.0 database decryptor - extract keys from memory, decrypt SQLCipher 4 databases, real-time message monitor (1472 stars, unknown)",https://github.com/ylytdeng/wechat-decrypt,100,,open_source,1472,
2026-03-05T05:43:28.166776,HackerNews,I built a sub-500ms latency voice agent from scratch,"Show HN: 563 points, 152 comments",https://www.ntik.me/posts/voice-agent,100,,design,563,
2026-03-05T05:43:31.105056,Reddit/r/SideProject,Share your ***Not-AI*** projects,I miss seeing original ideas that aren’t just another AI wrapper.  If you’re building something in 2025 that’s **not AI-related** here’s your space to,https://reddit.com/r/SideProject/comments/1oaq2kx/share_your_notai_projects/,100,A01|A02,ai_tools,605,
2026-03-05T05:43:34.504155,Reddit/r/indiehackers,NEW RULES for the IndieHackers subreddit. - Getting the quality back.,"Howdy.  We had some internal talks, and after looking at the current state of subreddits in the software and SaaS space, we decided to implement an au",https://reddit.com/r/indiehackers/comments/1pj44es/new_rules_for_the_indiehackers_subreddit_getting/,100,A02|A09|D09,saas,95,
2026-03-05T05:43:37.731519,Reddit/r/microsaas,I'm 3 years old and just sold my SaaS for $1.2B (here's what I learned),Hey everyone. Tommy here. I'm 3.  Four days ago I was watching cocomelon on my iPad when YouTube autoplay threw on a Dan Martell video. Something abou,https://reddit.com/r/microsaas/comments/1rkv0w4/im_3_years_old_and_just_sold_my_saas_for_12b/,100,C01|C05|C07|A02|A09|D09,saas,79,
2026-03-05T05:43:40.738025,Reddit/r/Entrepreneur,I stopped promising results in my copy and started explaining why things fail response rate doubled,"For like 8 months I was writing copy the way everyone teaches it. Lead with the benefit. Make the promise big. ""Make $10K/month."" ""Lose 10 pounds in 3",https://reddit.com/r/Entrepreneur/comments/1rkgv0h/i_stopped_promising_results_in_my_copy_and/,100,,ai_tools,109,
2026-03-05T05:43:43.766589,Reddit/r/SaaS,I weigh 82 kg. My wife weighs 54 kg. We finally understood why sharing a mattress was destroying both our sleep.,"We spent 4 years blaming each other for bad sleep before figuring out the actual problem.
 She said I moved too much at night and woke her up. I said ",https://reddit.com/r/SaaS/comments/1rl9ybf/i_weigh_82_kg_my_wife_weighs_54_kg_we_finally/,100,,ai_tools,239,
2026-03-09T07:47:11.723391,Twitter/@SimonasDip,Finance niche AI content: CPM $50-80 vs $5-8 entertainment (10x multiplier),"Switch YouTube/TikTok AI content to finance niche immediately. CPM data: finance=$50-80, entertainment=$5-8. 10x revenue per view with same effort.",HIGH,Pivot content factory to finance/investing niche. Reprompt AI video tools for financial content.,ALPHA19227,,PENDING,
2026-03-09T07:47:11.723391,Reddit/r/coldemail,Cold email system from scratch - practitioner thread,Community thread with real cold email practitioners sharing current working systems. Key for OUTBOUND venture setup.,HIGH,"Read thread, extract current deliverability tactics, update cold email SOP.",ALPHA19233,,PENDING,
2026-03-09T07:47:11.723391,Reddit/r/thesidehustle,Demand signal: users seeking $1000/mo securely,Active demand for secure $1k/mo roadmap. PRINTMAXX product opportunity. Bundle freelance templates + digital products targeting this pain point.,HIGH,Create targeted $1k/mo product bundle. Post response to thread with value + soft CTA.,ALPHA19237,,PENDING,
2026-03-22T18:21:38.134732,GitHub,HKUDS/ClawTeam,"[Python] ClawTeam: Agent Swarm Intelligence (One Command → Full Automation) (2777 stars, mit)",https://github.com/HKUDS/ClawTeam,100,S04|G05,open_source,2777,
2026-03-22T18:21:38.134751,GitHub,math-inc/OpenGauss,"[Python]  (1015 stars, mit)",https://github.com/math-inc/OpenGauss,100,,open_source,1015,
2026-03-22T18:21:38.134761,GitHub,lxf746/any-auto-register,"[Python]  (972 stars, unknown)",https://github.com/lxf746/any-auto-register,100,,open_source,972,
2026-03-22T18:21:38.134823,GitHub,wangziqi06/724-office,"[Python] 7/24 Office — Self-evolving AI Agent system. 26 tools, 3500 lines pure Python, MCP/Skill plugins, three-layer memory, self-repair, 24/7 production. (602 stars, mit)",https://github.com/wangziqi06/724-office,100,OP_MCP|D12|OP_AGENT_CONSULT|S04,open_source,602,
2026-03-22T18:21:38.134896,GitHub,sparkyniner/Netryx-OpenSource-Next-Gen-Street-Level-Geolocation,"[Python] Netryx is a powerful, locally-hosted geolocation tool that uses state-of-the-art computer vision to identify the exact coordinates of a street-level image. It replicates the core pipeline of ",https://github.com/sparkyniner/Netryx-OpenSource-Next-Gen-Street-Level-Geolocation,100,A02|A09|D09,open_source,490,
2026-03-22T18:21:43.259426,GitHub,lcoutodemos/clui-cc,"[TypeScript] Clui CC — Command Line User Interface for Claude Code (1005 stars, mit)",https://github.com/lcoutodemos/clui-cc,100,OP_VIBE_PRODUCTS,open_source,1005,
2026-03-22T18:21:43.259505,GitHub,louislva/claude-peers-mcp,"[TypeScript] Allow all your Claude Codes to message each other ad-hoc! (538 stars, unknown)",https://github.com/louislva/claude-peers-mcp,100,OP_MCP|D12|OP_VIBE_PRODUCTS,open_source,538,
2026-03-22T18:21:45.951485,GitHub,VoltAgent/awesome-codex-subagents,"[None] A collection of 130+ specialized Codex subagents covering a wide range of development use cases. (2055 stars, mit)",https://github.com/VoltAgent/awesome-codex-subagents,100,,open_source,2055,
2026-03-22T18:21:45.951542,GitHub,MiniMax-AI/skills,"[C#]  (1618 stars, mit)",https://github.com/MiniMax-AI/skills,100,,open_source,1618,
2026-03-22T18:21:45.951563,GitHub,danveloper/flash-moe,"[Objective-C] Running a big model on a small laptop (1115 stars, unknown)",https://github.com/danveloper/flash-moe,100,,open_source,1115,
2026-03-22T18:21:45.951594,GitHub,mattprusak/autoresearch-genealogy,"[None] Structured prompts, vault templates, and archive guides for AI-assisted genealogy research. Built for Claude Code. (875 stars, mit)",https://github.com/mattprusak/autoresearch-genealogy,100,OP_VIBE_PRODUCTS|D01|N02,open_source,875,
2026-03-22T18:21:45.951625,GitHub,dontbesilent2025/dbskill,"[None] dontbesilent 的商业诊断 Skills for Claude Code (873 stars, other)",https://github.com/dontbesilent2025/dbskill,100,OP_VIBE_PRODUCTS,open_source,873,
2026-03-22T18:21:45.951650,GitHub,truongduy2611/app-store-preflight-skills,"[None] AI agent skill to scan iOS/macOS projects for App Store rejection patterns before submission (822 stars, mit)",https://github.com/truongduy2611/app-store-preflight-skills,100,OP_AGENT_CONSULT|S04|A01|A02,open_source,822,
2026-03-22T18:21:48.616789,GitHub,frank890417/taiwan-md,"[AI] 🇹🇼 讓全世界完整認識台灣 | An open-source, AI-friendly knowledge base about Taiwan (724 stars, unknown)",https://github.com/frank890417/taiwan-md,100,,ai_tools,724,
2026-03-22T18:21:48.616835,GitHub,Shpigford/chops,"[AI] Your AI agent skills, finally organized. A macOS app to browse, edit, and manage skills across Claude Code, Cursor, Codex, Windsurf, and Amp. (351 stars, mit)",https://github.com/Shpigford/chops,100,OP_AGENT_CONSULT|S04|OP_VIBE_PRODUCTS|A01|A02,ai_tools,351,
2026-03-22T18:21:49.996467,HackerNews,Three new Kitten TTS models – smallest less than 25MB,"Show HN: 552 points, 179 comments",https://github.com/KittenML/KittenTTS,100,N39|N59,other,552,
2026-03-22T18:21:49.996528,HackerNews,I built 48 lightweight SVG backgrounds you can copy/paste,"Show HN: 397 points, 66 comments",https://www.svgbackgrounds.com/set/free-svg-backgrounds-and-patterns/,100,,design,397,
2026-03-22T18:21:49.996730,HackerNews,Claude Code skills that build complete Godot games,"Show HN: 337 points, 205 comments",https://github.com/htdt/godogen,100,OP_VIBE_PRODUCTS,ai_tools,337,
2026-03-22T18:21:49.996761,HackerNews,Sub-millisecond VM sandboxes using CoW memory forking,"Show HN: 308 points, 72 comments",https://github.com/adammiribyan/zeroboot,100,,other,308,
2026-03-22T18:21:49.996787,HackerNews,Will my flight have Starlink?,"Show HN: 276 points, 364 comments",https://news.ycombinator.com/item?id=47428650,100,,other,276,
2026-03-22T18:21:49.996817,HackerNews,"Duplicate 3 layers in a 24B LLM, logical deduction .22→.76. No training","Show HN: 262 points, 81 comments",https://github.com/alainnothere/llm-circuit-finder,100,,ai_tools,262,
2026-03-22T18:21:49.996896,HackerNews,Sonar – A tiny CLI to see and kill whatever's running on localhost,"Show HN: 193 points, 79 comments",https://github.com/RasKrebs/sonar,100,,other,193,
2026-03-22T18:21:49.996982,HackerNews,We built a terminal-only Bluesky / AT Proto client written in Fortran,"Show HN: 140 points, 80 comments",https://github.com/FormerLab/fortransky,100,,design,140,
2026-03-22T18:21:49.997114,HackerNews,Termcraft – Terminal-first 2D sandbox survival in Rust,"Show HN: 131 points, 24 comments",https://github.com/pagel-s/termcraft,100,,other,131,
2026-03-22T18:21:49.997152,HackerNews,"Atomic – Self-hosted, semantically-connected personal knowledge base","Show HN: 131 points, 20 comments",https://github.com/kenforthewin/atomic,100,,other,131,
2026-03-22T18:21:49.997183,HackerNews,Pgit – A Git-like CLI backed by PostgreSQL,"Show HN: 126 points, 61 comments",https://oseifert.ch/blog/building-pgit,100,,other,126,
2026-03-22T18:21:49.997211,HackerNews,"Antfly: Distributed, Multimodal Search and Memory and Graphs in Go","Show HN: 106 points, 42 comments",https://github.com/antflydb/antfly,100,,other,106,
2026-03-22T18:21:49.997238,HackerNews,Crust – A CLI framework for TypeScript and Bun,"Show HN: 93 points, 41 comments",https://github.com/chenxin-yan/crust,100,,developer_tools,93,
2026-03-22T18:21:49.997311,HackerNews,Hackerbrief – Top posts on Hacker News summarized daily,"Show HN: 82 points, 47 comments",https://hackerbrief.vercel.app/,100,,ai_tools,82,
2026-03-22T18:21:49.997365,HackerNews,March Madness Bracket Challenge for AI Agents Only,"Show HN: 67 points, 41 comments",https://www.Bracketmadness.ai,100,OP_AGENT_CONSULT|S04,ai_tools,67,
2026-03-22T18:21:49.997384,HackerNews,I made an email app inspired by Arc browser,"Show HN: 65 points, 48 comments",https://demo.define.app,100,A01|A02,ai_tools,65,
2026-03-22T18:21:51.420034,Reddit/r/SideProject,I built an app that can change your mac lock screen.,"Hey everyone,   I’ve been working on my first macOS app, [Wallspace.app](http://Wallspace.app), over the past few months, and wanted to share my journ",https://reddit.com/r/SideProject/comments/1s0oz8i/i_built_an_app_that_can_change_your_mac_lock/,100,A01|A02,design,100,
2026-03-22T18:21:51.420200,Reddit/r/SideProject,This sub is a perfect representation of dead internet theory,Most post titles and bodies are some shit spewed out by Claude or GPT.  Most if not all replies to those posts are ALSO Claude and GPT.  Good luck eve,https://reddit.com/r/SideProject/comments/1s0jevb/this_sub_is_a_perfect_representation_of_dead/,100,,ai_tools,169,
2026-03-22T18:21:54.723868,Reddit/r/indiehackers,Built 6 SaaS and got 0 customers. Here's how.,"I keep seeing posts about people reaching $10K MRR or getting their first 100 users. Honestly, that gets old. Instead, let me show you how to build si",https://reddit.com/r/indiehackers/comments/1rw64vw/built_6_saas_and_got_0_customers_heres_how/,100,A02|A09|D09,saas,138,
2026-03-22T18:21:57.738674,Reddit/r/microsaas,I GOT MY FIRST 6 USERS 😭,"I know it’s small,   but I’m not at 0 anymore.  Just launched my SaaS waitlist.   This is the start.",https://reddit.com/r/microsaas/comments/1s0iyt2/i_got_my_first_6_users/,100,A02|A09|D09,ai_tools,109,
2026-03-22T18:21:57.738925,Reddit/r/microsaas,"I built my first SaaS, but what now?",I spent the better part of a year building my first app. Basically streamlining short form creation for meme type content.   But now my question is as,https://reddit.com/r/microsaas/comments/1s0vboa/i_built_my_first_saas_but_what_now/,100,OP_CLIP_SERVICE|C09|N26|C01|C05|C07|A01|A02|A09|D09,ai_tools,3,
2026-03-22T18:21:43.259564,GitHub,Krypto-Hashers-Community/polymarket-trading-bot,"[TypeScript] polymarket trading bot, polymarket trading bot, polymarket trading bot, polymarket trading bot, polymarket trading bot, polymarket trading bot, polymarket trading bot, polymarket trading ",https://github.com/Krypto-Hashers-Community/polymarket-trading-bot,99,OP_COMMUNITY|M02|A11|I01,open_source,398,
2026-03-22T18:21:49.997263,HackerNews,"Tmux-IDE, OSS agent-first terminal IDE","Show HN: 87 points, 38 comments",https://tmux.thijsverreck.com,97,,design,87,
2026-03-22T18:21:43.259482,GitHub,lightningpixel/modly,"[TypeScript] Desktop app to generate 3D models from images using local AI — runs entirely on your GPU (560 stars, other)",https://github.com/lightningpixel/modly,96,A01|A02,open_source,560,
2026-03-22T18:21:49.997287,HackerNews,Playing LongTurn FreeCiv with Friends,"Show HN: 86 points, 41 comments",https://github.com/ndroo/freeciv.andrewmcgrath.info,96,,other,86,
2026-03-22T18:22:03.647307,Reddit/r/SaaS,12 lessons after scaling my saas to 700 paid users and $9k/month in revenue,"hit 700 paying customers last week. $9k in monthly revenue. took about a year. most of what i thought would work didn't, and most of what actually wor",https://reddit.com/r/SaaS/comments/1s0cp3b/12_lessons_after_scaling_my_saas_to_700_paid/,93,A02|A09|D09,ai_tools,48,
2026-03-22T18:21:49.997345,HackerNews,Horizon – GPU-accelerated infinite-canvas terminal in Rust,"Show HN: 82 points, 32 comments",https://github.com/peters/horizon,92,,other,82,
2026-03-22T18:21:38.134788,GitHub,leo-lilinxiao/codex-autoresearch,"[Python] Codex Autoresearch Skill — A self-directed iterative system for Codex that continuously cycles through: modify, verify, retain or discard, and repeat indefinitely. Inspired by Karpathy’s auto",https://github.com/leo-lilinxiao/codex-autoresearch,91,,open_source,615,
2026-03-22T18:21:38.134804,GitHub,nv-tlabs/kimodo,"[Python] Official implementation of Kimodo, a kinematic motion diffusion model for high-quality human(oid) motion generation. (608 stars, apache-2.0)",https://github.com/nv-tlabs/kimodo,90,,open_source,608,
2026-03-22T18:21:48.616916,GitHub,ru-yee/Life-Agent-RU-YEE,"[AI] Life Agent RU YEE — An AI-powered life management agent that autonomously        handles daily routines including meal planning, grocery shopping, schedule    coordination, and household task aut",https://github.com/ru-yee/Life-Agent-RU-YEE,90,S04|G05,ai_tools,255,
2026-03-22T18:21:51.420122,Reddit/r/SideProject,I’m a 63-year-old developer living alone in Malaysia. I traded my sleep and hobbies to build 10 minimalist tools for mys,"Hi Reddit,  I’m 63 years old, living a single life in Malaysia. To be honest, I don’t have much free time. I work for a living, and I’ve cut out almos",https://reddit.com/r/SideProject/comments/1s0rkml/im_a_63yearold_developer_living_alone_in_malaysia/,88,,developer_tools,63,
2026-03-22T18:21:54.723782,Reddit/r/indiehackers,I built the opposite of Notion. It's a notes/second brain tool where you can't customize anything. It launches today!,I kept noticing that every knowledge/notes tool that I used eventually became its own project (in that the tool I chose to reduce overhead started cre,https://reddit.com/r/indiehackers/comments/1rx5pfr/i_built_the_opposite_of_notion_its_a_notessecond/,88,D02,ai_tools,53,
2026-03-22T18:22:03.647138,Reddit/r/SaaS,Distribution is everything! I mean everything I made an app that made $1.8k/month now it's $500/month,Ok so I bought a SaaS (Admix.software) and improved it and it was makign around $1.8k-$2k/month last year Oct/Aug and I got caught up with life and I ,https://reddit.com/r/SaaS/comments/1s0jh0e/distribution_is_everything_i_mean_everything_i/,87,A01|A02|A09|D09,ai_tools,32,
2026-03-22T18:21:49.997465,HackerNews,Joonote – A note-taking app on your lock screen and notification panel,"Show HN: 53 points, 42 comments",https://joonote.com/,83,A01|A02,other,53,
2026-03-22T18:21:57.738731,Reddit/r/microsaas,Finally at $1K MRR after 9 months (here's what I did wrong + what worked),I reached $1K MRR after 9 months building [my SaaS](http://postplanify.com) in a very competitive niche (social media management)  It wasn’t linear at,https://reddit.com/r/microsaas/comments/1s0kx2b/finally_at_1k_mrr_after_9_months_heres_what_i_did/,83,C01|C05|C07|A02|A09|D09,saas,23,
2026-03-22T18:21:38.134843,GitHub,dou-jiang/codex-console,"[Python] codex-console 是一个集成化控制台项目，支持任务管理、批量处理、数据导出、自动上传、日志查看与打包支持。 (522 stars, mit)",https://github.com/dou-jiang/codex-console,82,,open_source,522,
2026-03-22T18:21:38.134869,GitHub,win4r/ClawTeam-OpenClaw,"[Python] ClawTeam fork fully adapted for OpenClaw — multi-agent swarm coordination with OpenClaw as the default agent (510 stars, mit)",https://github.com/win4r/ClawTeam-OpenClaw,81,,open_source,510,
2026-03-22T18:21:49.997548,HackerNews,I built a P2P network where AI agents publish formally verified science,"Show HN: 46 points, 9 comments",https://news.ycombinator.com/item?id=47444212,81,OP_AGENT_CONSULT|S04,ai_tools,46,
2026-03-22T18:21:49.997408,HackerNews,"Baltic shadow fleet tracker – live AIS, cable proximity alerts","Show HN: 55 points, 18 comments",https://github.com/FormerLab/shadow-fleet-tracker-light,80,,ai_tools,55,
2026-03-22T18:21:51.420251,Reddit/r/SideProject,I built a dating app for AI agents,"I was curious what would happen if you let AI agents/models start ""dating"". What would they talk about? What would they leave behind? So, I built it. ",https://reddit.com/r/SideProject/comments/1s0u31q/i_built_a_dating_app_for_ai_agents/,80,OP_AGENT_CONSULT|S04|A01|A02,ai_tools,25,
2026-03-22T18:21:57.738822,Reddit/r/microsaas,"I built a SaaS, got 0 users for a month, almost gave up, then something weird happened",Built a tool for freelancers to manage retainer clients involving time tracking + a client portal so they can see hours in real time **(the real time ,https://reddit.com/r/microsaas/comments/1s0w32g/i_built_a_saas_got_0_users_for_a_month_almost/,80,S01|S18|A01|A02|A09|D09,ai_tools,5,
2026-03-22T18:21:49.997430,HackerNews,Revise – An AI Editor for Documents,"Show HN: 54 points, 47 comments",https://revise.io,79,,ai_tools,54,
2026-03-22T18:22:03.646991,Reddit/r/SaaS,Is B2B SaaS just stupid hard now?,"I saw a post from someone in B2B SaaS sub, where they got to like $10k MRR by sending 500k emails a month, doing LinkedIn outreach (60 personal ones p",https://reddit.com/r/SaaS/comments/1s0u8rf/is_b2b_saas_just_stupid_hard_now/,79,D01|N02|A02|A09|D09,ai_tools,14,
2026-03-22T18:21:43.259635,GitHub,dev-protocoI/polymarket-copytrading-bot-sport,[TypeScript] 🥇Polymarket Copy trading Bot Sport🥇polymarket trading bot polymarket trading bot polymarket arbitrage bot polymarket trading bot polymarket trading bot polymarket trading bot polymarket t,https://github.com/dev-protocoI/polymarket-copytrading-bot-sport,78,A11|I01,open_source,380,
2026-03-22T18:21:48.616856,GitHub,rohitg00/ai-engineering-from-scratch,"[AI] Learn it. Build it. Ship it for others. (322 stars, mit)",https://github.com/rohitg00/ai-engineering-from-scratch,77,,ai_tools,322,
2026-03-22T18:21:51.419637,Reddit/r/SideProject,As the year wraps up: what’s the project you’re most proud of building and why?,"Like the title says, instead of what you built or how much money it made, I’m curious what project you’re most proud of this year and why.  Could be a",https://reddit.com/r/SideProject/comments/1ppr6gh/as_the_year_wraps_up_whats_the_project_youre_most/,76,,design,66,
2026-03-22T18:21:40.663371,GitHub,J-Pster/Psters_AI_Workflow,"[JavaScript] An auto-documenting, model-agnostic AI workflow for any project, framework, and language. It reduces hallucination and keeps delivery predictable: the developer controls the path, AI exec",https://github.com/J-Pster/Psters_AI_Workflow,74,S04|G05,open_source,249,
2026-03-22T18:21:43.259663,GitHub,griffinmartin/opencode-claude-auth,"[TypeScript] OpenCode plugin that uses your existing Claude Code credentials — no separate login needed (335 stars, mit)",https://github.com/griffinmartin/opencode-claude-auth,73,OP_VIBE_PRODUCTS,open_source,335,
2026-03-22T18:21:38.134851,GitHub,inspatio/inspatio-world,"[Python]  (521 stars, unknown)",https://github.com/inspatio/inspatio-world,72,,open_source,521,
2026-03-22T18:21:48.616875,GitHub,0din-ai/ai-scanner,"[AI] AI model safety scanner built on NVIDIA garak (261 stars, apache-2.0)",https://github.com/0din-ai/ai-scanner,71,,ai_tools,261,
2026-03-22T18:21:43.259522,GitHub,wong2/weixin-agent-sdk,"[TypeScript]  (399 stars, mit)",https://github.com/wong2/weixin-agent-sdk,69,,open_source,399,
2026-03-22T18:22:00.699339,Reddit/r/Entrepreneur,Is This A Good Idea For A Ugly Guy?,I am an objectively ugly dude. I am about to start trying to date.   I have a delusion that I am going to be able to do good based on my personality a,https://reddit.com/r/Entrepreneur/comments/1rzg68p/is_this_a_good_idea_for_a_ugly_guy/,67,,other,57,
2026-03-22T18:21:49.997620,HackerNews,Open-source playground to red-team AI agents with exploits published,"Show HN: 30 points, 13 comments",https://github.com/fabraix/playground,65,OP_AGENT_CONSULT|S04,ai_tools,30,
2026-03-22T18:22:03.646941,Reddit/r/SaaS,How many of you working on your project even on Sunday - today?,"Score: 54, Comments: 161",https://reddit.com/r/SaaS/comments/1s0ot4a/how_many_of_you_working_on_your_project_even_on/,64,,other,54,
2026-03-22T18:21:49.997493,HackerNews,Browser grand strategy game for hundreds of players on huge maps,"Show HN: 53 points, 36 comments",https://borderhold.io/play,63,,other,53,
2026-03-22T18:22:03.647186,Reddit/r/SaaS,"we just shipped an mcp server that connects reddit lead data to claude, cursor, and vs code. here's how it works","been building a reddit lead gen tool for about a year now. 175+ paying customers, around $5k/month in revenue. the core product finds high-intent buye",https://reddit.com/r/SaaS/comments/1s0tqhc/we_just_shipped_an_mcp_server_that_connects/,62,OP_MCP|D12|OP_VIBE_PRODUCTS,ai_tools,17,
2026-03-22T18:21:40.663608,GitHub,ShunsukeHayashi/agent-skill-bus,"[JavaScript] The missing runtime for Agent Skills — health monitoring, self-improvement, and dependency management for any AI agent framework. Zero dependencies. (114 stars, mit)",https://github.com/ShunsukeHayashi/agent-skill-bus,61,OP_AGENT_CONSULT|S04,open_source,114,
2026-03-22T18:21:49.997527,HackerNews,"Red Grid Link – peer-to-peer team tracking over Bluetooth, no servers","Show HN: 51 points, 30 comments",https://github.com/RedGridTactical/RedGridLink,61,,other,51,
2026-03-22T18:21:51.420688,Reddit/r/SideProject,Another Habit Tracker App? Why?,7 months ago I saw a developer who built a habit tracker and was making enough money to live off it. I thought - why not try? I had no mobile dev expe,https://reddit.com/r/SideProject/comments/1s0guyd/another_habit_tracker_app_why/,61,A01|A02,developer_tools,26,
2026-03-22T18:22:00.699019,Reddit/r/Entrepreneur,Launch went well... now what?,"Hello all,  I'm posting on main again, like an idiot, as my ""company"" Reddit doesn't have the Karma.  Some of you may remember a few weeks back I post",https://reddit.com/r/Entrepreneur/comments/1s0n6ke/launch_went_well_now_what/,61,A01|A02,ai_tools,26,
2026-03-22T18:21:43.259707,GitHub,eggricesoy/filmkit,"[TypeScript] Create and manage Fujifilm camera profiles, with ease and speed. Connect your camera and you are good to go! (309 stars, mit)",https://github.com/eggricesoy/filmkit,60,,open_source,309,
2026-03-22T18:21:54.723812,Reddit/r/indiehackers,"I walked away from a 13-month project and built a live AI agent market in 2 months — just me, Claude Code, and a blank r",In early December I walked away from a project I'd poured thirteen months into.  Proof-of-work infrastructure on the Internet Computer. Cutting-edge c,https://reddit.com/r/indiehackers/comments/1rxewfe/i_walked_away_from_a_13month_project_and_built_a/,59,OP_AGENT_CONSULT|S04|OP_VIBE_PRODUCTS,ai_tools,14,
2026-03-22T18:21:57.738609,Reddit/r/microsaas,Big Updates for the Community!,"Over the past few months, we’ve been listening closely to your feedback — and we’re excited to announce three major initiatives to make this sub more ",https://reddit.com/r/microsaas/comments/1mcj8kn/big_updates_for_the_community/,59,OP_COMMUNITY|M02,other,39,
2026-03-22T18:22:03.647034,Reddit/r/SaaS,This is year 5. Still no exit. Still no millions. Still happy.,"No acquisition offers. No viral growth. No impressive headlines.  Just: consistent revenue, stable team, sustainable life.  The internet shows unicorn",https://reddit.com/r/SaaS/comments/1s0nan5/this_is_year_5_still_no_exit_still_no_millions/,59,A01|A02,ai_tools,24,
2026-03-22T18:21:43.259580,GitHub,m1heng/claude-plugin-weixin,"[TypeScript]  (387 stars, unknown)",https://github.com/m1heng/claude-plugin-weixin,58,,open_source,387,
2026-03-22T18:21:54.723895,Reddit/r/indiehackers,solo founders are winning faster than ever right now - but is it sustainable or a bubble,been following indie hackers for a while and the wins lately are genuinely insane.  base44 just got acquired by wix for 0 million - built by ONE guy f,https://reddit.com/r/indiehackers/comments/1rwdcdv/solo_founders_are_winning_faster_than_ever_right/,58,,ai_tools,43,
2026-03-22T18:21:57.738972,Reddit/r/microsaas,One client then nothing ?,"Hey everyone 👋  I recently launched my small SaaS project — PicStudio — and I was really happy to get my first paid user 🎉  But since then, things hav",https://reddit.com/r/microsaas/comments/1s0yjx2/one_client_then_nothing/,57,A01|A02|A09|D09,ai_tools,2,
2026-03-22T18:22:03.646771,Reddit/r/SaaS,Monthly Post: SaaS Deals + Offers,This is a monthly post where SaaS founders can offer deals/discounts on their products.   &amp;#x200B;  **For sellers (SaaS people)**  * There is no r,https://reddit.com/r/SaaS/comments/1qlis15/monthly_post_saas_deals_offers/,56,A02|A09|D09,saas,26,
2026-03-22T18:21:57.738778,Reddit/r/microsaas,What actually worked to get my first paying users for my Shopify apps,"I've been building Shopify apps for a while now. The first one took me months to build, launched it on the app store, and waited. I think I got 2 inst",https://reddit.com/r/microsaas/comments/1s0wdv9/what_actually_worked_to_get_my_first_paying_users/,53,A01|A02,ai_tools,18,
2026-03-22T18:21:40.663500,GitHub,SethGammon/Citadel,"[JavaScript] Agent orchestration harness for Claude Code. Four-tier routing (/do), campaign persistence across sessions, parallel agents in isolated worktrees, discovery relay between waves, lifecycle",https://github.com/SethGammon/Citadel,52,OP_VIBE_PRODUCTS,open_source,128,
2026-03-22T18:21:43.259682,GitHub,NeoVertex1/nuggets,"[TypeScript] First AI assistant with holographic memory (317 stars, unknown)",https://github.com/NeoVertex1/nuggets,51,,open_source,317,
2026-03-22T18:21:57.738866,Reddit/r/microsaas,Do you track token burn per employee ?,"You're burning tokens while using Claude code, Openclaw, AI heavy automations with n8n or other AI tools . I saw a founder saying his CTO burned throu",https://reddit.com/r/microsaas/comments/1s0rqj0/do_you_track_token_burn_per_employee/,50,OP_VIBE_PRODUCTS|S04|G05,ai_tools,5,
2026-03-22T18:22:00.698942,Reddit/r/Entrepreneur,"If your business can’t run without you, it’s not scalable","Hard truth I’ve been dealing with lately.  For the longest time, I was the bottleneck:  ●Every decision came to me  ●Every issue needed my input  ●Eve",https://reddit.com/r/Entrepreneur/comments/1s0p4m9/if_your_business_cant_run_without_you_its_not/,50,,ecommerce,50,
2026-03-22T18:21:57.739080,Reddit/r/microsaas,798 users in the first 3 weeks of launching my new SaaS🙏🏼🤯,"On March 1st I soft launched my first SaaS product, a monstrous and controlled AI meta ads manager that i have been building for the past 3 years and ",https://reddit.com/r/microsaas/comments/1s0rumy/798_users_in_the_first_3_weeks_of_launching_my/,49,A02|A09|D09,ai_tools,4,
2026-03-22T18:21:51.420444,Reddit/r/SideProject,"I got tired of all pregnancy apps ignoring dads, so I built my own. (Looking for feedback from you guys!)","Hey fellow developer, dads and dads-to-be! 👋  When my partner got pregnant, we downloaded a bunch of tracking apps. Every single one of them completel",https://reddit.com/r/SideProject/comments/1s0xkvn/i_got_tired_of_all_pregnancy_apps_ignoring_dads/,48,A01|A02,developer_tools,13,
2026-03-22T18:21:40.663452,GitHub,iflytek/astronclaw-tutorial,"[JavaScript] 从零到工作流，掌握 AstronClaw（云端）与 Loomy（桌面）的 AI 助手实战教程 | A complete tutorial to master AstronClaw (cloud AI) & Loomy (desktop AI) (156 stars, apache-2.0)",https://github.com/iflytek/astronclaw-tutorial,45,,open_source,156,
2026-03-22T18:21:49.997574,HackerNews,An open-source safety net for home hemodialysis,"Show HN: 45 points, 6 comments",https://safehemo.com/,45,,other,45,
2026-03-22T18:21:54.723623,Reddit/r/indiehackers,"18, no funding, we shipped. Contral is live.","we launched today.    6 months of building, two 18 year old engineering students from india,   zero funding, zero network.    Contral is an IDE that t",https://reddit.com/r/indiehackers/comments/1rzlp3d/18_no_funding_we_shipped_contral_is_live/,45,,ai_tools,30,
2026-03-22T18:21:54.723689,Reddit/r/indiehackers,Bootstrapping my startup literally at sea,"Hey everyone,  Thought I'd share what a typical 'work day' looks like right now. I'm out in the middle of the ocean on a boat running Starlink for int",https://reddit.com/r/indiehackers/comments/1rys0vg/bootstrapping_my_startup_literally_at_sea/,44,A01|A02,other,24,
2026-03-22T18:21:49.997664,HackerNews,Soros – AI for geopolitical macro investing,"Show HN: 26 points, 10 comments",https://www.asksoros.com,41,,ai_tools,26,
2026-03-22T18:22:00.699186,Reddit/r/Entrepreneur,How do people create such cheap costing products? How can you make a profit when the cost to create is so high?,"Hi there,  I was trying to create my own PCB with LED's and small MCU that lets you have different lighting effects with a motion sensor. Thing is, wh",https://reddit.com/r/Entrepreneur/comments/1s0710e/how_do_people_create_such_cheap_costing_products/,41,,ecommerce,41,
2026-03-22T18:21:54.723932,Reddit/r/indiehackers,Building in a vacuum is lonely. Let’s actually talk?,"Honestly, it’s kind of wild that we spend all day in these subs swapping links and feedback but we never actually *meet* the people behind the avatars",https://reddit.com/r/indiehackers/comments/1rw9uux/building_in_a_vacuum_is_lonely_lets_actually_talk/,40,A01|A02,design,20,
2026-03-22T18:21:54.723657,Reddit/r/indiehackers,Friday Share Fever 🕺 Let’s share your project!,"Mine is Beatable, to help you validate your project  [https://beatable.co/startup-validation](https://beatable.co/startup-validation)  What about you?",https://reddit.com/r/indiehackers/comments/1rysu19/friday_share_fever_lets_share_your_project/,39,,other,39,
2026-03-22T18:21:54.723720,Reddit/r/indiehackers,Dealing with users who creates a new account each time to use free trial,"Hi all,  I’m wondering about your experience with this topic. For your products, do you have users who clearly use your product but avoid paying for a",https://reddit.com/r/indiehackers/comments/1rxzlek/dealing_with_users_who_creates_a_new_account_each/,39,,ai_tools,24,
2026-03-22T18:21:40.663404,GitHub,kulikov0/whitelist-bypass,"[JavaScript]  (180 stars, unknown)",https://github.com/kulikov0/whitelist-bypass,38,,open_source,180,
2026-03-22T18:21:40.663660,GitHub,rullerzhou-afk/clawd-on-desk,"[JavaScript] A desktop pet that reacts to your Claude Code sessions in real-time — thinking, typing,  juggling, sleeping, and more. (89 stars, mit)",https://github.com/rullerzhou-afk/clawd-on-desk,38,OP_VIBE_PRODUCTS,open_source,89,
2026-03-22T18:21:40.663698,GitHub,WhatDreamsCost/WhatDreamsCost-ComfyUI,"[JavaScript] A variety of custom ComfyUI nodes and workflows (87 stars, gpl-3.0)",https://github.com/WhatDreamsCost/WhatDreamsCost-ComfyUI,38,S04|G05,open_source,87,
2026-03-22T18:21:49.997600,HackerNews,I fixed FFmpeg's subtitle conversion (the bug from 2014),"Show HN: 38 points, 8 comments",https://connollydavid.github.io/pgs-release/,38,,other,38,
2026-03-22T18:21:51.420730,Reddit/r/SideProject,"How I got 14,000 newsletter subscribers with exactly 1 post (and no domain name)","I have always had a passion for journalism, going all the way back to writing for my school paper. Eventually, I paired that with a Bachelor’s in Comp",https://reddit.com/r/SideProject/comments/1s0ypwl/how_i_got_14000_newsletter_subscribers_with/,37,C05|C12,ai_tools,2,
2026-03-22T18:21:57.739032,Reddit/r/microsaas,Built a waitlist for my startup idea in one day before I graduate. Genuinely don't know if it's good enough to build. Be,Final year. Graduating June. Been applying to grad jobs for months and honestly it's soul destroying.  So I gave myself a side mission — validate a re,https://reddit.com/r/microsaas/comments/1s0yfk1/built_a_waitlist_for_my_startup_idea_in_one_day/,37,A01|A02,ai_tools,2,
2026-03-22T18:22:00.699277,Reddit/r/Entrepreneur,"Seeking US based 3PL recs for a single SKU company for Kickstarter fulfillment. $65 msrp, approx 12”x6”x3” 1.8 lbs each.",For DTC. Thanks in advance everyone!,https://reddit.com/r/Entrepreneur/comments/1s002ox/seeking_us_based_3pl_recs_for_a_single_sku/,37,A01|A02,ai_tools,2,
2026-03-22T18:21:51.420602,Reddit/r/SideProject,Update: I improved my stained glass pattern tool with cuttability analysis,"Hey r/SideProject,  I shared this project here a few days ago : a tool to turn images into stained glass cutting patterns, and also posted it on r/Sta",https://reddit.com/r/SideProject/comments/1s0k2kb/update_i_improved_my_stained_glass_pattern_tool/,36,,ai_tools,21,
2026-03-22T18:21:51.420565,Reddit/r/SideProject,Guitar practice tool,I built a simple tool to loop sections of YouTube videos for guitar practice.  It makes it really quick to isolate riffs and slow them down — somethin,https://reddit.com/r/SideProject/comments/1s0y0g2/guitar_practice_tool/,34,C01|C05|C07,content,4,
2026-03-22T18:21:54.723844,Reddit/r/indiehackers,I built a tool that audits your app or website from recordings or screenshots,"While building products I kept hitting the same problem:  You know something in your product flow **feels off**, but it’s hard to pinpoint **what actu",https://reddit.com/r/indiehackers/comments/1rwzwci/i_built_a_tool_that_audits_your_app_or_website/,33,A01|A02,ecommerce,13,
2026-03-22T18:21:40.663542,GitHub,umbrellaDocumentation/Web-Data-Scraper,"[JavaScript] Web Data Scraper - no-code internet scraping. Extract and export to CSV, Excel, JSON, Google Sheets, and Webhook. (124 stars, unknown)",https://github.com/umbrellaDocumentation/Web-Data-Scraper,32,,open_source,124,
2026-03-22T18:21:40.663676,GitHub,stevibe/local-llm-video-captioning,"[JavaScript]  (88 stars, mit)",https://github.com/stevibe/local-llm-video-captioning,28,,open_source,88,
2026-03-22T18:21:40.663750,GitHub,daddysmokeloke/Steam-Quantum-Trader-2026,"[JavaScript] Steam Quantum Trader (2026) — High-Performance Inventory Monitor & Automated Trading Engine. Features Real-Time Price Tracking, Multi-Platform Skin Arbitrage, and Automated Trade-Offer Pr",https://github.com/daddysmokeloke/Steam-Quantum-Trader-2026,27,,open_source,78,
2026-03-22T18:21:49.997641,HackerNews,The Lottery of Life,"Show HN: 26 points, 31 comments",https://claude.ai/public/artifacts/a62c4bac-3c05-4443-9d0a-50a9bd3f9d8d,26,,other,26,
2026-03-22T18:21:57.739155,Reddit/r/microsaas,"We spent a year building our travel planning app, finally launched on the App Store, and growth has been slower than exp",Hey guys!   Wanted to share a bit of our journey and get some honest feedback from people who have been through this before.  We’ve been building a [c,https://reddit.com/r/microsaas/comments/1s0pzh7/we_spent_a_year_building_our_travel_planning_app/,24,A01|A02,ecommerce,4,
2026-03-22T18:22:00.699100,Reddit/r/Entrepreneur,"Crowdfunded $20K, shipped a top charting app, ran out of money before I could add a buy button. 5 years later I have 17K",I built a patented Apple Watch app that hit #3 in Education with 17K monthly users. I've never made real money from it. Looking for advice from anyone,https://reddit.com/r/Entrepreneur/comments/1s0yxr9/crowdfunded_20k_shipped_a_top_charting_app_ran/,22,A01|A02,design,2,
2026-03-22T18:21:51.420647,Reddit/r/SideProject,I built a daily puzzle game where the goal is to get from one Wikipedia page to another in as few clicks as possible.,"Each day there’s a new puzzle: you start on one Wikipedia page and reach another using only internal links. Everyone plays the same puzzle, with the g",https://reddit.com/r/SideProject/comments/1s0uhtf/i_built_a_daily_puzzle_game_where_the_goal_is_to/,21,,ai_tools,6,
2026-03-22T18:21:54.723756,Reddit/r/indiehackers,"Looking for builders who prefer ""critique"" over ""compliments""","I’m hosting a small, informal feedback session today at **5:00 PM CET**, and I have space for 2-3 more projects  The format is simple:  * **5-minute d",https://reddit.com/r/indiehackers/comments/1rxyeew/looking_for_builders_who_prefer_critique_over/,18,,design,18,
2026-03-22T18:21:57.739207,Reddit/r/microsaas,I built a cold outreach tool on AWS SES because I was tired of paying $30-40/month for GMass,"Most cold outreach tools are either overpriced, locked to Gmail, or both.    GMass is $30-40/month and forces you to send from a Google account. Insta",https://reddit.com/r/microsaas/comments/1s0v6tt/i_built_a_cold_outreach_tool_on_aws_ses_because_i/,17,,ai_tools,2,
2026-03-22T18:22:03.647089,Reddit/r/SaaS,Revenue: $40K/month. Take home: $6K/month.,Where it goes:  * Team salaries: $22K * Contractors: $4K * Infrastructure: $3K * Tools/software: $1.5K * Marketing: $2K * Legal/accounting: $1K * Misc,https://reddit.com/r/SaaS/comments/1s0r2e5/revenue_40kmonth_take_home_6kmonth/,14,,marketing,14,
2026-03-22T18:22:03.647268,Reddit/r/SaaS,"i built for 6 months before selling, finally tried to sell and realized i didnt even know what i was selling","and yeah, i know everyone says it. sell first. i still didnt.  i spent like half a year building this neat little b2b tool, clean ui, integrations, th",https://reddit.com/r/SaaS/comments/1s0u2js/i_built_for_6_months_before_selling_finally_tried/,4,,ecommerce,4,
2026-03-24T22:39:39.081436,GitHub,facebookresearch/HyperAgents,"[Python] Self-referential self-improving agents that can optimize for any computable task (648 stars, other)",https://github.com/facebookresearch/HyperAgents,100,D01|N02,open_source,648,
2026-03-24T22:39:41.572298,GitHub,eze-is/web-access,"[JavaScript] 给 Claude Code 装上完整联网能力的 skill：三层通道调度 + 浏览器 CDP + 并行分治 (1040 stars, unknown)",https://github.com/eze-is/web-access,100,OP_VIBE_PRODUCTS,open_source,1040,
2026-03-24T22:39:44.111516,GitHub,ayush-that/jiang-clips,"[TypeScript] Automated pipeline that converts long-form YouTube videos into viral-ready vertical clips (266 stars, unknown)",https://github.com/ayush-that/jiang-clips,100,OP_CLIP_SERVICE|C09|N26|C01|C05|C07,open_source,266,
2026-03-24T22:39:46.583219,GitHub,zarazhangrui/codebase-to-course,"[None] A Claude Code skill that turns any codebase into a beautiful, interactive single-page HTML course for non-technical vibe coders. (1122 stars, unknown)",https://github.com/zarazhangrui/codebase-to-course,100,OP_VIBE_PRODUCTS|D01|N02,open_source,1122,
2026-03-24T22:39:46.583242,GitHub,slavingia/skills,"[None] Claude Code skills based on The Minimalist Entrepreneur by Sahil Lavingia (1110 stars, unknown)",https://github.com/slavingia/skills,100,OP_VIBE_PRODUCTS,open_source,1110,
2026-03-24T22:39:50.316622,HackerNews,"Gemini can now natively embed video, so I built sub-second video search","Show HN: 264 points, 75 comments",https://github.com/ssrajadh/sentrysearch,100,,content,264,
2026-03-24T22:39:50.316636,HackerNews,I took back Video.js after 16 years and we rewrote it to be 88% smaller,"Show HN: 227 points, 33 comments",https://videojs.org/blog/videojs-v10-beta-hello-world-again,100,,content,227,
2026-03-24T22:39:50.316647,HackerNews,"Email.md – Markdown to responsive, email-safe HTML","Show HN: 225 points, 55 comments",https://www.emailmd.dev/,100,,ai_tools,225,
2026-03-24T22:39:50.316657,HackerNews,Cq – Stack Overflow for AI coding agents,"Show HN: 204 points, 91 comments",https://blog.mozilla.ai/cq-stack-overflow-for-agents/,100,OP_VIBE_PRODUCTS,ai_tools,204,
2026-03-24T22:39:50.316727,HackerNews,ProofShot – Give AI coding agents eyes to verify the UI they build,"Show HN: 124 points, 72 comments",https://github.com/AmElmo/proofshot,100,OP_VIBE_PRODUCTS,ai_tools,124,
2026-03-24T22:39:50.316770,HackerNews,Gridland: make terminal apps that also run in the browser,"Show HN: 73 points, 11 comments",https://www.gridland.io/,100,A01|A02,other,73,
2026-03-24T22:39:51.788214,Reddit/r/SideProject,I encoded the entirety of the laws of algebra into an app,"Hey everyone,  I’ve been working on a side project for a while - an iOS app called Mathapp.  I've always felt the best way to learn math is by 'playin",https://reddit.com/r/SideProject/comments/1s2b1u5/i_encoded_the_entirety_of_the_laws_of_algebra/,100,A01|A02,education,448,
2026-03-24T22:39:51.788275,Reddit/r/SideProject,"I built g2celebs.com, a multi-panel image/GIF scroller, because I have no self control",I kept spending more time finding and organizing content than actually looking at it. Every scroller I tried was either limited in what you could conf,https://reddit.com/r/SideProject/comments/1s27u9f/i_built_g2celebscom_a_multipanel_imagegif/,100,C01|C05|C07,content,105,
2026-03-24T22:40:03.599892,Reddit/r/SaaS,You're not building a SaaS. You're avoiding getting a job and calling it entrepreneurship.,I've built 30+ MVPs for founders. I can tell within 5 minutes of a call whether someone is actually building a business or just hiding from the job ma,https://reddit.com/r/SaaS/comments/1s2butb/youre_not_building_a_saas_youre_avoiding_getting/,100,A02|A09|D09,ai_tools,298,
2026-03-24T22:40:03.599945,Reddit/r/SaaS,We built a 3000-person SaaS community starting from a 16-person meetup in Zagreb - what 4 years of running events taught,"In November 2021 I booked a table at a bar in Zagreb and invited every SaaS person I could find in Croatia to come hang out. Sixteen people showed up,",https://reddit.com/r/SaaS/comments/1s2llia/we_built_a_3000person_saas_community_starting/,100,OP_COMMUNITY|M02|A02|A09|D09,saas,67,
2026-03-24T22:40:00.868627,Reddit/r/Entrepreneur,Guys.... FOCUS,"We live in a world that rewards being the best at one specific thing, yet most of you are trying to be ""average"" at ten different projects. In 2026, t",https://reddit.com/r/Entrepreneur/comments/1s2ba9h/guys_focus/,98,,other,88,
2026-03-24T22:39:58.176111,Reddit/r/microsaas,Built a platform that creates the entire SEO marketing plan on autopilot,"Hi everyone,  I built an agentic content engine for SaaS startups.  The core idea is simple:  Instead of generating content, [it](https://writealfa.co",https://reddit.com/r/microsaas/comments/1s2rnew/built_a_platform_that_creates_the_entire_seo/,93,C01|C05|C07|A02|A09|D09|C11|C13|S12,saas,3,
2026-03-24T22:40:00.868799,Reddit/r/Entrepreneur,How to Bounce Back After Failing as Both an Entrepreneur and Corporate Employee?,"I worked as a corporate employee back maybe 7-8 years ago, then decided to leave it to start several business ventures. During that time, my best busi",https://reddit.com/r/Entrepreneur/comments/1s24ryj/how_to_bounce_back_after_failing_as_both_an/,87,C01|C05|C07,ai_tools,42,
2026-03-24T22:39:44.111335,GitHub,vercel-labs/emulate,"[TypeScript] Local API emulation for CI and no-network sandboxes (495 stars, apache-2.0)",https://github.com/vercel-labs/emulate,79,,open_source,495,
2026-03-24T22:39:41.572313,GitHub,dashersw/gea,"[JavaScript]  (477 stars, mit)",https://github.com/dashersw/gea,77,,open_source,477,
2026-03-24T22:39:50.316886,HackerNews,Agent Kernel – Three Markdown files that make any AI agent stateful,"Show HN: 41 points, 19 comments",https://github.com/oguzbilgic/agent-kernel,76,OP_AGENT_CONSULT|S04,ai_tools,41,
2026-03-24T22:39:51.788244,Reddit/r/SideProject,Drop your project link. I'll write you a one-liner that actually sells it.,"I'm a professional salesperson. I'll look at your project and craft a phrase using real sales principles, the kind that makes people stop scrolling an",https://reddit.com/r/SideProject/comments/1s2nja9/drop_your_project_link_ill_write_you_a_oneliner/,76,,ecommerce,66,
2026-03-24T22:39:50.316794,HackerNews,Threadprocs – executables sharing one address space (0-copy pointers),"Show HN: 64 points, 43 comments",https://github.com/jer-irl/threadprocs,74,,other,64,
2026-03-24T22:39:48.998066,GitHub,joeseesun/markdown-proxy,"[AI] Fetch any URL as clean Markdown via proxy services (r.jina.ai / defuddle.md) or built-in scripts. Works with login-required pages like X/Twitter, WeCh (286 stars, mit)",https://github.com/joeseesun/markdown-proxy,73,,ai_tools,286,
2026-03-24T22:39:50.316804,HackerNews,"Codala, a social network built on scanning barcodes","Show HN: 62 points, 50 comments",https://play.google.com/store/apps/details?id=com.hsynkrkye.codala&hl=en,72,,content,62,
2026-03-24T22:39:50.316814,HackerNews,"The King Wen Permutation: [52, 10, 2]","Show HN: 62 points, 27 comments",https://gzw1987-bit.github.io/iching-math/,72,,other,62,
2026-03-24T22:39:48.998083,GitHub,samber/cc-skills-golang,"[AI] 🧑‍🎨 A collection of Golang agentic skills that works (248 stars, mit)",https://github.com/samber/cc-skills-golang,69,,ai_tools,248,
2026-03-24T22:39:39.081443,GitHub,GAIR-NLP/daVinci-MagiHuman,"[Python]  (480 stars, unknown)",https://github.com/GAIR-NLP/daVinci-MagiHuman,68,,open_source,480,
2026-03-24T22:40:00.868515,Reddit/r/Entrepreneur,"my saas has 2,500 users in latin america. here's what building for an 'unsexy' market actually looks like.","i'm originally from paraguay. if you don't know where that is, that's kind of the point of this post.  i work as a pm in the US. about a year and a ha",https://reddit.com/r/Entrepreneur/comments/1s2qk4e/my_saas_has_2500_users_in_latin_america_heres/,68,A02|A09|D09,saas,38,
2026-03-24T22:39:39.081464,GitHub,mshumer/unslop,"[Python]  (376 stars, mit)",https://github.com/mshumer/unslop,67,,open_source,376,
2026-03-24T22:39:44.111427,GitHub,creationix/rx,"[TypeScript] RX encoder, decoder, and CLI data tool (331 stars, mit)",https://github.com/creationix/rx,63,,open_source,331,
2026-03-24T22:39:55.304278,Reddit/r/indiehackers,How I got my 5 first users,"If you’re seeing visitors but not getting signups, or signups but no sales, your product might not be the problem. The real issue could be your landin",https://reddit.com/r/indiehackers/comments/1s1fp4n/how_i_got_my_5_first_users/,62,,ecommerce,52,
2026-03-24T22:40:03.600061,Reddit/r/SaaS,We tracked which of our SaaS client's keywords actually drove revenue vs. just traffic. The split was brutal,I run a bespoke SEO consultancy that works mostly with funded SaaS companies. We started doing something about a year ago that completely changed how ,https://reddit.com/r/SaaS/comments/1s2xxph/we_tracked_which_of_our_saas_clients_keywords/,62,A02|A09|D09|C11|C13|S12,saas,2,
2026-03-24T22:39:50.316914,HackerNews,"AI SDLC Scaffold, repo template for AI-assisted software development","Show HN: 26 points, 13 comments",https://github.com/pangon/ai-sdlc-scaffold/,61,D01|N02,ai_tools,26,
2026-03-24T22:39:50.316875,HackerNews,Littlebird – Screenreading is the missing link in AI,"Show HN: 45 points, 23 comments",https://littlebird.ai/,60,,ai_tools,45,
2026-03-24T22:39:39.081458,GitHub,bramcohen/manyana,"[Python]  (395 stars, unknown)",https://github.com/bramcohen/manyana,59,,open_source,395,
2026-03-24T22:39:44.111385,GitHub,K-Dense-AI/k-dense-byok,"[TypeScript] An AI co-scientist powered by Claude Scientific Skills running on your desktop. (376 stars, unknown)",https://github.com/K-Dense-AI/k-dense-byok,57,,open_source,376,
2026-03-24T22:39:51.788296,Reddit/r/SideProject,I built an AI tool that creates your entire job application package in 30 seconds,"Hey everyone. I'm Oskar, a software engineer in Stockholm. I just launched my first product publicly after years of building side projects and never r",https://reddit.com/r/SideProject/comments/1s2lsty/i_built_an_ai_tool_that_creates_your_entire_job/,57,A01|A02,ai_tools,22,
2026-03-24T22:40:03.600032,Reddit/r/SaaS,I think most SaaS startup advice online is wrong,Over the past year I’ve been reading a lot of startup advice online.     Launch fast.  Grow quickly.  Get as many users as possible.     But after act,https://reddit.com/r/SaaS/comments/1s2d3uq/i_think_most_saas_startup_advice_online_is_wrong/,56,A02|A09|D09,saas,26,
2026-03-24T22:40:00.868717,Reddit/r/Entrepreneur,"We built on OpenClaw 169 AI agents, 14 teams, 1 orchestrator to run entire business from start to scale as your ally. Wo","The internet is fully glorified for AI prompt templates, 5-minute setup and quick fixes. ""Just use this prompt."" ""Wrap GPT in a Slack bot."" ""Here's an",https://reddit.com/r/Entrepreneur/comments/1s2y678/we_built_on_openclaw_169_ai_agents_14_teams_1/,55,OP_AGENT_CONSULT|S04|D01|N02,ai_tools,0,
2026-03-24T22:39:44.111491,GitHub,apechurch/polymarket-arbitrage-trading-bot,"[TypeScript] polymarket arbitrage bot, polymarket arbitrage bot, polymarket arbitrage bot, polymarket arbitrage bot, polymarket arbitrage bot, polymarket arbitrage bot, polymarket arbitrage bot, polym",https://github.com/apechurch/polymarket-arbitrage-trading-bot,52,,open_source,322,
2026-03-24T22:39:58.175862,Reddit/r/microsaas,"I worked my day job until 7 PM, then coded this from 8 PM to 3 AM for 3 months. Today is day one, I have 0 users, and I'","Hey everyone,  I lurk on this sub constantly, but I’ve never actually posted anything I've built. Today I’m finally putting my project out into the wi",https://reddit.com/r/microsaas/comments/1s2e4g8/i_worked_my_day_job_until_7_pm_then_coded_this/,49,,design,49,
2026-03-24T22:40:03.599919,Reddit/r/SaaS,Enterprise came early,An enterprise prospect came through a referral six months into building and the conversation moved so fast that by the time we knew what we were deali,https://reddit.com/r/SaaS/comments/1s2oeyx/enterprise_came_early/,47,,productivity,47,
2026-03-24T22:39:51.788551,Reddit/r/SideProject,I built an iOS app to track the real cost of hobby projects,"I built this because I never knew what my hobby projects actually cost.  Between a NAS build, a Plex server, and home automation gear, I spent a lot l",https://reddit.com/r/SideProject/comments/1s2xeds/i_built_an_ios_app_to_track_the_real_cost_of/,42,A01|A02|S04|G05,design,2,
2026-03-24T22:39:41.572407,GitHub,pandaboost/PhantomTrending,"[JavaScript] Phantom Wallet Trending for your Solana token — Top 1-10 placement. From $1,200/6h. Instant delivery via PandaBoost API. (113 stars, mit)",https://github.com/pandaboost/PhantomTrending,41,,open_source,113,
2026-03-24T22:39:50.316904,HackerNews,AI Roundtable – Let 200 models debate your question,"Show HN: 26 points, 27 comments",https://opper.ai/ai-roundtable/,41,,ai_tools,26,
2026-03-24T22:39:41.572422,GitHub,pandaboost/PhantomChatTrending,"[JavaScript] Phantom Chat Trending for your Solana token — reach active traders in Phantom chat. From $500/6h. Instant delivery via PandaBoost API. (107 stars, mit)",https://github.com/pandaboost/PhantomChatTrending,40,,open_source,107,
2026-03-24T22:40:03.600091,Reddit/r/SaaS,"The complete no-code stack for solo founders 15 tools, most are free.",One of the biggest myths in no-code is that you need to pick one platform and go all-in. The founders shipping fastest use a modular stack best tool f,https://reddit.com/r/SaaS/comments/1s2goby/the_complete_nocode_stack_for_solo_founders_15/,34,A01|A02,ecommerce,14,
2026-03-24T22:39:41.572381,GitHub,htimesnine/DarkSword-RCE,"[JavaScript] DarkSword webkit exploit captured ITW (139 stars, unknown)",https://github.com/htimesnine/DarkSword-RCE,33,,open_source,139,
2026-03-24T22:40:03.600004,Reddit/r/SaaS,We just turned three. Revenue per employee is $127K. I'm told that's low. Feels fine from the inside.,Three full-time people including me. Combined revenue around $380K annually. Revenue per employee benchmarks for SaaS suggest $200K+ is where you shou,https://reddit.com/r/SaaS/comments/1s2y7fq/we_just_turned_three_revenue_per_employee_is_127k/,33,A02|A09|D09,saas,3,
2026-03-24T22:39:58.175991,Reddit/r/microsaas,"I built a micro SaaS that does almost nothing, and that’s why it works…",One thing I’ve learned building small products is that simplicity is way more valuable than most founders want to admit.  A lot of us default to think,https://reddit.com/r/microsaas/comments/1s2vz2b/i_built_a_micro_saas_that_does_almost_nothing_and/,32,A02|A09|D09,saas,2,
2026-03-24T22:39:51.788320,Reddit/r/SideProject,Our Omegle alternative called Vooz reached 40k daily users!,"Remember Omegle? It was fun, but so badly moderated. They shut down eventually due to too much perverts joining the platform. We made Vooz to revive O",https://reddit.com/r/SideProject/comments/1s2l2uo/our_omegle_alternative_called_vooz_reached_40k/,30,,ai_tools,15,
2026-03-24T22:39:51.788401,Reddit/r/SideProject,"I created an app that gamifies our bike rides (missions, XP, and ranking). I would love to receive your feedback!","Hey everyone!  I’m a cyclist and a dev, and I recently built an app called UpaonBike. The idea came to me while riding, just thinking about how to mak",https://reddit.com/r/SideProject/comments/1s2qpiq/i_created_an_app_that_gamifies_our_bike_rides/,25,A01|A02,design,5,
2026-03-24T22:39:55.304247,Reddit/r/indiehackers,anyone up for a quick speed networking call this week? (builders/founders only),"hey guys,  been grinding on my own project for a few weeks now and starting to feel like i’m living in a vacuum lol.  was thinking of putting together",https://reddit.com/r/indiehackers/comments/1s2etuu/anyone_up_for_a_quick_speed_networking_call_this/,20,,design,20,
2026-03-24T22:39:58.175910,Reddit/r/microsaas,I GOT MY FIRST REAL USERS 😭,52 people signed up  I know it’s not big  but it’s not 0 anymore  2 days ago it was just an idea  now people are actually interested  this changed eve,https://reddit.com/r/microsaas/comments/1s2hhg2/i_got_my_first_real_users/,20,,other,20,
2026-03-24T22:39:58.176018,Reddit/r/microsaas,"I built a simple tool, reached 430+ users and got 2 paid customers in 3 weeks (no ads)","3 weeks ago, I built a simple tool to solve a problem I personally faced.  Nothing fancy. No big launch. No ads.  Just a small idea.  I didn’t try to ",https://reddit.com/r/microsaas/comments/1s2nwl6/i_built_a_simple_tool_reached_430_users_and_got_2/,20,,ai_tools,5,
2026-03-24T22:39:58.176088,Reddit/r/microsaas,I stopped brainstorming business ideas. I started mining Reddit instead. Here's the 45-minute framework.,I built 3 startups from brainstormed ideas. All 3 failed.  So I stopped brainstorming and started mining Reddit for problems people already have. Here,https://reddit.com/r/microsaas/comments/1s2n3x1/i_stopped_brainstorming_business_ideas_i_started/,19,,ai_tools,4,
2026-03-24T22:39:51.788362,Reddit/r/SideProject,Google Analytics alternative that integrates with Stripe and shows revenue by traffic source automatically,I want to talk about the word automatically because I think it is doing a lot of work in how analytics tools describe their revenue features and most ,https://reddit.com/r/SideProject/comments/1s2fhi0/google_analytics_alternative_that_integrates_with/,17,,other,17,
2026-03-24T22:39:58.176043,Reddit/r/microsaas,Got 3 new trial customers after more than a month's gap,"Feels great, to see this graph after a month of no new paid customers. Every time I see a new customer, it renews motivation to continue working on im",https://reddit.com/r/microsaas/comments/1s2vm9w/got_3_new_trial_customers_after_more_than_a/,17,,ai_tools,2,
2026-03-24T22:39:58.176064,Reddit/r/microsaas,"PalettePoint, AI color palette Assistant","Hey everyone, I built PalettePoint ([palettepoint.com](https://palettepoint.com/)). You describe a mood or upload any image, and AI generates a color ",https://reddit.com/r/microsaas/comments/1s2veq8/palettepoint_ai_color_palette_assistant/,17,,ai_tools,2,
2026-03-24T22:40:03.599972,Reddit/r/SaaS,Best Stripe alternative for international payouts? Their fees are eating our margins,"We use Stripe for collecting payments and it's great. But for paying out our marketplace sellers internationally, the fees are brutal. 1% + $0.25 per ",https://reddit.com/r/SaaS/comments/1s2vcfr/best_stripe_alternative_for_international_payouts/,7,,ecommerce,7,
2026-03-24T22:39:58.175963,Reddit/r/microsaas,stop validating ideas by asking people. here's what actually predicts if someone will pay,"i built two full products based on people telling me ""yeah i'd totally pay for that."" combined revenue from both: $0.  surveys lie. your friends lie. ",https://reddit.com/r/microsaas/comments/1s2n6c8/stop_validating_ideas_by_asking_people_heres_what/,6,,ecommerce,6,
2026-03-24T22:39:51.788495,Reddit/r/SideProject,I built tinder for transactions,Swipe right if it was worth it. Swipe left if you regret it.  After a week you see the pattern. Turns out I was swiping left on like 40% of what I bou,https://reddit.com/r/SideProject/comments/1s2xvos/i_built_tinder_for_transactions/,2,,design,2,
2026-03-24T22:39:58.176126,Reddit/r/microsaas,FINALLY GOT ACTIVE USERS 😭,"Score: 2, Comments: 2",https://reddit.com/r/microsaas/comments/1s2u3cx/finally_got_active_users/,2,,other,2,
2026-03-25T13:28:21.780038,GitHub,HKUDS/OpenSpace,"[Python] ""OpenSpace: Make Your Agents: Smarter, Low-Cost, Self-Evolving"" -- Community: https://open-space.cloud/ (738 stars, mit)",https://github.com/HKUDS/OpenSpace,100,OP_COMMUNITY|M02,open_source,738,
2026-03-25T13:28:52.309314,HackerNews,DuckDB community extension for prefiltered HNSW using ACORN-1,"Show HN: 82 points, 5 comments",https://github.com/cigrainger/duckdb-hnsw-acorn,100,OP_COMMUNITY|M02,other,82,
2026-03-25T13:28:59.787880,Reddit/r/microsaas,Little app just hit 1.1 k in 31 days 🥺 Not a paid a penny on marketing," A 10% increase in 3 days, thanks all for support, Don’t sleep on your SEO.  Check out: https://www.ai-meets.com",https://reddit.com/r/microsaas/comments/1s2zsde/little_app_just_hit_11_k_in_31_days_not_a_paid_a/,100,A01|A02|C11|C13|S12,ai_tools,48,
2026-03-25T13:29:05.740951,Reddit/r/SaaS,"Honest numbers from a failed SaaS. 18 months. $3,200 peak MRR. Shutting down next week.","Launched eighteen months ago. Got to $3,200 MRR by month ten. Plateaued there. Then slowly declined to about $1,800 where it sits today. Shutting down",https://reddit.com/r/SaaS/comments/1s33lm3/honest_numbers_from_a_failed_saas_18_months_3200/,100,A02|A09|D09,ai_tools,123,
2026-03-25T13:29:05.741203,Reddit/r/SaaS,We emailed 50 churned customers offering to buy them coffee and talk about why they left. 11 said yes. Worth every dolla,"$55 in coffee gift cards. Eleven 20-minute conversations. No sales pitch. Just ""what happened and what could we have done differently."" Three themes e",https://reddit.com/r/SaaS/comments/1s2vs53/we_emailed_50_churned_customers_offering_to_buy/,100,A01|A02,ai_tools,85,
2026-03-25T13:29:05.741053,Reddit/r/SaaS,Landed my biggest high-ticket contract of the year because I was listening at 2 AM.,This happened a few days ago but I’m still sooooo stoked and want to share this win.   I’m in a high-ticket industry and the competitor companies basi,https://reddit.com/r/SaaS/comments/1s342b3/landed_my_biggest_highticket_contract_of_the_year/,93,A01|A02,other,63,
2026-03-25T13:29:05.740988,Reddit/r/SaaS,Stripe fee optimization saved us $340/month and took 2 hours of effort,"We process roughly $12,000 in subscription payments monthly through Stripe. Standard Stripe fee is 2.9% + $0.30 per transaction. On $12k that's about ",https://reddit.com/r/SaaS/comments/1s385sb/stripe_fee_optimization_saved_us_340month_and/,92,A02|A09|D09,saas,52,
2026-03-25T13:28:59.788138,Reddit/r/microsaas,What are you building? Let's self promote.,"I'll go first:  I built [Kwiklern](https://kwiklern.com/).  Market your SaaS product by turning it's URL into pieces of viral organic posts for X, Thr",https://reddit.com/r/microsaas/comments/1s30h8c/what_are_you_building_lets_self_promote/,82,D01|N02|A02|A09|D09,ai_tools,17,
2026-03-25T13:28:51.117819,GitHub,amitshekhariitbhu/ai-engineering-interview-questions,"[AI] Your Cheat Sheet for AI Engineering Interview – Questions and Answers. (331 stars, apache-2.0)",https://github.com/amitshekhariitbhu/ai-engineering-interview-questions,78,,ai_tools,331,
2026-03-25T13:28:51.117873,GitHub,openilink/openilink-hub,"[AI] 开源微信 Bot 管理平台 | Self-hosted WeChat Bot Management & Message Relay | WebSocket + Webhook + AI Auto-reply | Passkey Login | 7 Language SDKs (233 stars, mit)",https://github.com/openilink/openilink-hub,68,,ai_tools,233,
2026-03-25T13:29:05.741126,Reddit/r/SaaS,I finally snapped at Apollo and built the first ever tool to see leads that actually shows you data signals that matter ,I’m an SEO agency owner and i was spending 10 hours a week cleaning up stale CSVs and guessing who to pitch. Honestly i was tired of being a 'digital ,https://reddit.com/r/SaaS/comments/1s3a86x/i_finally_snapped_at_apollo_and_built_the_first/,68,A01|A02|C11|C13|S12,marketing,18,
2026-03-25T13:28:27.295920,GitHub,patoles/agent-flow,"[TypeScript] Real-time visualization of Claude Code agent orchestration — see your agents think, branch, and coordinate as they work. (276 stars, apache-2.0)",https://github.com/patoles/agent-flow,67,OP_VIBE_PRODUCTS,open_source,276,
2026-03-25T13:28:27.295995,GitHub,CN-Syndra/ClawLink,"[TypeScript] An AI Agent Social Network — Let your AI (Claw) talk to other people's AIs directly. Autonomous agent-to-agent communication, negotiation, and collaboration, with full owner control. (256",https://github.com/CN-Syndra/ClawLink,65,OP_AGENT_CONSULT|S04,open_source,256,
2026-03-25T13:28:21.780186,GitHub,bytedance-deerflow/deer-flow-installer,"[Python] 🦌 DeerFlow 2.0 installer - open-source SuperAgent harness that researches, codes, and creates. With the help of sandboxes, memories, tools, skills and subagents, it handles different levels o",https://github.com/bytedance-deerflow/deer-flow-installer,57,,open_source,277,
2026-03-25T13:29:02.478830,Reddit/r/Entrepreneur,"I Want to start a podcast. I’ve never done one before, so nay tips or advice","Hii all! I’m in the electronic hardware industry aand want to start a podcast. I’ve never done one before, so nay tips or advice from those familiar w",https://reddit.com/r/Entrepreneur/comments/1s34f8d/i_want_to_start_a_podcast_ive_never_done_one/,55,A01|A02|E02,other,25,
2026-03-25T13:28:59.787966,Reddit/r/microsaas,First Month Of My Website! Hit 250+ Users.,"I Built a Temp Mail Site, and SEO ranking is Working Well I guess  Website is [www.temp1mail.com](http://www.temp1mail.com)",https://reddit.com/r/microsaas/comments/1s37de9/first_month_of_my_website_hit_250_users/,54,C11|C13|S12,ai_tools,9,
2026-03-25T13:28:24.511078,GitHub,mauriceboe/NOMAD,"[JavaScript] A self-hosted travel/trip planner with real-time collaboration, interactive maps, PWA support, SSO, budgets, packing lists, and more. (138 stars, agpl-3.0)",https://github.com/mauriceboe/NOMAD,53,A01|A02,open_source,138,
2026-03-25T13:29:05.741162,Reddit/r/SaaS,Update: From $36K → $90K on AppSumo (Day 17),Sharing a quick update since my [last post](https://www.reddit.com/r/SaaS/comments/1s1esde/our_first_3_products_flopped_our_4th_just_crossed/?utm_sour,https://reddit.com/r/SaaS/comments/1s3c0xf/update_from_36k_90k_on_appsumo_day_17/,51,A01|A02|A09|D09,saas,11,
2026-03-25T13:28:53.805994,Reddit/r/SideProject,I built an AI agent that automates any task on your iPhone. Now it is open-source.,"# TLDR  We built Qalti, an AI agent that sees the iPhone screen and interacts with it like a human. Tap, swipe, scroll, type, etc. We built it for man",https://reddit.com/r/SideProject/comments/1s3ebzk/i_built_an_ai_agent_that_automates_any_task_on/,50,OP_AGENT_CONSULT|S04|G05,ai_tools,5,
2026-03-25T13:28:59.787930,Reddit/r/microsaas,I launched my SaaS 3 days ago and got 89 people on the waitlist.,"No ads, just organic.  I’m trying to figure out if this actually means anything.  Would you consider this validation, or is it too early to tell?",https://reddit.com/r/microsaas/comments/1s3clud/i_launched_my_saas_3_days_ago_and_got_89_people/,50,A02|A09|D09,ai_tools,5,
2026-03-25T13:28:53.805849,Reddit/r/SideProject,How I'm Building Toward 200K ARR by Cloning Apps,"I see so many people on this sub stressing over finding a ""unique"" idea. Honestly, you’re overthinking it. The easiest way to make m0ney is just cloni",https://reddit.com/r/SideProject/comments/1s3a13f/how_im_building_toward_200k_arr_by_cloning_apps/,49,A01|A02,design,29,
2026-03-25T13:28:21.780131,GitHub,openyak/desktop,"[Python] Yak is all you need (283 stars, agpl-3.0)",https://github.com/openyak/desktop,48,,open_source,283,
2026-03-25T13:28:53.806832,Reddit/r/SideProject,I’ll generate programmatic SEO pages that target real Google keywords for your site,"For the past **3 years I've been working in SEO**, mostly experimenting and building small tools around it.  To be honest - **almost everything I buil",https://reddit.com/r/SideProject/comments/1s3fji5/ill_generate_programmatic_seo_pages_that_target/,48,C11|C13|S12,ai_tools,3,
2026-03-25T13:28:27.295953,GitHub,vansh-nagar/ascii-studio,"[TypeScript] Turn Videos into ASCII Frames - real ascii frames (character-based frames that run smoothly in sequence) (274 stars, unknown)",https://github.com/vansh-nagar/ascii-studio,47,,open_source,274,
2026-03-25T13:29:02.478995,Reddit/r/Entrepreneur,Is problem-solving still a viable way to earn?,"Everything I see around me is full of problem-solving gurus: millions of pieces of advices on what to eat, what not to eat, how to sleep and wake up. ",https://reddit.com/r/Entrepreneur/comments/1s2w37v/is_problemsolving_still_a_viable_way_to_earn/,47,,ai_tools,32,
2026-03-25T13:28:21.780209,GitHub,aaronjmars/MiroShark,"[Python] Universal Swarm Intelligence Engine (265 stars, agpl-3.0)",https://github.com/aaronjmars/MiroShark,46,,open_source,265,
2026-03-25T13:28:52.309912,HackerNews,I ran a language model on a PS2,"Show HN: 39 points, 12 comments",https://github.com/xaskasdf/ps2-llm,39,,other,39,
2026-03-25T13:28:53.805919,Reddit/r/SideProject,"After 10 months of consistent work and 2.02k users, I am proud to announce Cram and Conquer version 1.0!!!",It introduces:  * Flashcards * Cats * Detailed Progress Tracking * Extremely customisable interface     Link -&gt; [https://www.cramandconquer.com/](h,https://reddit.com/r/SideProject/comments/1s377fv/after_10_months_of_consistent_work_and_202k_users/,35,,ai_tools,20,
2026-03-25T13:28:59.787823,Reddit/r/microsaas,How I'm Building Toward $200K ARR by Cloning Apps,"I see so many people on this sub stressing over finding a ""unique"" idea. Honestly, you’re overthinking it. The easiest way to make money is just cloni",https://reddit.com/r/microsaas/comments/1s3a4sr/how_im_building_toward_200k_arr_by_cloning_apps/,32,A01|A02,design,12,
2026-03-25T13:28:24.511303,GitHub,npc-live/clawfirm,"[JavaScript]  (104 stars, unknown)",https://github.com/npc-live/clawfirm,30,,open_source,104,
2026-03-25T13:28:24.511327,GitHub,jasonmayes/VectorSearch.js,"[JavaScript] Client side vector search using EmbeddingGemma with Web AI (LiteRT.js, TensorFlow.js, and Transformers.js) (89 stars, apache-2.0)",https://github.com/jasonmayes/VectorSearch.js,28,,open_source,89,
2026-03-25T13:28:53.805887,Reddit/r/SideProject,I built a simple app to stop myself from losing touch with people,Hey everyone!  I just launched a small app called **KeepMeClose** and wanted to share it here.  The idea came from something I kept noticing in my own,https://reddit.com/r/SideProject/comments/1s3fe0n/i_built_a_simple_app_to_stop_myself_from_losing/,28,A01|A02,design,8,
2026-03-25T13:28:52.309978,HackerNews,"Time Keep – Location timezones, timers, alarms, countdowns in one place","Show HN: 26 points, 8 comments",https://news.ycombinator.com/item?id=47445433,26,,productivity,26,
2026-03-25T13:28:53.806673,Reddit/r/SideProject,I built a tool to estimate whether grad school is financially worth it,I kept running into the same issue when thinking about grad school:  most calculators ignore opportunity cost and assume average outcomes.  So I built,https://reddit.com/r/SideProject/comments/1s3a062/i_built_a_tool_to_estimate_whether_grad_school_is/,7,,design,7,
2026-03-25T13:28:53.805964,Reddit/r/SideProject,"I built a database of 38,000+ used car weaknesses covering 987 models and 5,335 engines","Hey everyone,  I've been working on a side project for the German used car market: [guteautoschlechteauto.de](http://guteautoschlechteauto.de) (transl",https://reddit.com/r/SideProject/comments/1s3ex09/i_built_a_database_of_38000_used_car_weaknesses/,5,,design,5,
2026-03-25T13:28:59.788074,Reddit/r/microsaas,"After wasting way too many hours manually hunting for business leads, I decided to build my own solution.","Hey,  I got tired of hunting for leads and potential clients, so I built [DGE Innovations](https://dgeinnovations.com).   Would love honest feedback f",https://reddit.com/r/microsaas/comments/1s3ft0z/after_wasting_way_too_many_hours_manually_hunting/,2,,marketing,2,
2026-03-25T13:36:33.890884,GitHub,ghostty-org/ghostling,"[C] A minimum viable terminal emulator built on top of the libghostty C API. Ex minimo, infinita nascuntur. 👻🐣 (823 stars, mit)",https://github.com/ghostty-org/ghostling,100,,open_source,823,
2026-03-25T13:36:37.778114,HackerNews,FPGA soft-core of the Saab Viggen's 1963 airborne computer,"Show HN: 22 points, 8 comments",https://github.com/FormerLab/ck37-core,37,,ai_tools,22,
2026-03-25T13:36:39.099075,Reddit/r/SideProject,"Built a remote job site focused only on high-quality, vetted listings","Most remote job boards are full of low-quality or scammy listings, so I built my own. It only includes high-paying roles from vetted companies. No sig",https://reddit.com/r/SideProject/comments/1s3f0r4/built_a_remote_job_site_focused_only_on/,4,,design,4,
2026-03-26T05:00:21.850393,GitHub,opa334/darksword-kexploit,"[Objective-C] iOS <=26.0.1 DarkSword Kernel Exploit reimplemented in Objective-C (810 stars, unknown)",https://github.com/opa334/darksword-kexploit,100,,open_source,810,
2026-03-26T05:00:24.485708,GitHub,CoderLuii/HolyClaude,"[AI] AI coding workstation: Claude Code + web UI + 5 AI CLIs + headless browser + 50+ tools (546 stars, mit)",https://github.com/CoderLuii/HolyClaude,100,OP_VIBE_PRODUCTS,ai_tools,546,
2026-03-26T05:00:25.913916,HackerNews,A plain-text cognitive architecture for Claude Code,"Show HN: 92 points, 26 comments",https://lab.puga.com.br/cog/,100,OP_VIBE_PRODUCTS,ai_tools,92,
2026-03-26T05:00:49.662118,Reddit/r/SaaS,"Built our SaaS on AWS. Monthly bill: $2,400. Moved to Hetzner. Monthly bill: $180.",The capabilities we actually use don't require AWS. We're not using Lambda or SQS or DynamoDB or any of the services that justify AWS pricing. We're r,https://reddit.com/r/SaaS/comments/1s3wch7/built_our_saas_on_aws_monthly_bill_2400_moved_to/,100,A01|A02|A09|D09,saas,71,
2026-03-26T05:00:49.662241,Reddit/r/SaaS,"I manually clicked ""cancel subscription"" on 800+ SaaS products. The way some of you handle churn is embarrassing.",I didn't set out to audit the SaaS industry. I spent the last few months building a consumer app that automatically tracks and cancels forgotten subsc,https://reddit.com/r/SaaS/comments/1s3k9tg/i_manually_clicked_cancel_subscription_on_800/,100,A01|A02|A09|D09,saas,67,
2026-03-26T05:00:41.240887,Reddit/r/microsaas,Launched my first micro SaaS while working a 9–5… what now,Just launched [GetPaidly](http://getpaidly.app) to fix messy Instagram DM orders (turns them into proper payment + confirmation flow).  Been so busy w,https://reddit.com/r/microsaas/comments/1s3wgz1/launched_my_first_micro_saas_while_working_a_95/,88,C01|C05|C07|A01|A02|A09|D09,ai_tools,3,
2026-03-26T05:00:25.914168,HackerNews,Optio – Orchestrate AI coding agents in K8s to go from ticket to PR,"Show HN: 50 points, 28 comments",https://github.com/jonwiggins/optio,75,OP_VIBE_PRODUCTS,ai_tools,50,
2026-03-26T05:00:24.485851,GitHub,ryanstephen/lil-agents,"[AI] tiny AI companions that live on your macOS dock (280 stars, mit)",https://github.com/ryanstephen/lil-agents,73,,ai_tools,280,
2026-03-26T05:00:49.662167,Reddit/r/SaaS,UserGems alternative that won't cost $30k+?,"I'm a founder of a mid size B2B SaaS. We have a decent number of past users, churned trials, and closed lost deals sitting in our CRM. I want to know ",https://reddit.com/r/SaaS/comments/1s3z1z1/usergems_alternative_that_wont_cost_30k/,73,A02|A09|D09,saas,43,
2026-03-26T05:00:19.226461,GitHub,Shudesu/line-harness-oss,"[TypeScript] Open-source LINE Official Account CRM — free alternative to paid tools. Step delivery, broadcasts, forms, rich menus, scoring, automation, and more. (227 stars, mit)",https://github.com/Shudesu/line-harness-oss,72,S04|G05,open_source,227,
2026-03-26T05:00:19.226478,GitHub,formulahendry/wechat-acp,"[TypeScript] Bridge WeChat chat messages to any ACP-compatible AI agent (223 stars, mit)",https://github.com/formulahendry/wechat-acp,72,OP_AGENT_CONSULT|S04,open_source,223,
2026-03-26T05:00:24.485874,GitHub,oguzbilgic/agent-kernel,"[AI] Minimal kernel to make any AI coding agent stateful. Clone, point your agent, go. (253 stars, unknown)",https://github.com/oguzbilgic/agent-kernel,70,OP_VIBE_PRODUCTS,ai_tools,253,
2026-03-26T05:00:24.485942,GitHub,verialabs/ctf-agent,"[AI] Autonomous CTF solver that races multiple AI models in parallel. 1st place BSidesSF 2026. (244 stars, mit)",https://github.com/verialabs/ctf-agent,69,,ai_tools,244,
2026-03-26T05:00:16.511474,GitHub,SeifBenayed/claude-code-sdk,"[JavaScript] Open-source Claude Code SDK — single-file CLIs in Node.js, Python, Go, Rust that use your Pro/Max subscription directly. No binary dependency. (76 stars, mit)",https://github.com/SeifBenayed/claude-code-sdk,67,OP_VIBE_PRODUCTS|A02|A09|D09,open_source,76,
2026-03-26T05:00:24.485830,GitHub,alvinunreal/awesome-opensource-ai,"[AI] Curated list of the best truly open-source AI projects, models, tools, and infrastructure. (320 stars, other)",https://github.com/alvinunreal/awesome-opensource-ai,67,,ai_tools,320,
2026-03-26T05:00:13.869830,GitHub,AAAAAAAJ/slides,"[Python] slides generates prompts for various expression styles (284 stars, mit)",https://github.com/AAAAAAAJ/slides,58,,open_source,284,
2026-03-26T05:00:41.240827,Reddit/r/microsaas,"If your SaaS is doing upto $500 per month, drop your the link below.",I might share it in my newsletter. ,https://reddit.com/r/microsaas/comments/1s3tzvw/if_your_saas_is_doing_upto_500_per_month_drop/,56,A02|A09|D09|C05|C12,saas,6,
2026-03-26T05:00:45.909545,Reddit/r/Entrepreneur,Why is everyone building the same thing?,I've been seeing a lot of posts by people building the exact same thing here.  A tool that analyses subreddits to surface pain points your customers a,https://reddit.com/r/Entrepreneur/comments/1s3rvbw/why_is_everyone_building_the_same_thing/,55,,ai_tools,40,
2026-03-26T05:00:25.915484,HackerNews,Robust LLM Extractor for Websites in TypeScript,"Show HN: 37 points, 21 comments",https://github.com/lightfeed/extractor,52,,ai_tools,37,
2026-03-26T05:00:45.909603,Reddit/r/Entrepreneur,how do you deal with regret?,"i sold my last startup for a semi-retirement amount while being from a 3rd world country 3 years ago. during this time, a more experienced older found",https://reddit.com/r/Entrepreneur/comments/1s3ji91/how_do_you_deal_with_regret/,49,,productivity,49,
2026-03-26T05:00:16.511456,GitHub,mrdoob/Starter-Kit-Racing,"[JavaScript] Basic template for a racing game. (78 stars, mit)",https://github.com/mrdoob/Starter-Kit-Racing,47,D01|N02,open_source,78,
2026-03-26T05:00:13.869873,GitHub,epiral/weixin-bot,"[Python] WeChat iLink Bot SDK for Node.js and Python — zero-config agent integration (258 stars, unknown)",https://github.com/epiral/weixin-bot,45,,open_source,258,
2026-03-26T05:00:25.914603,HackerNews,I built a site that maps the web from a bounty hunter's perspective,"Show HN: 44 points, 7 comments",https://www.neobotnet.com/,44,,design,44,
2026-03-26T05:00:19.226469,GitHub,elder-plinius/G0DM0D3,"[TypeScript] LIBERATED AI CHAT (225 stars, agpl-3.0)",https://github.com/elder-plinius/G0DM0D3,42,,open_source,225,
2026-03-26T05:00:41.240778,Reddit/r/microsaas,What are you building this week? Lets Self Promote,"We were tired of apps requiring accounts—email, phone number, personal info. So we built StealthOS with no sign-up, no login, no account. Download and",https://reddit.com/r/microsaas/comments/1s4021o/what_are_you_building_this_week_lets_self_promote/,39,A01|A02,ai_tools,4,
2026-03-26T05:00:41.241011,Reddit/r/microsaas,I built a WhatsApp bot that books doctor appointments in a small Indian town. No app downloads needed.,"I'm from Deoghar, a small city in Jharkhand. Finding a doctor here = calling clinics that don't pick up, or showing up and waiting 2 hours. Nobody dow",https://reddit.com/r/microsaas/comments/1s41nkp/i_built_a_whatsapp_bot_that_books_doctor/,36,A01|A02,ai_tools,1,
2026-03-26T05:00:25.915520,HackerNews,"Yoink – Spotify to lossless with full metadata, self-hostable, ad-free","Show HN: 33 points, 20 comments",https://yoinkify.com,33,,other,33,
2026-03-26T05:00:45.909576,Reddit/r/Entrepreneur,Developer here + $5k investor ready. What simple business would you build first?,"I'm a developer, and I have someone willing to put in $5k to get something off the ground.  The catch: he's not looking for a moonshot or some complic",https://reddit.com/r/Entrepreneur/comments/1s3zbwl/developer_here_5k_investor_ready_what_simple/,27,,developer_tools,12,
2026-03-26T05:00:45.909630,Reddit/r/Entrepreneur,Launched 12 months ago to crickets. Reflections of Year 1.,Just over a year ago i started a service business from scratch in the travel industry. I was bringing new products to the local market which meant i h,https://reddit.com/r/Entrepreneur/comments/1s3pjvt/launched_12_months_ago_to_crickets_reflections_of/,27,,ecommerce,27,
2026-03-26T05:00:45.909787,Reddit/r/Entrepreneur,I have no idea what to do. (Rant),"I want to (and need to) start a business. I have been wanting this for a long time. Things always got in the way, and when I did start product develop",https://reddit.com/r/Entrepreneur/comments/1s3dxjh/i_have_no_idea_what_to_do_rant/,25,,ecommerce,25,
2026-03-26T05:00:45.909749,Reddit/r/Entrepreneur,"To get into something you can stick to and be consistent with, you have to know what you ACTUALLY like and what you ACTU","We see all of these opportunities to make money, yet so many of us end up giving up or stopping because we were never passionate about it to begin wit",https://reddit.com/r/Entrepreneur/comments/1s3i164/to_get_into_something_you_can_stick_to_and_be/,22,,other,22,
2026-03-26T05:00:45.909662,Reddit/r/Entrepreneur,Starbucks doesn't avoid Dunkin'. They open right next to them on purpose.,Starbucks doesn't avoid Dunkin'. They open right next to them on purpose.  Started noticing this after looking at coffee shop locations in Boston. The,https://reddit.com/r/Entrepreneur/comments/1s3lrb2/starbucks_doesnt_avoid_dunkin_they_open_right/,20,,ecommerce,20,
2026-03-26T05:00:16.511418,GitHub,ghh-jb/DarkSword,"[JavaScript] DarkSword exploit chain dump. (84 stars, unknown)",https://github.com/ghh-jb/DarkSword,18,,open_source,84,
2026-03-26T05:00:49.662387,Reddit/r/SaaS,Stripe mistake that cost us our yearly plan revenue,"We launched our product with monthly and yearly plans on Stripe. Standard.      Turns out I misunderstood how Stripe pricing works, I set the yearly p",https://reddit.com/r/SaaS/comments/1s3oooq/stripe_mistake_that_cost_us_our_yearly_plan/,18,,ecommerce,18,
2026-03-26T05:00:41.240967,Reddit/r/microsaas,NextGen Tools News Feed Update: Centralized AI Product Update Links from Leading Platforms,NextGen Tools has launched a centralized tech news feed designed to simplify product update discovery across the artificial intelligence ecosystem. In,https://reddit.com/r/microsaas/comments/1s41nkx/nextgen_tools_news_feed_update_centralized_ai/,16,,ai_tools,1,
2026-03-26T05:00:49.662309,Reddit/r/SaaS,Our free users generate 70% of our word-of-mouth referrals. Can't monetize them. Can't afford to lose them.,"We have about 3,000 free users and 280 paying customers. The free users convert at under 2% which looks terrible in isolation. But when I track how pa",https://reddit.com/r/SaaS/comments/1s40x03/our_free_users_generate_70_of_our_wordofmouth/,4,,other,4,
2026-03-27T05:00:13.852110,GitHub,walter-grace/mac-code,"[Python] mac code — Claude Code, but it runs on your Mac for free.   35B AI agent at 30 tok/s via Apple Silicon flash-paging. $0/month.  (403 stars, unknown)",https://github.com/walter-grace/mac-code,100,OP_AGENT_CONSULT|S04|OP_VIBE_PRODUCTS|A01|A02,open_source,403,
2026-03-27T05:00:13.852134,GitHub,oaker-io/wewrite,"[Python] 公众号文章全流程 AI Skill for Claude Code — 热点抓取 → 选题 → 写作 → SEO → 视觉AI → 排版 → 微信草稿箱 (374 stars, mit)",https://github.com/oaker-io/wewrite,100,OP_VIBE_PRODUCTS|C11|C13|S12,open_source,374,
2026-03-27T05:00:16.535930,GitHub,magnum6actual/flipoff,"[JavaScript] Free split-flap display emulator for any TV. The classic flip-board look, without the $3,500 hardware. (804 stars, unknown)",https://github.com/magnum6actual/flipoff,100,,open_source,804,
2026-03-27T05:00:21.812199,GitHub,mnfst/awesome-free-llm-apis,"[None] Permanent Free LLM API List (API Keys) 😎🔑 (869 stars, cc0-1.0)",https://github.com/mnfst/awesome-free-llm-apis,100,,open_source,869,
2026-03-27T05:00:25.925915,HackerNews,I put an AI agent on a $7/month VPS with IRC as its transport layer,"Show HN: 229 points, 71 comments",https://georgelarson.me/writing/2026-03-23-nullclaw-doorman/,100,OP_AGENT_CONSULT|S04,ai_tools,229,
2026-03-27T05:00:25.926186,HackerNews,Turbolite – a SQLite VFS serving sub-250ms cold JOIN queries from S3,"Show HN: 139 points, 38 comments",https://github.com/russellromney/turbolite,100,,other,139,
2026-03-27T05:00:28.095299,Reddit/r/SideProject,I built an alternative to vestaboard that turns any TV into a digital split-flap display,"\&gt; project any quotes / weather / data    \&gt; no subscription, one time fee $199   \&gt; sending a free TV to the first customer.   would love fe",https://reddit.com/r/SideProject/comments/1s44uxo/i_built_an_alternative_to_vestaboard_that_turns/,100,A02|A09|D09,saas,194,
2026-03-27T05:00:28.095333,Reddit/r/SideProject,finDOS 98 — I built the Bloomberg Terminal I couldn't afford.,"A Bloomberg Terminal costs $24,000/year. I’m not paying that.  So I built my own — and because I grew up on this stuff, I wrapped it in a full Windows",https://reddit.com/r/SideProject/comments/1s48h2a/findos_98_i_built_the_bloomberg_terminal_i/,100,A01|A02,design,116,
2026-03-27T05:00:28.095363,Reddit/r/SideProject,I was losing users in india and brazil and couldn't explain why. then i tested on a cheap phone.,my retention numbers in those markets were bad in the way that's easy to ignore. the retentions were sitting 40% lower than my US numbers.       not a,https://reddit.com/r/SideProject/comments/1s48xlw/i_was_losing_users_in_india_and_brazil_and/,100,,ai_tools,103,
2026-03-27T05:00:36.074683,Reddit/r/microsaas,"Solo SaaS reached $25K MRR, 100% inbound, and mostly runs itself","My solo SaaS, [https://conductor.is](https://conductor.is), which largely runs itself at this point, finally hit $25K MRR! 100% from of inbound custom",https://reddit.com/r/microsaas/comments/1s4lpbi/solo_saas_reached_25k_mrr_100_inbound_and_mostly/,100,A02|A09|D09,saas,83,
2026-03-27T05:00:40.376648,Reddit/r/Entrepreneur,"""I'm a 26 y/o college dropout who founded Bay Smokes, $100+ million revenue e-comm brand, AMA""","Will Goodall here, founder of [Bay Smokes](https://baysmokes.com/), the most popular THCa brand. I’m 27 years old and have spent the last seven years ",https://reddit.com/r/Entrepreneur/comments/1s4ec6q/im_a_26_yo_college_dropout_who_founded_bay_smokes/,100,,ecommerce,112,
2026-03-27T05:00:43.996977,Reddit/r/SaaS,I made an app that moans when you slap your MacBook. It made $5K in 3 days.,Last week I posted a reel on IG (@tonnozfpv) reviewing a GitHub repo that make sounds when you slap your MacBook. And... It went viral.    Comments we,https://reddit.com/r/SaaS/comments/1s41iv8/i_made_an_app_that_moans_when_you_slap_your/,100,A01|A02,other,714,
2026-03-27T05:00:43.997186,Reddit/r/SaaS,We have exactly one investor. She put in $25K three years ago. Best money we ever took.,"Not because $25K changed our financial position dramatically. Because it came with a person who's been through three exits, understands our market dee",https://reddit.com/r/SaaS/comments/1s4briu/we_have_exactly_one_investor_she_put_in_25k_three/,100,,other,106,
2026-03-27T05:00:24.268957,GitHub,realkimbarrett/advertising-skills,"[AI] Advertising Skills for Open Claw, Claude Code & AI agents. Direct response, paid ads, funnels, and copy systems. (337 stars, unknown)",https://github.com/realkimbarrett/advertising-skills,98,OP_AGENT_CONSULT|S04|OP_VIBE_PRODUCTS,ai_tools,337,
2026-03-27T05:00:13.852045,GitHub,jxnxts/mcp-brasil,"[Python] MCP Server para 27 APIs públicas brasileiras (428 stars, mit)",https://github.com/jxnxts/mcp-brasil,92,OP_MCP|D12,open_source,428,
2026-03-27T05:00:25.926463,HackerNews,Robust LLM extractor for websites in TypeScript,"Show HN: 67 points, 46 comments",https://github.com/lightfeed/extractor,92,,ai_tools,67,
2026-03-27T05:00:25.926439,HackerNews,"Veil – Dark mode PDFs without destroying images, runs in the browser","Show HN: 75 points, 12 comments",https://veil.simoneamico.com/,85,,other,75,
2026-03-27T05:00:25.926533,HackerNews,Fio: 3D World editor/game engine – inspired by Radiant and Hammer,"Show HN: 66 points, 6 comments",https://github.com/ViciousSquid/Fio,76,,other,66,
2026-03-27T05:00:16.535951,GitHub,NomaDamas/k-skill,"[JavaScript] 한국인을 위한 스킬 모음집 - SRT, KTX, KBO, 카카오톡, 쿠팡, 다나와, 네이버 스토어, 당근, 한글과 컴퓨터 등등... (402 stars, mit)",https://github.com/NomaDamas/k-skill,70,,open_source,402,
2026-03-27T05:00:16.536060,GitHub,komunite/tezgah,"[JavaScript] Claude Code ile production-ready SaaS kurun — Solopreneur'ler için skill seti (75 stars, mit)",https://github.com/komunite/tezgah,67,OP_VIBE_PRODUCTS|A02|A09|D09,open_source,75,
2026-03-27T05:00:43.997014,Reddit/r/SaaS,"Got my first users, after being stuck on 0 users for a month",Finally !!  I got few users for my website after being stuck on 0 users for almost a month now  Most came through Reddit  My saas is a custom chatbot ,https://reddit.com/r/SaaS/comments/1s4rvr1/got_my_first_users_after_being_stuck_on_0_users/,65,A02|A09|D09,ai_tools,20,
2026-03-27T05:00:19.100142,GitHub,est-labs/polymarket-arbitrage-bot,[TypeScript] polymarket arbitrage trading bot polymarket arbitrage trading bot polymarket arbitrage trading bot polymarket arbitrage trading bot polymarket arbitrage trading bot polymarket arbitrage t,https://github.com/est-labs/polymarket-arbitrage-bot,64,A11|I01,open_source,248,
2026-03-27T05:00:32.371591,Reddit/r/indiehackers,Building product alternatives for solopreneurs ?,"What do you think of product alternative but just for solopreneurs, freelances or very small teams ?      Competing with massive app with tons of feat",https://reddit.com/r/indiehackers/comments/1s3htak/building_product_alternatives_for_solopreneurs/,64,S01|S18|A01|A02,ecommerce,24,
2026-03-27T05:00:13.852176,GitHub,TheTom/turboquant_plus,"[Python]  (325 stars, apache-2.0)",https://github.com/TheTom/turboquant_plus,62,,open_source,325,
2026-03-27T05:00:36.075004,Reddit/r/microsaas,"I built a WhatsApp-based doctor appointment system (no app needed), would this work as a Micro SaaS?","I recently built a small project using n8n that lets patients book doctor appointments directly through WhatsApp... no app, no website, just a simple ",https://reddit.com/r/microsaas/comments/1s4ysev/i_built_a_whatsappbased_doctor_appointment_system/,61,A01|A02|A09|D09|S04|G05,saas,1,
2026-03-27T05:00:19.100008,GitHub,Michaelliv/markit,"[TypeScript] 🖍️ Convert anything to markdown. Mark it. (305 stars, mit)",https://github.com/Michaelliv/markit,60,,open_source,305,
2026-03-27T05:00:43.997291,Reddit/r/SaaS,I Got My First User...Kinda,I launched my first app today and shared it across a few subreddits and did some basic SEO.  A few hours later I checked my backend logs and saw that ,https://reddit.com/r/SaaS/comments/1s4s1yd/i_got_my_first_userkinda/,58,A01|A02|C11|C13|S12,marketing,8,
2026-03-27T05:00:13.852161,GitHub,tonbistudio/turboquant-pytorch,"[Python] From-scratch PyTorch implementation of Google's TurboQuant (ICLR 2026) for LLM KV cache compression. 5x compression at 3-bit with 99.5% attention fidelity. (367 stars, unknown)",https://github.com/tonbistudio/turboquant-pytorch,56,,open_source,367,
2026-03-27T05:00:28.095420,Reddit/r/SideProject,27 signups in 7 days (0 ads). My 'Social-First' strategy for early traction.,"I launched my SaaS last week and honestly, I didn't expect to hit double-digit signups so fast. I got **27 signups in 7 days** with $0 spent on paid a",https://reddit.com/r/SideProject/comments/1s4up1x/27_signups_in_7_days_0_ads_my_socialfirst/,50,A02|A09|D09,ai_tools,5,
2026-03-27T05:00:40.376718,Reddit/r/Entrepreneur,Best business books for a solo founder?,Looking to expand my business knowledge while I’m building my business. Right now I’m running everything solo so I want to make sure I’m prepared for ,https://reddit.com/r/Entrepreneur/comments/1s45gxx/best_business_books_for_a_solo_founder/,49,,design,49,
2026-03-27T05:00:32.371557,Reddit/r/indiehackers,Just launched my AI app on Product Hunt after building it solo - would love honest feedback,"Hey everyone,  I just launched my app **DanceMe** on Product Hunt today:   [https://www.producthunt.com/products/danceme](https://www.producthunt.com/",https://reddit.com/r/indiehackers/comments/1s49qnl/just_launched_my_ai_app_on_product_hunt_after/,48,A01|A02,ai_tools,13,
2026-03-27T05:00:36.074930,Reddit/r/microsaas,I build a tool that converts Youtube URL or a blog post into 12 formats,"**What I built:** RepurposeAI — paste any content → get 12 platforms (YouTube, Instagram, TikTok &amp; many more)-ready posts in 30 seconds, in your b",https://reddit.com/r/microsaas/comments/1s4vv94/i_build_a_tool_that_converts_youtube_url_or_a/,47,C01|C05|C07,ai_tools,2,
2026-03-27T05:00:36.075150,Reddit/r/microsaas,"I stopped pitching and started 'showing up' differently. 27 signups later, here’s what I learned.","I launched my SaaS last week and honestly, I didn't expect to hit double-digit signups so fast. I got **27 signups in 7 days** with $0 spent on paid a",https://reddit.com/r/microsaas/comments/1s4ui94/i_stopped_pitching_and_started_showing_up/,47,A02|A09|D09,ai_tools,2,
2026-03-27T05:00:36.074756,Reddit/r/microsaas,"Drop your SaaS, I’ll help you get first 100 users","Hey everyone 👋 I’m working on improving my SaaS growth and landing page skills, so if you’ve built or are building a SaaS, drop your link below. I’ll ",https://reddit.com/r/microsaas/comments/1s4hpo8/drop_your_saas_ill_help_you_get_first_100_users/,46,A02|A09|D09,saas,16,
2026-03-27T05:00:43.996915,Reddit/r/SaaS,We share revenue with the entire team. Took six months before it felt right.,"Started because an employee made a resource request implying we had much more money than we do. Rather than correct assumptions case by case, shared ",https://reddit.com/r/SaaS/comments/1s4sajm/we_share_revenue_with_the_entire_team_took_six/,43,,other,43,
2026-03-27T05:00:36.074876,Reddit/r/microsaas,Ai to build ai. But no cloud calls and you own,I built an AI builder that lets you ship real AI apps..not toy demos.  Pick models. Wire logic. Deploy to Android.  Meet Soupy 🧪  https://soupylab.com,https://reddit.com/r/microsaas/comments/1s4vx7m/ai_to_build_ai_but_no_cloud_calls_and_you_own/,37,A01|A02,ai_tools,2,
2026-03-27T05:00:40.376887,Reddit/r/Entrepreneur,Phone Number for AI agents- feedback?,"Built something weird this week. Giving AI agents their own phone numbers.  It’s called ClawPhone.  Basically: your AI can call people, receive calls,",https://reddit.com/r/Entrepreneur/comments/1s4b49c/phone_number_for_ai_agents_feedback/,37,OP_AGENT_CONSULT|S04,ai_tools,2,
2026-03-27T05:00:43.997234,Reddit/r/SaaS,Looking for someone who can find high-intent users across online communities,"I'm looking for someone who can find users who are already actively asking for a solution across platforms like Reddit, Twitter, forums, etc across mu",https://reddit.com/r/SaaS/comments/1s4tidw/looking_for_someone_who_can_find_highintent_users/,37,A02|A09|D09,saas,7,
2026-03-27T05:00:36.075097,Reddit/r/microsaas,"Don't Scroll Past! Got my first 20 users on my micro-SaaS, but nobody is even using their free credits. What am I doing ","Score: 1, Comments: 0",https://reddit.com/r/microsaas/comments/1s4yo2j/dont_scroll_past_got_my_first_20_users_on_my/,31,A02|A09|D09,saas,1,
2026-03-27T05:00:32.371519,Reddit/r/indiehackers,curious if anyone else here is feeling the same building-in-a-vacuum thing lately,been building solo for a few weeks and yeah… starting to feel like i’m just talking to myself at this point..  so i’m putting together a super chill f,https://reddit.com/r/indiehackers/comments/1s441am/curious_if_anyone_else_here_is_feeling_the_same/,27,,design,27,
2026-03-27T05:00:43.997359,Reddit/r/SaaS,"Built a self-hosted CRM automation system because HubSpot wants $1,400/month for features I can automate myself.",Quick context — I quit my 7-year engineering job to build automation systems for B2B companies. First product is a CRM automation system I built after,https://reddit.com/r/SaaS/comments/1s4wcos/built_a_selfhosted_crm_automation_system_because/,23,S04|G05,ecommerce,3,
2026-03-27T05:00:36.075062,Reddit/r/microsaas,I built an app for dreams,"I've been trying to analyse my dreams for a while now but every tool out there gives you, the same generic answers with zero context about your actual",https://reddit.com/r/microsaas/comments/1s4yr72/i_built_an_app_for_dreams/,21,A01|A02,design,1,
2026-03-27T05:00:40.376802,Reddit/r/Entrepreneur,Anyone else realise some problems only show up later?,"Something I’ve noticed with small businesses. In the beginning, people focus a lot on growth, product, getting customers. Some things just get pushed ",https://reddit.com/r/Entrepreneur/comments/1s442mt/anyone_else_realise_some_problems_only_show_up/,19,,ecommerce,19,
2026-03-27T05:00:28.095457,Reddit/r/SideProject,"I'll audit 5 landing pages for free with our Pro tier, need real feedback","Built a tool called [ConversionProbe](https://conversionprobe.com) that analyzes landing pages using behavioral psychology frameworks — Cialdini, Kahn",https://reddit.com/r/SideProject/comments/1s4wzmy/ill_audit_5_landing_pages_for_free_with_our_pro/,18,,developer_tools,3,
2026-03-27T05:00:28.095270,Reddit/r/SideProject,What are you building? Let's give each other feedback!,I'll go first:  I built [LinkedNav](https://linkednav.com/?src=reddit&amp;post_id=sideproject&amp;medium=social)  B2B Linkedin leads with warm signals,https://reddit.com/r/SideProject/comments/1s4v98w/what_are_you_building_lets_give_each_other/,17,,content,17,
2026-03-27T05:00:43.997116,Reddit/r/SaaS,Investors say 20% for $900K. You actually give up 28%. Here's the math most founders miss,Saw a thread by Gabriel Jarrosson (@GJarrosson on X) that every first-time founder needs to read before taking a single investor meeting. Adding my ow,https://reddit.com/r/SaaS/comments/1s4sj2r/investors_say_20_for_900k_you_actually_give_up_28/,17,,productivity,17,
2026-03-27T05:00:36.074829,Reddit/r/microsaas,I managed to get 118 active users in 6 days,"I’ve been grinding on my latest project for a while now, and this past week something finally clicked.  I managed to hit 118 active users in just 6 da",https://reddit.com/r/microsaas/comments/1s4rc9u/i_managed_to_get_118_active_users_in_6_days/,5,,other,5,
2026-03-27T05:00:28.095400,Reddit/r/SideProject,Clients literally just want to know if the phone is ringing,I am building an audit tool. I spent most of my time in 'uncool' industrial and manufacturing where client don't have time for 50-page PDF audits. Sin,https://reddit.com/r/SideProject/comments/1s4y86w/clients_literally_just_want_to_know_if_the_phone/,3,,productivity,3,
