timestamp,status,reason,max_age_hours,critical_age_hours,last_run_at,last_ok_at,last_ok_age_hours,last_batch_status_counts,last_batch_command_count
2026-02-19 18:45:11,OK,Last successful venture-map run is fresh (5.58h),12.0,24.0,2026-02-19 13:10:31,2026-02-19 13:10:31,5.578,"{""OK"": 7}",7
2026-02-19 18:46:22,OK,Last successful venture-map run is fresh (5.60h),12.0,24.0,2026-02-19 13:10:31,2026-02-19 13:10:31,5.598,"{""OK"": 7}",7
2026-02-19 19:00:29,OK,Last successful venture-map run is fresh (5.83h),12.0,24.0,2026-02-19 13:10:31,2026-02-19 13:10:31,5.833,"{""OK"": 7}",7
2026-02-19 19:30:49,OK,Last successful venture-map run is fresh (6.34h),12.0,24.0,2026-02-19 13:10:31,2026-02-19 13:10:31,6.338,"{""OK"": 7}",7
2026-02-19 20:01:20,OK,Last successful venture-map run is fresh (0.00h),12.0,24.0,2026-02-19 20:01:20,2026-02-19 20:01:20,0.0,"{""OK"": 5}",5
2026-02-19 20:30:58,OK,Last successful venture-map run is fresh (0.49h),12.0,24.0,2026-02-19 20:01:20,2026-02-19 20:01:20,0.494,"{""OK"": 5}",5
2026-02-19 21:00:56,OK,Last successful venture-map run is fresh (0.99h),12.0,24.0,2026-02-19 20:01:20,2026-02-19 20:01:20,0.993,"{""OK"": 5}",5
2026-02-20 00:04:05,OK,Last successful venture-map run is fresh (4.05h),12.0,24.0,2026-02-19 20:01:20,2026-02-19 20:01:20,4.046,"{""OK"": 5}",5
2026-02-20 00:32:06,OK,Last successful venture-map run is fresh (4.51h),12.0,24.0,2026-02-19 20:01:20,2026-02-19 20:01:20,4.513,"{""OK"": 5}",5
2026-02-20 01:00:58,OK,Last successful venture-map run is fresh (4.99h),12.0,24.0,2026-02-19 20:01:20,2026-02-19 20:01:20,4.994,"{""OK"": 5}",5
2026-02-20 01:30:39,OK,Last successful venture-map run is fresh (5.49h),12.0,24.0,2026-02-19 20:01:20,2026-02-19 20:01:20,5.489,"{""OK"": 5}",5
2026-02-20 02:31:07,OK,Last successful venture-map run is fresh (0.00h),12.0,24.0,2026-02-20 02:31:07,2026-02-20 02:31:07,0.0,"{""OK"": 6}",6
2026-02-20 03:00:52,OK,Last successful venture-map run is fresh (0.50h),12.0,24.0,2026-02-20 02:31:07,2026-02-20 02:31:07,0.496,"{""OK"": 6}",6
2026-02-20 06:33:55,OK,Last successful venture-map run is fresh (4.05h),12.0,24.0,2026-02-20 02:31:07,2026-02-20 02:31:07,4.047,"{""OK"": 6}",6
2026-02-20 07:02:08,OK,Last successful venture-map run is fresh (4.52h),12.0,24.0,2026-02-20 02:31:07,2026-02-20 02:31:07,4.517,"{""OK"": 6}",6
2026-02-20 07:30:58,OK,Last successful venture-map run is fresh (5.00h),12.0,24.0,2026-02-20 02:31:07,2026-02-20 02:31:07,4.998,"{""OK"": 6}",6
2026-02-20 08:00:40,OK,Last successful venture-map run is fresh (5.49h),12.0,24.0,2026-02-20 02:31:07,2026-02-20 02:31:07,5.493,"{""OK"": 6}",6
2026-02-20 08:30:47,OK,Last successful venture-map run is fresh (6.00h),12.0,24.0,2026-02-20 02:31:07,2026-02-20 02:31:07,5.995,"{""OK"": 6}",6
2026-02-20 09:01:10,OK,Last successful venture-map run is fresh (0.00h),12.0,24.0,2026-02-20 09:01:10,2026-02-20 09:01:10,0.0,"{""OK"": 5}",5
2026-02-20 09:30:27,OK,Last successful venture-map run is fresh (0.49h),12.0,24.0,2026-02-20 09:01:10,2026-02-20 09:01:10,0.488,"{""OK"": 5}",5
2026-02-20 10:00:55,OK,Last successful venture-map run is fresh (1.00h),12.0,24.0,2026-02-20 09:01:10,2026-02-20 09:01:10,0.996,"{""OK"": 5}",5
2026-02-20 10:30:27,OK,Last successful venture-map run is fresh (1.49h),12.0,24.0,2026-02-20 09:01:10,2026-02-20 09:01:10,1.488,"{""OK"": 5}",5
2026-02-20 11:00:27,OK,Last successful venture-map run is fresh (1.99h),12.0,24.0,2026-02-20 09:01:10,2026-02-20 09:01:10,1.988,"{""OK"": 5}",5
2026-02-20 11:30:26,OK,Last successful venture-map run is fresh (2.49h),12.0,24.0,2026-02-20 09:01:10,2026-02-20 09:01:10,2.488,"{""OK"": 5}",5
2026-02-20 12:00:28,OK,Last successful venture-map run is fresh (2.99h),12.0,24.0,2026-02-20 09:01:10,2026-02-20 09:01:10,2.989,"{""OK"": 5}",5
2026-02-20 15:06:50,OK,Last successful venture-map run is fresh (0.00h),12.0,24.0,2026-02-20 15:06:50,2026-02-20 15:06:50,0.0,"{""OK"": 7}",7
2026-02-20 15:32:04,OK,Last successful venture-map run is fresh (0.42h),12.0,24.0,2026-02-20 15:06:50,2026-02-20 15:06:50,0.421,"{""OK"": 7}",7
2026-02-20 16:00:52,OK,Last successful venture-map run is fresh (0.90h),12.0,24.0,2026-02-20 15:06:50,2026-02-20 15:06:50,0.901,"{""OK"": 7}",7
2026-02-20 16:37:28,OK,Last successful venture-map run is fresh (1.51h),12.0,24.0,2026-02-20 15:06:50,2026-02-20 15:06:50,1.511,"{""OK"": 7}",7
2026-02-20 17:00:21,OK,Last successful venture-map run is fresh (1.89h),12.0,24.0,2026-02-20 15:06:50,2026-02-20 15:06:50,1.892,"{""OK"": 7}",7
2026-02-20 17:30:22,OK,Last successful venture-map run is fresh (2.39h),12.0,24.0,2026-02-20 15:06:50,2026-02-20 15:06:50,2.392,"{""OK"": 7}",7
2026-02-20 18:00:22,OK,Last successful venture-map run is fresh (2.89h),12.0,24.0,2026-02-20 15:06:50,2026-02-20 15:06:50,2.892,"{""OK"": 7}",7
2026-02-20 18:31:14,OK,Last successful venture-map run is fresh (3.41h),12.0,24.0,2026-02-20 15:06:50,2026-02-20 15:06:50,3.407,"{""OK"": 7}",7
2026-02-20 19:00:30,OK,Last successful venture-map run is fresh (3.90h),12.0,24.0,2026-02-20 15:06:50,2026-02-20 15:06:50,3.895,"{""OK"": 7}",7
2026-02-20 19:30:36,OK,Last successful venture-map run is fresh (4.40h),12.0,24.0,2026-02-20 15:06:50,2026-02-20 15:06:50,4.396,"{""OK"": 7}",7
2026-02-20 20:00:32,OK,Last successful venture-map run is fresh (4.89h),12.0,24.0,2026-02-20 15:06:50,2026-02-20 15:06:50,4.895,"{""OK"": 7}",7
2026-02-20 20:30:47,OK,Last successful venture-map run is fresh (5.40h),12.0,24.0,2026-02-20 15:06:50,2026-02-20 15:06:50,5.399,"{""OK"": 7}",7
2026-02-20 21:01:31,OK,Last successful venture-map run is fresh (5.91h),12.0,24.0,2026-02-20 15:06:50,2026-02-20 15:06:50,5.911,"{""OK"": 7}",7
2026-02-21 00:33:34,OK,Last successful venture-map run is fresh (0.00h),12.0,24.0,2026-02-21 00:33:34,2026-02-21 00:33:34,0.0,"{""OK"": 5}",5
2026-02-21 01:02:16,OK,Last successful venture-map run is fresh (0.48h),12.0,24.0,2026-02-21 00:33:34,2026-02-21 00:33:34,0.479,"{""OK"": 5}",5
2026-02-21 01:30:45,OK,Last successful venture-map run is fresh (0.95h),12.0,24.0,2026-02-21 00:33:34,2026-02-21 00:33:34,0.953,"{""OK"": 5}",5
2026-02-21 02:00:38,OK,Last successful venture-map run is fresh (1.45h),12.0,24.0,2026-02-21 00:33:34,2026-02-21 00:33:34,1.451,"{""OK"": 5}",5
2026-02-21 02:30:59,OK,Last successful venture-map run is fresh (1.96h),12.0,24.0,2026-02-21 00:33:34,2026-02-21 00:33:34,1.957,"{""OK"": 5}",5
2026-02-21 03:00:55,OK,Last successful venture-map run is fresh (2.46h),12.0,24.0,2026-02-21 00:33:34,2026-02-21 00:33:34,2.456,"{""OK"": 5}",5
2026-02-21 03:30:59,OK,Last successful venture-map run is fresh (2.96h),12.0,24.0,2026-02-21 00:33:34,2026-02-21 00:33:34,2.957,"{""OK"": 5}",5
2026-02-21 04:00:40,OK,Last successful venture-map run is fresh (3.45h),12.0,24.0,2026-02-21 00:33:34,2026-02-21 00:33:34,3.452,"{""OK"": 5}",5
2026-02-21 04:30:48,OK,Last successful venture-map run is fresh (3.95h),12.0,24.0,2026-02-21 00:33:34,2026-02-21 00:33:34,3.954,"{""OK"": 5}",5
2026-02-21 05:01:03,OK,Last successful venture-map run is fresh (4.46h),12.0,24.0,2026-02-21 00:33:34,2026-02-21 00:33:34,4.458,"{""OK"": 5}",5
2026-02-21 05:31:10,OK,Last successful venture-map run is fresh (4.96h),12.0,24.0,2026-02-21 00:33:34,2026-02-21 00:33:34,4.96,"{""OK"": 5}",5
2026-02-21 06:01:24,OK,Last successful venture-map run is fresh (5.46h),12.0,24.0,2026-02-21 00:33:34,2026-02-21 00:33:34,5.464,"{""OK"": 5}",5
2026-02-21 06:32:23,OK,Last successful venture-map run is fresh (5.98h),12.0,24.0,2026-02-21 00:33:34,2026-02-21 00:33:34,5.98,"{""OK"": 5}",5
2026-02-21 07:03:36,OK,Last successful venture-map run is fresh (0.00h),12.0,24.0,2026-02-21 07:03:36,2026-02-21 07:03:36,0.0,"{""OK"": 6}",6
2026-02-21 07:33:04,OK,Last successful venture-map run is fresh (0.49h),12.0,24.0,2026-02-21 07:03:36,2026-02-21 07:03:36,0.491,"{""OK"": 6}",6
2026-02-21 08:01:09,OK,Last successful venture-map run is fresh (0.96h),12.0,24.0,2026-02-21 07:03:36,2026-02-21 07:03:36,0.959,"{""OK"": 6}",6
2026-02-21 08:31:08,OK,Last successful venture-map run is fresh (1.46h),12.0,24.0,2026-02-21 07:03:36,2026-02-21 07:03:36,1.459,"{""OK"": 6}",6
2026-02-21 09:00:32,OK,Last successful venture-map run is fresh (1.95h),12.0,24.0,2026-02-21 07:03:36,2026-02-21 07:03:36,1.949,"{""OK"": 6}",6
2026-02-21 09:30:34,OK,Last successful venture-map run is fresh (2.45h),12.0,24.0,2026-02-21 07:03:36,2026-02-21 07:03:36,2.449,"{""OK"": 6}",6
2026-02-21 10:00:36,OK,Last successful venture-map run is fresh (2.95h),12.0,24.0,2026-02-21 07:03:36,2026-02-21 07:03:36,2.95,"{""OK"": 6}",6
2026-02-21 10:30:57,OK,Last successful venture-map run is fresh (3.46h),12.0,24.0,2026-02-21 07:03:36,2026-02-21 07:03:36,3.456,"{""OK"": 6}",6
2026-02-21 11:00:30,OK,Last successful venture-map run is fresh (3.95h),12.0,24.0,2026-02-21 07:03:36,2026-02-21 07:03:36,3.949,"{""OK"": 6}",6
2026-02-21 11:30:42,OK,Last successful venture-map run is fresh (4.45h),12.0,24.0,2026-02-21 07:03:36,2026-02-21 07:03:36,4.452,"{""OK"": 6}",6
2026-02-21 12:00:41,OK,Last successful venture-map run is fresh (4.95h),12.0,24.0,2026-02-21 07:03:36,2026-02-21 07:03:36,4.951,"{""OK"": 6}",6
2026-02-21 12:30:33,OK,Last successful venture-map run is fresh (5.45h),12.0,24.0,2026-02-21 07:03:36,2026-02-21 07:03:36,5.449,"{""OK"": 6}",6
2026-02-21 13:02:18,OK,Last successful venture-map run is fresh (5.98h),12.0,24.0,2026-02-21 07:03:36,2026-02-21 07:03:36,5.978,"{""OK"": 6}",6
2026-02-21 13:33:37,OK,Last successful venture-map run is fresh (0.00h),12.0,24.0,2026-02-21 13:33:37,2026-02-21 13:33:37,0.0,"{""OK"": 5}",5
2026-02-21 14:02:09,OK,Last successful venture-map run is fresh (0.48h),12.0,24.0,2026-02-21 13:33:37,2026-02-21 13:33:37,0.476,"{""OK"": 5}",5
2026-02-21 14:30:29,OK,Last successful venture-map run is fresh (0.95h),12.0,24.0,2026-02-21 13:33:37,2026-02-21 13:33:37,0.948,"{""OK"": 5}",5
2026-02-22 12:14:48,OK,Last successful venture-map run is fresh (0.00h),12.0,24.0,2026-02-22 12:14:48,2026-02-22 12:14:48,0.0,"{""OK"": 7}",7
2026-02-22 12:32:08,OK,Last successful venture-map run is fresh (0.29h),12.0,24.0,2026-02-22 12:14:48,2026-02-22 12:14:48,0.289,"{""OK"": 7}",7
2026-02-22 13:01:08,OK,Last successful venture-map run is fresh (0.77h),12.0,24.0,2026-02-22 12:14:48,2026-02-22 12:14:48,0.772,"{""OK"": 7}",7
2026-02-22 13:30:41,OK,Last successful venture-map run is fresh (1.26h),12.0,24.0,2026-02-22 12:14:48,2026-02-22 12:14:48,1.265,"{""OK"": 7}",7
2026-02-22 14:00:38,OK,Last successful venture-map run is fresh (1.76h),12.0,24.0,2026-02-22 12:14:48,2026-02-22 12:14:48,1.764,"{""OK"": 7}",7
2026-02-22 14:30:34,OK,Last successful venture-map run is fresh (2.26h),12.0,24.0,2026-02-22 12:14:48,2026-02-22 12:14:48,2.263,"{""OK"": 7}",7
2026-02-22 15:00:29,OK,Last successful venture-map run is fresh (2.76h),12.0,24.0,2026-02-22 12:14:48,2026-02-22 12:14:48,2.761,"{""OK"": 7}",7
2026-02-22 15:31:02,OK,Last successful venture-map run is fresh (3.27h),12.0,24.0,2026-02-22 12:14:48,2026-02-22 12:14:48,3.271,"{""OK"": 7}",7
2026-02-22 16:00:28,OK,Last successful venture-map run is fresh (3.76h),12.0,24.0,2026-02-22 12:14:48,2026-02-22 12:14:48,3.761,"{""OK"": 7}",7
2026-02-22 16:30:32,OK,Last successful venture-map run is fresh (4.26h),12.0,24.0,2026-02-22 12:14:48,2026-02-22 12:14:48,4.262,"{""OK"": 7}",7
2026-02-22 17:00:33,OK,Last successful venture-map run is fresh (4.76h),12.0,24.0,2026-02-22 12:14:48,2026-02-22 12:14:48,4.763,"{""OK"": 7}",7
2026-02-22 17:30:29,OK,Last successful venture-map run is fresh (5.26h),12.0,24.0,2026-02-22 12:14:48,2026-02-22 12:14:48,5.261,"{""OK"": 7}",7
2026-02-22 18:01:04,OK,Last successful venture-map run is fresh (5.77h),12.0,24.0,2026-02-22 12:14:48,2026-02-22 12:14:48,5.771,"{""OK"": 7}",7
2026-02-22 18:34:51,OK,Last successful venture-map run is fresh (0.00h),12.0,24.0,2026-02-22 18:34:50,2026-02-22 18:34:50,0.0,"{""OK"": 5}",5
2026-02-22 19:02:26,OK,Last successful venture-map run is fresh (0.46h),12.0,24.0,2026-02-22 18:34:50,2026-02-22 18:34:50,0.46,"{""OK"": 5}",5
2026-02-22 19:30:49,OK,Last successful venture-map run is fresh (0.93h),12.0,24.0,2026-02-22 18:34:50,2026-02-22 18:34:50,0.933,"{""OK"": 5}",5
2026-02-22 20:00:48,OK,Last successful venture-map run is fresh (1.43h),12.0,24.0,2026-02-22 18:34:50,2026-02-22 18:34:50,1.433,"{""OK"": 5}",5
2026-02-22 20:31:06,OK,Last successful venture-map run is fresh (1.94h),12.0,24.0,2026-02-22 18:34:50,2026-02-22 18:34:50,1.938,"{""OK"": 5}",5
2026-02-22 21:01:00,OK,Last successful venture-map run is fresh (2.44h),12.0,24.0,2026-02-22 18:34:50,2026-02-22 18:34:50,2.436,"{""OK"": 5}",5
2026-02-22 21:30:41,OK,Last successful venture-map run is fresh (2.93h),12.0,24.0,2026-02-22 18:34:50,2026-02-22 18:34:50,2.931,"{""OK"": 5}",5
2026-02-22 22:00:42,OK,Last successful venture-map run is fresh (3.43h),12.0,24.0,2026-02-22 18:34:50,2026-02-22 18:34:50,3.431,"{""OK"": 5}",5
2026-02-22 22:30:35,OK,Last successful venture-map run is fresh (3.93h),12.0,24.0,2026-02-22 18:34:50,2026-02-22 18:34:50,3.929,"{""OK"": 5}",5
2026-02-22 23:01:02,OK,Last successful venture-map run is fresh (4.44h),12.0,24.0,2026-02-22 18:34:50,2026-02-22 18:34:50,4.437,"{""OK"": 5}",5
2026-02-22 23:30:36,OK,Last successful venture-map run is fresh (4.93h),12.0,24.0,2026-02-22 18:34:50,2026-02-22 18:34:50,4.93,"{""OK"": 5}",5
2026-02-23 00:00:33,OK,Last successful venture-map run is fresh (5.43h),12.0,24.0,2026-02-22 18:34:50,2026-02-22 18:34:50,5.429,"{""OK"": 5}",5
2026-02-23 00:30:48,OK,Last successful venture-map run is fresh (5.93h),12.0,24.0,2026-02-22 18:34:50,2026-02-22 18:34:50,5.933,"{""OK"": 5}",5
2026-02-23 01:04:52,OK,Last successful venture-map run is fresh (0.00h),12.0,24.0,2026-02-23 01:04:51,2026-02-23 01:04:51,0.0,"{""OK"": 6}",6
2026-02-23 01:32:13,OK,Last successful venture-map run is fresh (0.46h),12.0,24.0,2026-02-23 01:04:51,2026-02-23 01:04:51,0.456,"{""OK"": 6}",6
2026-02-23 02:01:32,OK,Last successful venture-map run is fresh (0.94h),12.0,24.0,2026-02-23 01:04:51,2026-02-23 01:04:51,0.945,"{""OK"": 6}",6
2026-02-23 02:30:47,OK,Last successful venture-map run is fresh (1.43h),12.0,24.0,2026-02-23 01:04:51,2026-02-23 01:04:51,1.432,"{""OK"": 6}",6
2026-02-23 03:30:39,OK,Last successful venture-map run is fresh (2.43h),12.0,24.0,2026-02-23 01:04:51,2026-02-23 01:04:51,2.43,"{""OK"": 6}",6
2026-02-23 04:00:45,OK,Last successful venture-map run is fresh (2.93h),12.0,24.0,2026-02-23 01:04:51,2026-02-23 01:04:51,2.932,"{""OK"": 6}",6
2026-02-23 04:30:57,OK,Last successful venture-map run is fresh (3.44h),12.0,24.0,2026-02-23 01:04:51,2026-02-23 01:04:51,3.435,"{""OK"": 6}",6
2026-02-23 05:00:44,OK,Last successful venture-map run is fresh (3.93h),12.0,24.0,2026-02-23 01:04:51,2026-02-23 01:04:51,3.932,"{""OK"": 6}",6
2026-02-23 05:31:11,OK,Last successful venture-map run is fresh (4.44h),12.0,24.0,2026-02-23 01:04:51,2026-02-23 01:04:51,4.439,"{""OK"": 6}",6
2026-02-23 06:30:30,OK,Last successful venture-map run is fresh (5.43h),12.0,24.0,2026-02-23 01:04:51,2026-02-23 01:04:51,5.428,"{""OK"": 6}",6
2026-02-23 07:01:18,OK,Last successful venture-map run is fresh (5.94h),12.0,24.0,2026-02-23 01:04:51,2026-02-23 01:04:51,5.941,"{""OK"": 6}",6
2026-02-23 07:35:23,OK,Last successful venture-map run is fresh (0.00h),12.0,24.0,2026-02-23 07:35:23,2026-02-23 07:35:23,0.0,"{""OK"": 5}",5
2026-02-23 08:02:21,OK,Last successful venture-map run is fresh (0.45h),12.0,24.0,2026-02-23 07:35:23,2026-02-23 07:35:23,0.45,"{""OK"": 5}",5
2026-02-23 08:30:57,OK,Last successful venture-map run is fresh (0.93h),12.0,24.0,2026-02-23 07:35:23,2026-02-23 07:35:23,0.926,"{""OK"": 5}",5
2026-02-23 09:00:42,OK,Last successful venture-map run is fresh (1.42h),12.0,24.0,2026-02-23 07:35:23,2026-02-23 07:35:23,1.422,"{""OK"": 5}",5
2026-02-23 09:31:01,OK,Last successful venture-map run is fresh (1.93h),12.0,24.0,2026-02-23 07:35:23,2026-02-23 07:35:23,1.927,"{""OK"": 5}",5
2026-02-23 10:00:36,OK,Last successful venture-map run is fresh (2.42h),12.0,24.0,2026-02-23 07:35:23,2026-02-23 07:35:23,2.42,"{""OK"": 5}",5
2026-02-23 10:30:37,OK,Last successful venture-map run is fresh (2.92h),12.0,24.0,2026-02-23 07:35:23,2026-02-23 07:35:23,2.921,"{""OK"": 5}",5
2026-02-23 11:00:33,OK,Last successful venture-map run is fresh (3.42h),12.0,24.0,2026-02-23 07:35:23,2026-02-23 07:35:23,3.42,"{""OK"": 5}",5
2026-02-23 11:30:30,OK,Last successful venture-map run is fresh (3.92h),12.0,24.0,2026-02-23 07:35:23,2026-02-23 07:35:23,3.919,"{""OK"": 5}",5
2026-02-23 12:01:04,OK,Last successful venture-map run is fresh (4.43h),12.0,24.0,2026-02-23 07:35:23,2026-02-23 07:35:23,4.428,"{""OK"": 5}",5
2026-02-23 12:37:38,OK,Last successful venture-map run is fresh (5.04h),12.0,24.0,2026-02-23 07:35:23,2026-02-23 07:35:23,5.038,"{""OK"": 5}",5
2026-02-23 13:00:30,OK,Last successful venture-map run is fresh (5.42h),12.0,24.0,2026-02-23 07:35:23,2026-02-23 07:35:23,5.419,"{""OK"": 5}",5
2026-02-23 13:30:28,OK,Last successful venture-map run is fresh (5.92h),12.0,24.0,2026-02-23 07:35:23,2026-02-23 07:35:23,5.918,"{""OK"": 5}",5
2026-02-23 14:06:57,OK,Last successful venture-map run is fresh (0.00h),12.0,24.0,2026-02-23 14:06:57,2026-02-23 14:06:57,0.0,"{""OK"": 7}",7
2026-02-23 14:32:11,OK,Last successful venture-map run is fresh (0.42h),12.0,24.0,2026-02-23 14:06:57,2026-02-23 14:06:57,0.421,"{""OK"": 7}",7
2026-02-23 15:01:09,OK,Last successful venture-map run is fresh (0.90h),12.0,24.0,2026-02-23 14:06:57,2026-02-23 14:06:57,0.903,"{""OK"": 7}",7
2026-02-23 15:30:52,OK,Last successful venture-map run is fresh (1.40h),12.0,24.0,2026-02-23 14:06:57,2026-02-23 14:06:57,1.399,"{""OK"": 7}",7
2026-02-23 16:00:31,OK,Last successful venture-map run is fresh (1.89h),12.0,24.0,2026-02-23 14:06:57,2026-02-23 14:06:57,1.893,"{""OK"": 7}",7
2026-02-23 16:30:31,OK,Last successful venture-map run is fresh (2.39h),12.0,24.0,2026-02-23 14:06:57,2026-02-23 14:06:57,2.393,"{""OK"": 7}",7
2026-02-23 17:00:28,OK,Last successful venture-map run is fresh (2.89h),12.0,24.0,2026-02-23 14:06:57,2026-02-23 14:06:57,2.892,"{""OK"": 7}",7
2026-02-23 17:30:59,OK,Last successful venture-map run is fresh (3.40h),12.0,24.0,2026-02-23 14:06:57,2026-02-23 14:06:57,3.401,"{""OK"": 7}",7
2026-02-23 18:00:31,OK,Last successful venture-map run is fresh (3.89h),12.0,24.0,2026-02-23 14:06:57,2026-02-23 14:06:57,3.893,"{""OK"": 7}",7
2026-02-23 18:30:33,OK,Last successful venture-map run is fresh (4.39h),12.0,24.0,2026-02-23 14:06:57,2026-02-23 14:06:57,4.394,"{""OK"": 7}",7
2026-02-23 19:00:28,OK,Last successful venture-map run is fresh (4.89h),12.0,24.0,2026-02-23 14:06:57,2026-02-23 14:06:57,4.892,"{""OK"": 7}",7
2026-02-23 19:30:28,OK,Last successful venture-map run is fresh (5.39h),12.0,24.0,2026-02-23 14:06:57,2026-02-23 14:06:57,5.392,"{""OK"": 7}",7
2026-02-23 20:00:55,OK,Last successful venture-map run is fresh (5.90h),12.0,24.0,2026-02-23 14:06:57,2026-02-23 14:06:57,5.9,"{""OK"": 7}",7
2026-02-23 20:34:36,OK,Last successful venture-map run is fresh (0.00h),12.0,24.0,2026-02-23 20:34:35,2026-02-23 20:34:35,0.0,"{""OK"": 5}",5
2026-02-23 21:02:08,OK,Last successful venture-map run is fresh (0.46h),12.0,24.0,2026-02-23 20:34:35,2026-02-23 20:34:35,0.459,"{""OK"": 5}",5
2026-02-23 21:30:26,OK,Last successful venture-map run is fresh (0.93h),12.0,24.0,2026-02-23 20:34:35,2026-02-23 20:34:35,0.931,"{""OK"": 5}",5
2026-02-23 22:00:36,OK,Last successful venture-map run is fresh (1.43h),12.0,24.0,2026-02-23 20:34:35,2026-02-23 20:34:35,1.434,"{""OK"": 5}",5
2026-02-23 22:30:53,OK,Last successful venture-map run is fresh (1.94h),12.0,24.0,2026-02-23 20:34:35,2026-02-23 20:34:35,1.938,"{""OK"": 5}",5
2026-02-23 23:00:25,OK,Last successful venture-map run is fresh (2.43h),12.0,24.0,2026-02-23 20:34:35,2026-02-23 20:34:35,2.431,"{""OK"": 5}",5
2026-02-23 23:30:24,OK,Last successful venture-map run is fresh (2.93h),12.0,24.0,2026-02-23 20:34:35,2026-02-23 20:34:35,2.93,"{""OK"": 5}",5
2026-02-24 00:00:26,OK,Last successful venture-map run is fresh (3.43h),12.0,24.0,2026-02-23 20:34:35,2026-02-23 20:34:35,3.431,"{""OK"": 5}",5
2026-02-24 00:30:33,OK,Last successful venture-map run is fresh (3.93h),12.0,24.0,2026-02-23 20:34:35,2026-02-23 20:34:35,3.933,"{""OK"": 5}",5
2026-02-24 01:01:03,OK,Last successful venture-map run is fresh (4.44h),12.0,24.0,2026-02-23 20:34:35,2026-02-23 20:34:35,4.441,"{""OK"": 5}",5
2026-02-24 01:30:25,OK,Last successful venture-map run is fresh (4.93h),12.0,24.0,2026-02-23 20:34:35,2026-02-23 20:34:35,4.931,"{""OK"": 5}",5
2026-02-24 02:00:27,OK,Last successful venture-map run is fresh (5.43h),12.0,24.0,2026-02-23 20:34:35,2026-02-23 20:34:35,5.431,"{""OK"": 5}",5
2026-02-24 02:30:25,OK,Last successful venture-map run is fresh (5.93h),12.0,24.0,2026-02-23 20:34:35,2026-02-23 20:34:35,5.931,"{""OK"": 5}",5
2026-02-24 03:05:04,OK,Last successful venture-map run is fresh (0.00h),12.0,24.0,2026-02-24 03:05:04,2026-02-24 03:05:04,0.0,"{""OK"": 6}",6
2026-02-24 03:50:23,OK,Last successful venture-map run is fresh (0.76h),12.0,24.0,2026-02-24 03:05:04,2026-02-24 03:05:04,0.755,"{""OK"": 6}",6
2026-02-24 04:20:22,OK,Last successful venture-map run is fresh (1.25h),12.0,24.0,2026-02-24 03:05:04,2026-02-24 03:05:04,1.255,"{""OK"": 6}",6
2026-02-24 04:32:30,OK,Last successful venture-map run is fresh (1.46h),12.0,24.0,2026-02-24 03:05:04,2026-02-24 03:05:04,1.457,"{""OK"": 6}",6
2026-02-24 05:00:37,OK,Last successful venture-map run is fresh (1.93h),12.0,24.0,2026-02-24 03:05:04,2026-02-24 03:05:04,1.926,"{""OK"": 6}",6
2026-02-24 05:30:35,OK,Last successful venture-map run is fresh (2.42h),12.0,24.0,2026-02-24 03:05:04,2026-02-24 03:05:04,2.425,"{""OK"": 6}",6
2026-02-24 06:00:59,OK,Last successful venture-map run is fresh (2.93h),12.0,24.0,2026-02-24 03:05:04,2026-02-24 03:05:04,2.932,"{""OK"": 6}",6
2026-02-24 06:30:30,OK,Last successful venture-map run is fresh (3.42h),12.0,24.0,2026-02-24 03:05:04,2026-02-24 03:05:04,3.424,"{""OK"": 6}",6
2026-02-24 07:00:25,OK,Last successful venture-map run is fresh (3.92h),12.0,24.0,2026-02-24 03:05:04,2026-02-24 03:05:04,3.923,"{""OK"": 6}",6
2026-02-24 07:30:36,OK,Last successful venture-map run is fresh (4.43h),12.0,24.0,2026-02-24 03:05:04,2026-02-24 03:05:04,4.426,"{""OK"": 6}",6
2026-02-24 08:00:25,OK,Last successful venture-map run is fresh (4.92h),12.0,24.0,2026-02-24 03:05:04,2026-02-24 03:05:04,4.923,"{""OK"": 6}",6
2026-02-24 08:31:06,OK,Last successful venture-map run is fresh (5.43h),12.0,24.0,2026-02-24 03:05:04,2026-02-24 03:05:04,5.434,"{""OK"": 6}",6
2026-02-24 09:00:26,OK,Last successful venture-map run is fresh (5.92h),12.0,24.0,2026-02-24 03:05:04,2026-02-24 03:05:04,5.923,"{""OK"": 6}",6
2026-02-24 09:34:32,OK,Last successful venture-map run is fresh (0.00h),12.0,24.0,2026-02-24 09:34:32,2026-02-24 09:34:32,0.0,"{""OK"": 5}",5
2026-02-24 10:00:37,OK,Last successful venture-map run is fresh (0.43h),12.0,24.0,2026-02-24 09:34:32,2026-02-24 09:34:32,0.435,"{""OK"": 5}",5
2026-02-24 10:30:42,OK,Last successful venture-map run is fresh (0.94h),12.0,24.0,2026-02-24 09:34:32,2026-02-24 09:34:32,0.936,"{""OK"": 5}",5
2026-02-24 11:02:11,OK,Last successful venture-map run is fresh (1.46h),12.0,24.0,2026-02-24 09:34:32,2026-02-24 09:34:32,1.461,"{""OK"": 5}",5
2026-02-24 11:31:07,OK,Last successful venture-map run is fresh (1.94h),12.0,24.0,2026-02-24 09:34:32,2026-02-24 09:34:32,1.943,"{""OK"": 5}",5
2026-02-24 12:00:41,OK,Last successful venture-map run is fresh (2.44h),12.0,24.0,2026-02-24 09:34:32,2026-02-24 09:34:32,2.436,"{""OK"": 5}",5
2026-02-24 12:30:29,OK,Last successful venture-map run is fresh (2.93h),12.0,24.0,2026-02-24 09:34:32,2026-02-24 09:34:32,2.933,"{""OK"": 5}",5
2026-02-24 13:08:25,OK,Last successful venture-map run is fresh (3.56h),12.0,24.0,2026-02-24 09:34:32,2026-02-24 09:34:32,3.565,"{""OK"": 5}",5
2026-02-24 13:30:27,OK,Last successful venture-map run is fresh (3.93h),12.0,24.0,2026-02-24 09:34:32,2026-02-24 09:34:32,3.932,"{""OK"": 5}",5
2026-02-24 14:01:01,OK,Last successful venture-map run is fresh (4.44h),12.0,24.0,2026-02-24 09:34:32,2026-02-24 09:34:32,4.441,"{""OK"": 5}",5
2026-02-24 14:30:30,OK,Last successful venture-map run is fresh (4.93h),12.0,24.0,2026-02-24 09:34:32,2026-02-24 09:34:32,4.933,"{""OK"": 5}",5
2026-02-24 15:00:33,OK,Last successful venture-map run is fresh (5.43h),12.0,24.0,2026-02-24 09:34:32,2026-02-24 09:34:32,5.434,"{""OK"": 5}",5
2026-02-24 15:30:32,OK,Last successful venture-map run is fresh (5.93h),12.0,24.0,2026-02-24 09:34:32,2026-02-24 09:34:32,5.934,"{""OK"": 5}",5
2026-02-24 16:06:57,OK,Last successful venture-map run is fresh (0.00h),12.0,24.0,2026-02-24 16:06:57,2026-02-24 16:06:57,0.0,"{""OK"": 7}",7
2026-02-24 16:30:54,OK,Last successful venture-map run is fresh (0.40h),12.0,24.0,2026-02-24 16:06:57,2026-02-24 16:06:57,0.399,"{""OK"": 7}",7
2026-02-24 17:00:29,OK,Last successful venture-map run is fresh (0.89h),12.0,24.0,2026-02-24 16:06:57,2026-02-24 16:06:57,0.892,"{""OK"": 7}",7
2026-02-24 17:32:25,OK,Last successful venture-map run is fresh (1.43h),12.0,24.0,2026-02-24 16:06:57,2026-02-24 16:06:57,1.425,"{""OK"": 7}",7
2026-02-24 18:00:33,OK,Last successful venture-map run is fresh (1.89h),12.0,24.0,2026-02-24 16:06:57,2026-02-24 16:06:57,1.893,"{""OK"": 7}",7
2026-02-24 18:30:44,OK,Last successful venture-map run is fresh (2.40h),12.0,24.0,2026-02-24 16:06:57,2026-02-24 16:06:57,2.396,"{""OK"": 7}",7
2026-02-24 19:01:02,OK,Last successful venture-map run is fresh (2.90h),12.0,24.0,2026-02-24 16:06:57,2026-02-24 16:06:57,2.902,"{""OK"": 7}",7
2026-02-24 19:30:31,OK,Last successful venture-map run is fresh (3.39h),12.0,24.0,2026-02-24 16:06:57,2026-02-24 16:06:57,3.393,"{""OK"": 7}",7
2026-02-24 20:00:36,OK,Last successful venture-map run is fresh (3.89h),12.0,24.0,2026-02-24 16:06:57,2026-02-24 16:06:57,3.894,"{""OK"": 7}",7
2026-02-24 20:30:30,OK,Last successful venture-map run is fresh (4.39h),12.0,24.0,2026-02-24 16:06:57,2026-02-24 16:06:57,4.393,"{""OK"": 7}",7
2026-02-24 21:00:42,OK,Last successful venture-map run is fresh (4.90h),12.0,24.0,2026-02-24 16:06:57,2026-02-24 16:06:57,4.896,"{""OK"": 7}",7
2026-02-24 21:30:58,OK,Last successful venture-map run is fresh (5.40h),12.0,24.0,2026-02-24 16:06:57,2026-02-24 16:06:57,5.4,"{""OK"": 7}",7
2026-02-24 22:00:29,OK,Last successful venture-map run is fresh (5.89h),12.0,24.0,2026-02-24 16:06:57,2026-02-24 16:06:57,5.892,"{""OK"": 7}",7
2026-02-24 22:34:25,OK,Last successful venture-map run is fresh (0.00h),12.0,24.0,2026-02-24 22:34:25,2026-02-24 22:34:25,0.0,"{""OK"": 5}",5
2026-02-24 23:00:29,OK,Last successful venture-map run is fresh (0.43h),12.0,24.0,2026-02-24 22:34:25,2026-02-24 22:34:25,0.435,"{""OK"": 5}",5
2026-02-24 23:30:28,OK,Last successful venture-map run is fresh (0.93h),12.0,24.0,2026-02-24 22:34:25,2026-02-24 22:34:25,0.934,"{""OK"": 5}",5
2026-02-25 00:02:10,OK,Last successful venture-map run is fresh (1.46h),12.0,24.0,2026-02-24 22:34:25,2026-02-24 22:34:25,1.463,"{""OK"": 5}",5
2026-02-25 00:31:00,OK,Last successful venture-map run is fresh (1.94h),12.0,24.0,2026-02-24 22:34:25,2026-02-24 22:34:25,1.943,"{""OK"": 5}",5
2026-02-25 02:52:01,OK,Last successful venture-map run is fresh (4.29h),12.0,24.0,2026-02-24 22:34:25,2026-02-24 22:34:25,4.293,"{""OK"": 5}",5
2026-02-25 03:35:01,OK,Last successful venture-map run is fresh (5.01h),12.0,24.0,2026-02-24 22:34:25,2026-02-24 22:34:25,5.01,"{""OK"": 5}",5
2026-02-25 05:16:45,OK,Last successful venture-map run is fresh (0.00h),12.0,24.0,2026-02-25 05:16:45,2026-02-25 05:16:45,0.0,"{""OK"": 6}",6
2026-02-25 08:02:10,OK,Last successful venture-map run is fresh (2.76h),12.0,24.0,2026-02-25 05:16:45,2026-02-25 05:16:45,2.757,"{""OK"": 6}",6
2026-02-25 08:31:11,OK,Last successful venture-map run is fresh (3.24h),12.0,24.0,2026-02-25 05:16:45,2026-02-25 05:16:45,3.241,"{""OK"": 6}",6
2026-02-25 09:03:39,OK,Last successful venture-map run is fresh (3.78h),12.0,24.0,2026-02-25 05:16:45,2026-02-25 05:16:45,3.782,"{""OK"": 6}",6
2026-02-25 09:30:26,OK,Last successful venture-map run is fresh (4.23h),12.0,24.0,2026-02-25 05:16:45,2026-02-25 05:16:45,4.228,"{""OK"": 6}",6
2026-02-25 10:00:38,OK,Last successful venture-map run is fresh (4.73h),12.0,24.0,2026-02-25 05:16:45,2026-02-25 05:16:45,4.731,"{""OK"": 6}",6
2026-02-25 10:30:23,OK,Last successful venture-map run is fresh (5.23h),12.0,24.0,2026-02-25 05:16:45,2026-02-25 05:16:45,5.227,"{""OK"": 6}",6
2026-02-25 11:01:59,OK,Last successful venture-map run is fresh (5.75h),12.0,24.0,2026-02-25 05:16:45,2026-02-25 05:16:45,5.754,"{""OK"": 6}",6
2026-02-25 11:33:17,OK,Last successful venture-map run is fresh (0.00h),12.0,24.0,2026-02-25 11:33:17,2026-02-25 11:33:17,0.0,"{""OK"": 5}",5
2026-02-25 12:00:25,OK,Last successful venture-map run is fresh (0.45h),12.0,24.0,2026-02-25 11:33:17,2026-02-25 11:33:17,0.452,"{""OK"": 5}",5
2026-02-25 12:30:37,OK,Last successful venture-map run is fresh (0.96h),12.0,24.0,2026-02-25 11:33:17,2026-02-25 11:33:17,0.956,"{""OK"": 5}",5
2026-02-25 13:00:26,OK,Last successful venture-map run is fresh (1.45h),12.0,24.0,2026-02-25 11:33:17,2026-02-25 11:33:17,1.453,"{""OK"": 5}",5
2026-02-25 13:38:27,OK,Last successful venture-map run is fresh (2.09h),12.0,24.0,2026-02-25 11:33:17,2026-02-25 11:33:17,2.086,"{""OK"": 5}",5
2026-02-25 14:00:23,OK,Last successful venture-map run is fresh (2.45h),12.0,24.0,2026-02-25 11:33:17,2026-02-25 11:33:17,2.452,"{""OK"": 5}",5
2026-02-25 14:32:14,OK,Last successful venture-map run is fresh (2.98h),12.0,24.0,2026-02-25 11:33:17,2026-02-25 11:33:17,2.983,"{""OK"": 5}",5
2026-02-25 15:00:25,OK,Last successful venture-map run is fresh (3.45h),12.0,24.0,2026-02-25 11:33:17,2026-02-25 11:33:17,3.452,"{""OK"": 5}",5
2026-02-25 15:30:24,OK,Last successful venture-map run is fresh (3.95h),12.0,24.0,2026-02-25 11:33:17,2026-02-25 11:33:17,3.952,"{""OK"": 5}",5
2026-02-25 16:00:53,OK,Last successful venture-map run is fresh (4.46h),12.0,24.0,2026-02-25 11:33:17,2026-02-25 11:33:17,4.46,"{""OK"": 5}",5
2026-02-25 16:30:38,OK,Last successful venture-map run is fresh (4.96h),12.0,24.0,2026-02-25 11:33:17,2026-02-25 11:33:17,4.956,"{""OK"": 5}",5
2026-02-25 17:00:27,OK,Last successful venture-map run is fresh (5.45h),12.0,24.0,2026-02-25 11:33:17,2026-02-25 11:33:17,5.453,"{""OK"": 5}",5
2026-02-25 17:31:32,OK,Last successful venture-map run is fresh (5.97h),12.0,24.0,2026-02-25 11:33:17,2026-02-25 11:33:17,5.971,"{""OK"": 5}",5
2026-02-25 18:05:23,OK,Last successful venture-map run is fresh (0.00h),12.0,24.0,2026-02-25 18:05:23,2026-02-25 18:05:23,0.0,"{""OK"": 7}",7
2026-02-25 18:30:53,OK,Last successful venture-map run is fresh (0.42h),12.0,24.0,2026-02-25 18:05:23,2026-02-25 18:05:23,0.425,"{""OK"": 7}",7
2026-02-25 19:00:27,OK,Last successful venture-map run is fresh (0.92h),12.0,24.0,2026-02-25 18:05:23,2026-02-25 18:05:23,0.918,"{""OK"": 7}",7
2026-02-25 19:30:27,OK,Last successful venture-map run is fresh (1.42h),12.0,24.0,2026-02-25 18:05:23,2026-02-25 18:05:23,1.418,"{""OK"": 7}",7
2026-02-25 20:00:28,OK,Last successful venture-map run is fresh (1.92h),12.0,24.0,2026-02-25 18:05:23,2026-02-25 18:05:23,1.918,"{""OK"": 7}",7
2026-02-25 20:30:28,OK,Last successful venture-map run is fresh (2.42h),12.0,24.0,2026-02-25 18:05:23,2026-02-25 18:05:23,2.418,"{""OK"": 7}",7
