alpha_id,source,source_url,category,tactic,roi_potential,priority,status,applicable_methods,applicable_niches,synergy_score,reviewer_notes,quality_issues,engagement_authenticity,earnings_verified,extracted_method,compliance_notes,date_added
ALPHA10610,Product Hunt,https://www.producthunt.com/products/createos,"TOOL_ALPHA","CreateOS: unified workspace to build/deploy/scale apps from any AI coding tool. Zero-friction deployment: hit deploy and get a URL. No pipelines or YAML. Revenue marketplace built into core infra. 509 PH upvotes on launch day (Feb 4 2026).",HIGHEST,NOW,PENDING_REVIEW,"MM001_APP_FACTORY,MM027_MICRO_SAAS,MM050_MCP_SERVER_PRODUCTS","N001_AI_UTILITIES,N016_TECH",92,"Top PH product Feb 4. Solves the messy middle between AI prototyping and deployment. Direct competitor to Vercel but with built-in monetization layer. Could replace our deployment workflow entirely.",NONE,AUTHENTIC,N/A,"Use CreateOS to deploy apps built with Claude Code/Cursor without DevOps overhead. Template marketplace = potential revenue stream for selling app templates.",NONE,2026-02-05
ALPHA10611,Product Hunt,https://www.genstore.ai/,"ECOM_ARB","Genstore.ai: AI-native ecommerce. Describe store idea in prompt and get complete storefront in 2 minutes. Autonomous AI agent teams handle design/products/SEO/analytics. #1 PH Product of Day. $10M seed. Beta users already processed $2.3M GMV. 387 PH upvotes.",HIGHEST,NOW,PENDING_REVIEW,"MM022_ECOM_DROPSHIP,MM023_ECOM_ARB,MM024_PRINT_ON_DEMAND,MM069_AI_GENERATED_MERCH","N001_AI_UTILITIES,ALL_NICHES",88,"Extremely relevant. Could spin up niche storefronts (faith merch/fitness gear/tech accessories) in minutes instead of hours. $2.3M GMV from beta validates demand. Agent team architecture is novel. 4 specialized AI agents: Design/Product/Launch/Analytics.",NONE,AUTHENTIC,TRUE,"Prompt-to-storefront in 2 min. Use for rapid A/B testing of niche ecom concepts. Stack with POD suppliers for zero-inventory model.",FTC disclosure needed for AI-generated product descriptions,2026-02-05
ALPHA10612,Product Hunt / Vercel,https://hunted.space/history,"TOOL_ALPHA","v0 by Vercel: now full-stack vibe coding platform (not just UI). 290 PH upvotes Feb 5. Generates complete apps from prompts with backend/database/auth included. Major upgrade from UI-only tool.",HIGH,NOW,PENDING_REVIEW,"MM001_APP_FACTORY,MM027_MICRO_SAAS,MM028_LOCAL_LEAD_GEN","N001_AI_UTILITIES,N016_TECH",85,"v0 upgraded from frontend-only to full-stack. Combined with Vercel deployment this is end-to-end app building. Direct competition with Replit/Bolt/Lovable. Test for rapid MVP creation.",NONE,AUTHENTIC,N/A,"Use v0 for rapid full-stack MVP prototyping. Compare speed/quality vs Claude Code + manual deploy vs Replit mobile apps.",NONE,2026-02-05
ALPHA10613,Product Hunt,https://supaboard.ai/,"TOOL_ALPHA","Supaboard 2.0: agentic BI tool. Ask questions in plain English and get accurate answers from data. Connects to 600+ sources. Custom agents follow your business logic. 440 PH upvotes Feb 5 (trending #1).",HIGH,SOON,PENDING_REVIEW,"MM027_MICRO_SAAS,MM058_CURATED_DATA_PRODUCTS","N001_AI_UTILITIES,N016_TECH",72,"Could use for our own analytics dashboard replacement. Also a model to study for building data products. Plain-English querying of business data is exactly what solopreneurs need. Free tier available.",NONE,AUTHENTIC,N/A,"Connect Supaboard to our LEDGER CSVs or financial trackers for instant BI dashboards. Also study their monetization model for our data product ideas.",NONE,2026-02-05
ALPHA10614,Mistral AI,https://mistral.ai/news/voxtral-transcribe-2,"TOOL_ALPHA","Voxtral Transcribe 2: open-source (Apache 2.0) real-time speech-to-text. Sub-200ms latency. Speaker diarization. 13 languages. $0.003/min (cheapest in market). 4% word error rate. Launched Feb 4 2026.",HIGHEST,NOW,PENDING_REVIEW,"MM051_AI_AUTOMATION_AGENCY,MM066_CUSTOM_GPT_BUSINESS,MM067_AI_MUSIC_PRODUCTION","N001_AI_UTILITIES,ALL_NICHES",90,"Game-changing for voice-to-text workflows. Apache 2.0 = can run on-device. $0.003/min is 10x cheaper than Whisper API. Real-time mode enables voice agents. Diarization enables meeting transcription products. Can build transcription SaaS or integrate into cold calling VA workflow.",NONE,AUTHENTIC,N/A,"Build voice-to-content pipeline: speak ideas -> Voxtral transcribes -> Claude refines -> auto-post. Also enables AI cold calling transcription and meeting summarizer products.",NONE,2026-02-05
ALPHA10615,Higgsfield,https://higgsfield.ai/vibe-motion,"TOOL_ALPHA","Higgsfield Vibe Motion: AI motion design. Upload logo/brand assets and generate professional animations in 10 min for ~$10 vs agencies charging $10K+. Claude-powered. Editable output (not flat video). Free tier available. Launched Feb 5 2026.",HIGH,NOW,PENDING_REVIEW,"MM008_UGC_ARBITRAGE,MM009_AI_INFLUENCER,CF001_RELAX,CF006_CLIPS","N001_AI_UTILITIES,ALL_NICHES",85,"Massive cost reduction for motion graphics. $10 vs $10K. Could generate animated logos and branded content for all niche accounts. Editable output means we can iterate. Claude-powered so quality should be high. Free tier for testing.",NONE,AUTHENTIC,N/A,"Use for: animated logo reveals for all apps/brands. Social media motion graphics. Product promo videos. Ad creative generation. Stack with Kling/HeyGen for full video pipeline.",NONE,2026-02-05
ALPHA10616,Replit,https://replit.com/mobile-apps,"PLATFORM_ARBITRAGE","Replit Mobile Apps: vibe code iOS apps from text prompts. React Native + Expo under hood. Scan QR to test. Direct App Store submission. Transparent build process. No Xcode required. Launched Jan 2026.",HIGH,NOW,PENDING_REVIEW,"MM001_APP_FACTORY,MM027_MICRO_SAAS","N001_AI_UTILITIES,N002_FAITH,N003_FITNESS,N004_PET",88,"Could 10x our app factory velocity. Describe app -> build -> test on phone -> submit to App Store. Compare quality vs our Claude Code builds. React Native means cross-platform. Key question: does output quality match hand-coded apps?",NONE,AUTHENTIC,N/A,"Test Replit Mobile Apps for rapid app prototyping. Build a simple utility app and compare time/quality vs current Claude Code workflow. If quality sufficient could shift app factory to this pipeline.",NONE,2026-02-05
ALPHA10617,Indie Hackers,https://www.indiehackers.com/post/tech/from-failed-app-to-30-app-portfolio-making-22k-mo-in-less-than-a-year-myy3U7K9evxGOVOHti8s,"APP_FACTORY","Max Artemov: 30-app portfolio making $22K/mo. Grew from $130 MRR to $25K in one year. Key strategy: ASO-first (not paid ads) + lightweight utility apps + let user feedback guide features. Plans to 5x to $100K MRR in 2026. Diversifying into SaaS.",HIGHEST,NOW,PENDING_REVIEW,"MM001_APP_FACTORY","N001_AI_UTILITIES,N002_FAITH,N003_FITNESS,ALL_NICHES",95,"Exact validation of our APP_FACTORY portfolio strategy. $22K/mo from 30 apps = ~$733/app/mo average. ASO-first approach matches our GTM. Key insight: lightweight utility apps beat complex apps. DIRECTLY applicable to our PrayerLock/WalkToUnlock/StudyLock portfolio approach.",NONE,AUTHENTIC,TRUE,"Build 20-30 lightweight utility apps across niches. Focus ASO. Let user reviews guide feature expansion. Target $500-1000/mo per app. Portfolio diversification reduces single-app risk.",NONE,2026-02-05
ALPHA10618,Indie Hackers,https://www.indiehackers.com/post/tech/from-0-to-62k-mrr-in-three-months-mUPVSYOlJAC2iogGK7d4,"MONETIZATION","$0 to $62K MRR in 3 months. Requires: clear product-market fit + focused target audience + fast execution + consistent lead gen + strong value messaging + quick customer onboarding.",HIGH,NOW,PENDING_REVIEW,"MM027_MICRO_SAAS,MM001_APP_FACTORY,MM051_AI_AUTOMATION_AGENCY","N001_AI_UTILITIES,N016_TECH",78,"Speed-to-PMF case study. $62K/mo in 90 days. Need to dig deeper into exact product/method but the pattern is clear: narrow audience + fast execution + consistent lead gen. Applies to our AI automation agency and micro-SaaS methods.",earnings claim needs source verification,AUTHENTIC,FALSE,"Narrow target audience. Ship fast. Lead gen from day 1. Strong value messaging. Quick onboarding reduces churn.",NONE,2026-02-05
ALPHA10619,Indie Hackers,https://www.indiehackers.com/post/tech/growing-a-portfolio-of-mobile-apps-to-185k-mo-hZ4hqICtByIljkiJECQv,"APP_FACTORY","Connor Burd: mobile app portfolio at $185K/mo. Portfolio approach validated at massive scale. Combined with Max's $22K/mo story this confirms multi-app portfolios as proven revenue model in 2026.",HIGHEST,NOW,PENDING_REVIEW,"MM001_APP_FACTORY","ALL_NICHES",95,"$185K/mo from mobile app portfolio. This is the ceiling case for our APP_FACTORY strategy. Even 10% of this ($18.5K/mo) would be life-changing. Need to study his specific app categories and monetization mix.",round number but Indie Hackers community validated,AUTHENTIC,FALSE,"Scale app portfolio aggressively. Focus on utility apps across niches. ASO-first distribution. Portfolio diversification.",NONE,2026-02-05
ALPHA10620,Typefully / SocialWick,https://typefully.com/blog/x-algorithm-open-source,"PLATFORM_META","X/Twitter Algorithm Jan 2026 update: Grok-powered transformer architecture. Bookmarks carry 5x multiplier (+10 vs +0.5 for likes). Premium subs get +4 to +16 boost. Grok monitors tone: positive/constructive gets wider distribution. Negative/combative gets suppressed even with high engagement. Short tweets (71-100 chars) get 17% higher engagement. Video tweets get 10x engagement.",HIGHEST,NOW,PENDING_REVIEW,"CF001-CF013,MM009_AI_INFLUENCER,AI001-AI008","ALL_NICHES",98,"CRITICAL platform meta update. Direct implications: (1) Optimize for BOOKMARKS not likes (5x weight). (2) Keep positive tone (Grok penalizes negativity). (3) Video in every post (10x boost). (4) Short punchy tweets (71-100 chars). (5) Get Premium for algorithmic boost. This changes our entire X content strategy.",NONE,AUTHENTIC,N/A,"Restructure X posting: add bookmark-worthy value (save-able tips/lists). Keep tone constructive not combative. Add video to posts. Keep tweets 71-100 chars. Get X Premium for +4 to +16 boost.",NONE,2026-02-05
ALPHA10621,OpusClip / Buffer / Socialync,https://www.opus.pro/blog/tiktoks-new-algorithm-2026,"PLATFORM_META","TikTok 2026 Algorithm: Follower-first testing (shows to followers before going wider). 70% completion rate bar (up from before). Shares/saves weighted far above likes. 60-180 second content sweet spot. Rewatch rate = massive visibility boost. TikTok becoming search engine: keywords in captions boost visibility 20-40%.",HIGHEST,NOW,PENDING_REVIEW,"CF001-CF013,MM009_AI_INFLUENCER,MM016_TIKTOK_SHOP","ALL_NICHES",96,"Major TikTok meta shift. Key actions: (1) Build real followers first (follower-first testing). (2) Target 70%+ completion rate. (3) Optimize for shares/saves not likes. (4) 60-180 sec videos. (5) Create rewatchable content (loops/reveals). (6) SEO-optimize captions with keywords. This favors quality over spam.",NONE,AUTHENTIC,N/A,"Create 60-180 sec high-retention videos. Optimize for completion rate (hook in first 2 sec). Add keywords to captions for search. Create loop-worthy content for rewatch signals. Build follower base before going viral.",NONE,2026-02-05
ALPHA10622,Buffer / SproutSocial,https://buffer.com/resources/instagram-algorithms/,"PLATFORM_META","Instagram 2026: Shifted to rewarding original creators and penalizing content aggregators. Views now primary metric across all formats. Watch time + likes per reach + sends per reach are top 3 signals. Reels 2.46% engagement rate. 3-min Reels now recommended in Explore. Sends/shares most important signal.",HIGH,NOW,PENDING_REVIEW,"CF001-CF013,MM009_AI_INFLUENCER","ALL_NICHES",90,"Instagram penalizing aggregator accounts = risk for content farm approach. Must create ORIGINAL content not reposts. Sends/shares > likes. 3-min Reels now viable (was previously penalized). Key shift: create content people SEND to friends.",NONE,AUTHENTIC,N/A,"Create original content (not reposts from other platforms). Optimize for sends: make content people want to share via DM. 3-min Reels now viable for tutorials/behind-scenes. Track sends per reach as key metric.",Content must be original or risk suppression,2026-02-05
ALPHA10623,SocialBee / Miraflow,https://socialbee.com/blog/youtube-algorithm/,"PLATFORM_META","YouTube 2026: Shorts now up to 3 min (was 60 sec). New search filter lets users EXCLUDE Shorts. Satisfaction-weighted discovery replaces pure engagement metrics. Completion rate + watch time influence Shorts RPM. Shorts-to-longform traffic flow intentionally boosted by algo.",HIGH,NOW,PENDING_REVIEW,"MM014_YOUTUBE_LONGFORM,MM029_FACELESS_YOUTUBE,CF012_YOUTUBE_SHORTS","ALL_NICHES",88,"Key changes: (1) 3-min Shorts = more storytelling room. (2) Users can filter OUT Shorts from search = less discoverability but higher intent. (3) Satisfaction > engagement = quality over clickbait. (4) Shorts as funnel to longform is algorithmically supported. Strategy: use Shorts to hook -> drive to longform.",NONE,AUTHENTIC,N/A,"Create 3-min Shorts with story arc. Use Shorts as top-of-funnel to drive longform views. Focus on satisfaction signals not clickbait. Completion rate matters more for RPM.",NONE,2026-02-05
ALPHA10624,Wispr Flow,https://wisprflow.ai,"TOOL_ALPHA","Wispr Flow: AI dictation with auto-editing. 97.2% accuracy. Removes filler words/adds punctuation automatically. Whisper mode for quiet environments. 80% reduction in post-dictation editing. 2000-word doc needs ~3 min cleanup vs 20 min with standard dictation. $15/mo Pro. Free tier: 2000 words/week.",HIGH,SOON,PENDING_REVIEW,"MM051_AI_AUTOMATION_AGENCY,MM066_CUSTOM_GPT_BUSINESS","N001_AI_UTILITIES,N016_TECH",70,"Useful productivity tool. 4x faster than typing. Auto-editing removes the main pain of dictation. Could speed up content generation significantly. Privacy concern: cloud-processed voice data. Free tier sufficient for testing.",Privacy concerns noted - cloud processing,AUTHENTIC,N/A,"Use Wispr Flow for rapid content drafting: speak ideas -> auto-cleaned text -> Claude refinement -> publish. Could 4x content output speed.",Review privacy policy before using for sensitive content,2026-02-05
ALPHA10625,YC / Superframeworks,https://superframeworks.com/articles/yc-rfs-startup-ideas-indie-hackers-2026,"MONETIZATION","YC Spring 2026 RFS highlights AI-powered agencies as #1 opportunity for solo founders. Don't sell AI tool access for $50/mo. Use AI yourself and sell finished work for $5K. Example: AI legal docs for startups. Law firms charge $500/hr for work AI does in minutes. 8 categories total including AI dev tools and government AI.",HIGHEST,NOW,PENDING_REVIEW,"MM051_AI_AUTOMATION_AGENCY,MM005_AGENCY_SERVICES,MM062_FRACTIONAL_EXEC_SERVICE","N001_AI_UTILITIES,N016_TECH",92,"YC explicitly validating our AI automation agency method (MM051). The key insight: sell RESULTS not tool access. Charge $5K for what AI produces in minutes. Legal docs/compliance/audits are highest-margin applications. This is the clearest signal from YC about what works for solo founders in 2026.",NONE,AUTHENTIC,N/A,"Launch AI-powered agency: pick one vertical (legal/compliance/design). Use Claude to produce deliverables. Charge $2-5K per project. Don't build a SaaS: sell the OUTPUT.",NONE,2026-02-05
ALPHA10626,WebKarobar / Nucamp,https://webkarobar.net/app-monetization-in-2026/,"MONETIZATION","Vibe coding monetization 2026: custom builds $300-800. Micro-SaaS $5-15/mo targeting 10-20 users. Internal tools $300-1000 + $50-100/mo maintenance. 95% of apps are free = monetize post-install. Replit + Stripe integration enables instant monetization. Global app downloads hit 181B in 2026.",HIGH,SOON,PENDING_REVIEW,"MM001_APP_FACTORY,MM027_MICRO_SAAS","N001_AI_UTILITIES,ALL_NICHES",80,"Vibe coding is creating a new class of app builders. The pricing tiers are useful benchmarks. Custom builds at $300-800 are the quickest cash. Micro-SaaS at $5-15/mo is the recurring play. Internal tools with maintenance = hybrid model. 181B downloads = massive addressable market.",NONE,AUTHENTIC,N/A,"Use vibe coding tools (Replit/Cursor/Claude Code) to build custom apps for clients at $300-800. Simultaneously build own micro-SaaS portfolio at $5-15/mo. Stack custom work for cash + SaaS for recurring.",NONE,2026-02-05
ALPHA10627,GitHub / opensourceboilerplates.com,https://github.com/EinGuterWaran/awesome-opensource-boilerplates,"APP_FACTORY","Open SaaS (Wasp framework) = 10K+ GitHub stars. Free MIT-licensed SaaS boilerplate with React/Node/Prisma. Saasfly = MIT Next.js enterprise boilerplate. Nextacular = MIT multi-tenant SaaS starter. ixartz SaaS-Boilerplate = Next.js + Tailwind + Shadcn + Auth + Multi-tenancy + i18n. All production-ready and free.",HIGH,NOW,PENDING_REVIEW,"MM001_APP_FACTORY,MM027_MICRO_SAAS,MM004_SAAS","N001_AI_UTILITIES,N016_TECH",85,"Stop building from scratch. These MIT boilerplates have auth/payments/multi-tenancy/i18n built in. Open SaaS at 10K stars is community-validated. Clone + customize + ship. Could cut app development time by 60-80% for SaaS products.",NONE,AUTHENTIC,N/A,"Fork Open SaaS or ixartz boilerplate. Add niche-specific features. Deploy on Vercel or CreateOS. Ship micro-SaaS products 3-5x faster than building from scratch.",NONE,2026-02-05
ALPHA10628,n8n / ParallelLabs,https://parallellabs.app/200-free-n8n-workflow-templates-that-save-solopreneurs-100-hours-monthly-without-writing-a-single-line-of-code/,"TOOL_ALPHA","n8n: 200+ free workflow templates for solopreneurs. 600+ AI automation templates. 5288 community AI workflows. Free tier: 2500 executions/mo. One consultant saves 12 hrs/week automating client reports. Self-hostable. Connects to 600+ sources. Open source.",HIGH,NOW,PENDING_REVIEW,"MM051_AI_AUTOMATION_AGENCY,MM027_MICRO_SAAS","N001_AI_UTILITIES,ALL_NICHES",88,"n8n is the automation backbone we need. 200+ ready templates means we don't build from scratch. Self-hostable = no vendor lock-in. Key use cases: auto-post content across platforms + auto-generate reports + lead nurture sequences + data pipeline from LEDGER CSVs. 2500 free executions/mo is enough to start.",NONE,AUTHENTIC,N/A,"Deploy n8n self-hosted. Set up: (1) content auto-posting across platforms (2) lead nurture email sequences (3) alpha staging pipeline automation (4) financial tracker auto-updates. Use community templates as starting point.",NONE,2026-02-05
ALPHA10629,Entrepreneur.com,https://www.entrepreneur.com/science-technology/7-ai-tools-solopreneurs-need-for-2026-to-hit-7-figures/499925,"MONETIZATION","Complete solopreneur AI stack costs $3K-12K/year. AI automates 10-40% of workday. Key tools: Claude/ChatGPT for content. Midjourney for visuals. Zapier/Make for automation. QuickBooks + Intuit Assist for AI bookkeeping. Motion/Reclaim for scheduling. Stack enables 7-figure solo operations.",MEDIUM,BACKLOG,PENDING_REVIEW,"MM051_AI_AUTOMATION_AGENCY,ALL","ALL_NICHES",65,"Useful as benchmark for tool spend budgeting. $3K-12K/yr = $250-1000/mo on tools. Our Tier 0 at $230/mo is well within range. The 10-40% automation stat is useful for service pricing: if we save clients 40% of their time that's worth 40% of their salary equivalent.",generic advice but useful benchmarks,AUTHENTIC,N/A,"Use the 10-40% automation stat for agency pricing justification. Benchmark our tool spend against $3K-12K/yr range. Stack: Claude + Midjourney + n8n + QuickBooks.",NONE,2026-02-05
ALPHA10630,PrometAI / Entrepreneur.com,https://www.entrepreneur.com/growing-a-business/7-ai-tools-that-run-a-one-person-business-in-2026-no/501943,"MONETIZATION","AI-powered agency model is fastest path to revenue: use AI to deliver professional services at SOFTWARE margins. Sell finished work for $5K not tool access for $50/mo. One creator made $4.2M revenue with 98% profit margin and 0 employees by repurposing writing into multiple formats (YouTube/newsletters/podcasts/books).",HIGHEST,NOW,PENDING_REVIEW,"MM051_AI_AUTOMATION_AGENCY,MM005_AGENCY_SERVICES,MM002_INFO_PRODUCTS","N001_AI_UTILITIES,N016_TECH",92,"$4.2M at 98% margin with 0 employees. That's our endgame model. The repurposing engine (write once -> YouTube/newsletter/podcast/book) is exactly our Zero Waste Protocol. This validates the entire PRINTMAXX content multiplication strategy.",earnings claim from Entrepreneur.com - more credible source,AUTHENTIC,FALSE,"Implement full content repurposing: one piece of research -> X post -> thread -> Medium article -> newsletter -> Gumroad PDF -> YouTube script -> podcast episode. AI-powered agency for immediate cash flow.",NONE,2026-02-05
ALPHA10631,The Register / Anthropic,https://www.theregister.com/2026/01/26/claude_mcp_apps_arrives/,"TOOL_ALPHA","Claude MCP Apps: Anthropic now supports UI elements within Claude chat window. Charts/forms/dashboards/interactive elements rendered inline. Launch partners: Amplitude/Asana/Box/Canva/Clay/Figma/Hex/monday.com/Slack. Tool Search reduces context usage by 95% via lazy loading.",HIGH,SOON,PENDING_REVIEW,"MM050_MCP_SERVER_PRODUCTS,MM066_CUSTOM_GPT_BUSINESS","N001_AI_UTILITIES,N016_TECH",80,"MCP Apps = Claude can now render interactive UIs in chat. This enables building dashboard products/form builders/data viz tools as MCP servers. Tool Search lazy loading = massive context savings (95% reduction). Our MCP product opportunity just expanded: build MCP servers that render interactive UIs.",NONE,AUTHENTIC,N/A,"Build MCP servers with interactive UI components. Sell as products or use internally for quant dashboard. Tool Search enables more tools without context bloat. Explore Clay/Figma/Amplitude MCP integrations.",NONE,2026-02-05
ALPHA10632,wearefounders.uk,https://www.wearefounders.uk/the-30-highest-valued-solo-startups-of-2026/,"MONETIZATION","30 highest-valued solo startups of 2026. Companies reaching $1M+ ARR with 0-3 employees. Era of billion-dollar company with single employee. Solo founders leveraging AI to deliver at scale without hiring.",HIGH,BACKLOG,PENDING_REVIEW,"MM004_SAAS,MM027_MICRO_SAAS,MM051_AI_AUTOMATION_AGENCY","N001_AI_UTILITIES,N016_TECH",75,"Aspirational case studies. Need to dig into specific companies/methods. The trend is clear: AI enables solo founders to operate at scale previously requiring teams. $1M ARR with 0 employees is the new benchmark.",NONE,AUTHENTIC,FALSE,"Study the 30 companies for patterns: what verticals/business models enable $1M+ ARR solo. Likely patterns: SaaS + AI automation + content repurposing + community.",NONE,2026-02-05
